item,idx,token,surprisal
1,1,The,11.12144660949707
1,2,boy,12.784378051757812
1,3,will,7.647106170654297
1,4,eat,9.887272834777832
1,5,the,3.05696177482605
1,6,cake,5.960749626159668
2,1,The,11.12144660949707
2,2,boy,12.784378051757812
2,3,will,7.647106170654297
2,4,eat,9.887272834777832
2,5,the,3.05696177482605
2,6,toy,11.16135025024414
2,7,car,9.053643226623535
3,1,The,11.12144660949707
3,2,boy,12.784378051757812
3,3,will,7.647106170654297
3,4,eat,9.887272834777832
3,5,the,3.05696177482605
3,6,ball,11.155671119689941
4,1,The,11.12144660949707
4,2,boy,12.784378051757812
4,3,will,7.647106170654297
4,4,eat,9.887272834777832
4,5,the,3.05696177482605
4,6,toy,11.16135025024414
4,7,train,11.79020881652832
5,1,The,11.12144660949707
5,2,boy,12.784378051757812
5,3,will,7.647106170654297
5,4,move,9.316312789916992
5,5,the,6.842218399047852
5,6,cake,12.443126678466797
6,1,The,11.12144660949707
6,2,boy,12.784378051757812
6,3,will,7.647106170654297
6,4,move,9.316312789916992
6,5,the,6.842218399047852
6,6,toy,8.239859580993652
6,7,car,6.887960910797119
7,1,The,11.12144660949707
7,2,boy,12.784378051757812
7,3,will,7.647106170654297
7,4,move,9.316312789916992
7,5,the,6.842218399047852
7,6,ball,4.953268527984619
8,1,The,11.12144660949707
8,2,boy,12.784378051757812
8,3,will,7.647106170654297
8,4,move,9.316312789916992
8,5,the,6.842218399047852
8,6,toy,8.239859580993652
8,7,train,8.637825012207031
9,1,The,11.12144660949707
9,2,woman,11.478939056396484
9,3,will,8.482856750488281
9,4,drink,11.929903030395508
9,5,the,3.250049352645874
9,6,wine,4.401484489440918
10,1,The,11.12144660949707
10,2,woman,11.478939056396484
10,3,will,8.482856750488281
10,4,drink,11.929903030395508
10,5,the,3.250049352645874
10,6,cheese,12.2880859375
11,1,The,11.12144660949707
11,2,woman,11.478939056396484
11,3,will,8.482856750488281
11,4,drink,11.929903030395508
11,5,the,3.250049352645874
11,6,lipstick,14.741962432861328
12,1,The,11.12144660949707
12,2,woman,11.478939056396484
12,3,will,8.482856750488281
12,4,drink,11.929903030395508
12,5,the,3.250049352645874
12,6,chair,15.609139442443848
13,1,The,11.12144660949707
13,2,woman,11.478939056396484
13,3,will,8.482856750488281
13,4,drink,11.929903030395508
13,5,the,3.250049352645874
13,6,plant,11.812126159667969
14,1,The,11.12144660949707
14,2,woman,11.478939056396484
14,3,will,8.482856750488281
14,4,try,8.919331550598145
14,5,the,7.6440277099609375
14,6,wine,10.704473495483398
15,1,The,11.12144660949707
15,2,woman,11.478939056396484
15,3,will,8.482856750488281
15,4,try,8.919331550598145
15,5,the,7.6440277099609375
15,6,cheese,12.465576171875
16,1,The,11.12144660949707
16,2,woman,11.478939056396484
16,3,will,8.482856750488281
16,4,try,8.919331550598145
16,5,the,7.6440277099609375
16,6,lipstick,14.274944305419922
17,1,The,11.12144660949707
17,2,woman,11.478939056396484
17,3,will,8.482856750488281
17,4,try,8.919331550598145
17,5,the,7.6440277099609375
17,6,chair,11.308157920837402
18,1,The,11.12144660949707
18,2,woman,11.478939056396484
18,3,will,8.482856750488281
18,4,try,8.919331550598145
18,5,the,7.6440277099609375
18,6,plant,12.48538875579834
19,1,The,11.12144660949707
19,2,policeman,16.5172119140625
19,3,will,8.185661315917969
19,4,arrest,8.27928638458252
19,5,the,2.081048011779785
19,6,man,3.3686656951904297
20,1,The,11.12144660949707
20,2,policeman,16.5172119140625
20,3,will,8.185661315917969
20,4,arrest,8.27928638458252
20,5,the,2.081048011779785
20,6,car,8.44023323059082
21,1,The,11.12144660949707
21,2,policeman,16.5172119140625
21,3,will,8.185661315917969
21,4,arrest,8.27928638458252
21,5,the,2.081048011779785
21,6,dust,21.131925582885742
21,7,bin,3.022191286087036
22,1,The,11.12144660949707
22,2,policeman,16.5172119140625
22,3,will,8.185661315917969
22,4,arrest,8.27928638458252
22,5,the,2.081048011779785
22,6,houses,16.525047302246094
23,1,The,11.12144660949707
23,2,policeman,16.5172119140625
23,3,will,8.185661315917969
23,4,arrest,8.27928638458252
23,5,the,2.081048011779785
23,6,cat,12.58714485168457
24,1,The,11.12144660949707
24,2,policeman,16.5172119140625
24,3,will,8.185661315917969
24,4,search,9.669478416442871
24,5,the,1.743680477142334
24,6,man,7.143258571624756
25,1,The,11.12144660949707
25,2,policeman,16.5172119140625
25,3,will,8.185661315917969
25,4,search,9.669478416442871
25,5,the,1.743680477142334
25,6,car,4.250857353210449
26,1,The,11.12144660949707
26,2,policeman,16.5172119140625
26,3,will,8.185661315917969
26,4,search,9.669478416442871
26,5,the,1.743680477142334
26,6,dust,16.425851821899414
26,7,bin,4.482132911682129
27,1,The,11.12144660949707
27,2,policeman,16.5172119140625
27,3,will,8.185661315917969
27,4,search,9.669478416442871
27,5,the,1.743680477142334
27,6,houses,8.095035552978516
28,1,The,11.12144660949707
28,2,policeman,16.5172119140625
28,3,will,8.185661315917969
28,4,search,9.669478416442871
28,5,the,1.743680477142334
28,6,cat,12.500795364379883
29,1,The,11.12144660949707
29,2,woman,11.478939056396484
29,3,will,8.482856750488281
29,4,bat,13.916646003723145
29,5,he,0.15420715510845184
29,6,the,3.7596280574798584
29,7,baby,4.59847354888916
30,1,The,11.12144660949707
30,2,woman,11.478939056396484
30,3,will,8.482856750488281
30,4,bat,13.916646003723145
30,5,he,0.15420715510845184
30,6,the,3.7596280574798584
30,7,plant,10.797135353088379
31,1,The,11.12144660949707
31,2,woman,11.478939056396484
31,3,will,8.482847213745117
31,4,bat,13.916629791259766
31,5,he,0.1542099416255951
31,6,the,3.759619951248169
31,7,rocking,18.48946189880371
31,8,-,6.846329212188721
31,9,horse,6.55985164642334
32,1,The,11.12144660949707
32,2,woman,11.478939056396484
32,3,will,8.482856750488281
32,4,bat,13.916646003723145
32,5,he,0.15420715510845184
32,6,the,3.7596280574798584
32,7,stool,15.99244213104248
33,1,The,11.12144660949707
33,2,woman,11.478939056396484
33,3,will,8.482856750488281
33,4,touch,13.234769821166992
33,5,the,1.9829267263412476
33,6,baby,7.07523775100708
34,1,The,11.12144660949707
34,2,woman,11.478939056396484
34,3,will,8.482856750488281
34,4,touch,13.234769821166992
34,5,the,1.9829267263412476
34,6,plant,11.5224609375
35,1,The,11.12144660949707
35,2,woman,11.478939056396484
35,3,will,8.482847213745117
35,4,touch,13.234796524047852
35,5,the,1.9829378128051758
35,6,rocking,16.197858810424805
35,7,-,7.583899021148682
35,8,horse,7.416624069213867
36,1,The,11.12144660949707
36,2,woman,11.478939056396484
36,3,will,8.482856750488281
36,4,touch,13.234769821166992
36,5,the,1.9829267263412476
36,6,stool,11.98525619506836
37,1,The,11.12144660949707
37,2,boy,12.784378051757812
37,3,will,7.647106170654297
37,4,bounce,12.665642738342285
37,5,the,6.977618217468262
37,6,ball,1.377359390258789
38,1,The,11.12144660949707
38,2,boy,12.784378051757812
38,3,will,7.647106170654297
38,4,bounce,12.665642738342285
38,5,the,6.977618217468262
38,6,paper,10.838088989257812
38,7,plane,10.909187316894531
39,1,The,11.12144660949707
39,2,boy,12.784378051757812
39,3,will,7.647114276885986
39,4,bounce,12.665639877319336
39,5,the,6.977599620819092
39,6,shuttle,14.568961143493652
39,7,-,7.028156280517578
39,8,cock,6.841187000274658
40,1,The,11.12144660949707
40,2,boy,12.784378051757812
40,3,will,7.647106170654297
40,4,bounce,12.665642738342285
40,5,the,6.977618217468262
40,6,ac,13.806548118591309
40,7,orns,0.9758458137512207
41,1,The,11.12144660949707
41,2,boy,12.784378051757812
41,3,will,7.647106170654297
41,4,bounce,12.665642738342285
41,5,the,6.977618217468262
41,6,bicycle,11.183804512023926
42,1,The,11.12144660949707
42,2,boy,12.784378051757812
42,3,will,7.647106170654297
42,4,throw,12.84796142578125
42,5,the,3.125107765197754
42,6,ball,2.919701337814331
43,1,The,11.12144660949707
43,2,boy,12.784378051757812
43,3,will,7.647106170654297
43,4,throw,12.84796142578125
43,5,the,3.125107765197754
43,6,paper,8.694564819335938
43,7,plane,12.124802589416504
44,1,The,11.12144660949707
44,2,boy,12.784378051757812
44,3,will,7.647114276885986
44,4,throw,12.847947120666504
44,5,the,3.1251235008239746
44,6,shuttle,15.364812850952148
44,7,-,7.362420558929443
44,8,cock,7.920525550842285
45,1,The,11.12144660949707
45,2,boy,12.784378051757812
45,3,will,7.647106170654297
45,4,throw,12.84796142578125
45,5,the,3.125107765197754
45,6,ac,14.683039665222168
45,7,orns,0.9773186445236206
46,1,The,11.12144660949707
46,2,boy,12.784378051757812
46,3,will,7.647106170654297
46,4,throw,12.84796142578125
46,5,the,3.125107765197754
46,6,bicycle,12.599072456359863
47,1,The,11.12144660949707
47,2,h,11.752405166625977
47,3,iker,6.555068016052246
47,4,will,5.353827476501465
47,5,climb,8.423645973205566
47,6,the,2.936145544052124
47,7,mountain,3.944118022918701
48,1,The,11.12144660949707
48,2,h,11.752405166625977
48,3,iker,6.555068016052246
48,4,will,5.353827476501465
48,5,climb,8.423645973205566
48,6,the,2.936145544052124
48,7,animal,12.831785202026367
49,1,The,11.12144660949707
49,2,h,11.752405166625977
49,3,iker,6.555068016052246
49,4,will,5.353827476501465
49,5,climb,8.423645973205566
49,6,the,2.936145544052124
49,7,moon,11.940073013305664
50,1,The,11.12144660949707
50,2,h,11.752405166625977
50,3,iker,6.555065155029297
50,4,will,5.353803634643555
50,5,climb,8.42363452911377
50,6,the,2.9361298084259033
50,7,c,10.592215538024902
50,8,actus,3.7354400157928467
51,1,The,11.12144660949707
51,2,h,11.752405166625977
51,3,iker,6.555068016052246
51,4,will,5.353827476501465
51,5,photograph,13.237255096435547
51,6,the,1.1443719863891602
51,7,mountain,7.134460926055908
52,1,The,11.12144660949707
52,2,h,11.752405166625977
52,3,iker,6.555068016052246
52,4,will,5.353827476501465
52,5,photograph,13.237255096435547
52,6,the,1.1443719863891602
52,7,animal,8.61628532409668
53,1,The,11.12144660949707
53,2,h,11.752405166625977
53,3,iker,6.555068016052246
53,4,will,5.353827476501465
53,5,photograph,13.237255096435547
53,6,the,1.1443719863891602
53,7,moon,9.174896240234375
54,1,The,11.12144660949707
54,2,h,11.752405166625977
54,3,iker,6.555065155029297
54,4,will,5.353803634643555
54,5,photograph,13.237244606018066
54,6,the,1.144382119178772
54,7,c,10.070467948913574
54,8,actus,3.8290271759033203
55,1,The,11.12144660949707
55,2,house,11.971222877502441
55,3,wife,9.38375473022461
55,4,will,8.178818702697754
55,5,fry,15.863104820251465
55,6,the,2.4906973838806152
55,7,mushrooms,8.365631103515625
56,1,The,11.12144660949707
56,2,house,11.971222877502441
56,3,wife,9.38375473022461
56,4,will,8.178818702697754
56,5,fry,15.863104820251465
56,6,the,2.4906973838806152
56,7,knife,11.63843059539795
57,1,The,11.12144660949707
57,2,house,11.971222877502441
57,3,wife,9.38375473022461
57,4,will,8.178818702697754
57,5,fry,15.863104820251465
57,6,the,2.4906973838806152
57,7,jug,15.732795715332031
58,1,The,11.12144660949707
58,2,house,11.971222877502441
58,3,wife,9.383748054504395
58,4,will,8.178802490234375
58,5,fry,15.86314582824707
58,6,the,2.490694761276245
58,7,weighing,22.30698585510254
58,8,scales,3.535916805267334
59,1,The,11.12144660949707
59,2,house,11.971222877502441
59,3,wife,9.38375473022461
59,4,will,8.178818702697754
59,5,wash,12.063823699951172
59,6,the,2.1759488582611084
59,7,mushrooms,14.940042495727539
60,1,The,11.12144660949707
60,2,house,11.971222877502441
60,3,wife,9.38375473022461
60,4,will,8.178818702697754
60,5,wash,12.063823699951172
60,6,the,2.1759488582611084
60,7,knife,10.017562866210938
61,1,The,11.12144660949707
61,2,house,11.971222877502441
61,3,wife,9.38375473022461
61,4,will,8.178818702697754
61,5,wash,12.063823699951172
61,6,the,2.1759488582611084
61,7,jug,15.780363082885742
62,1,The,11.12144660949707
62,2,house,11.971222877502441
62,3,wife,9.383748054504395
62,4,will,8.178802490234375
62,5,wash,12.063787460327148
62,6,the,2.1759495735168457
62,7,weighing,21.387266159057617
62,8,scales,3.076801300048828
63,1,The,11.12144660949707
63,2,doctor,13.151188850402832
63,3,will,6.237308502197266
63,4,inject,10.861230850219727
63,5,the,1.7631771564483643
63,6,child,6.87087869644165
64,1,The,11.12144660949707
64,2,doctor,13.151188850402832
64,3,will,6.237308502197266
64,4,inject,10.861230850219727
64,5,the,1.7631771564483643
64,6,TV,14.540986061096191
64,7,monitor,8.126609802246094
65,1,The,11.12144660949707
65,2,doctor,13.151188850402832
65,3,will,6.237308502197266
65,4,inject,10.861230850219727
65,5,the,1.7631771564483643
65,6,microscope,18.134580612182617
66,1,The,11.12144660949707
66,2,doctor,13.151188850402832
66,3,will,6.237308502197266
66,4,inject,10.861230850219727
66,5,the,1.7631771564483643
66,6,books,17.06938934326172
67,1,The,11.12144660949707
67,2,doctor,13.151188850402832
67,3,will,6.237308502197266
67,4,inject,10.861230850219727
67,5,the,1.7631771564483643
67,6,toy,13.708061218261719
67,7,bear,12.24039077758789
68,1,The,11.12144660949707
68,2,doctor,13.151188850402832
68,3,will,6.237308502197266
68,4,check,6.787031173706055
68,5,the,2.1476986408233643
68,6,child,6.929441928863525
69,1,The,11.12144660949707
69,2,doctor,13.151188850402832
69,3,will,6.237308502197266
69,4,check,6.787031173706055
69,5,the,2.1476986408233643
69,6,TV,15.00515365600586
69,7,monitor,7.301486968994141
70,1,The,11.12144660949707
70,2,doctor,13.151188850402832
70,3,will,6.237308502197266
70,4,check,6.787031173706055
70,5,the,2.1476986408233643
70,6,microscope,15.694371223449707
71,1,The,11.12144660949707
71,2,doctor,13.151188850402832
71,3,will,6.237308502197266
71,4,check,6.787031173706055
71,5,the,2.1476986408233643
71,6,books,14.663741111755371
72,1,The,11.12144660949707
72,2,doctor,13.151188850402832
72,3,will,6.237308502197266
72,4,check,6.787031173706055
72,5,the,2.1476986408233643
72,6,toy,15.512955665588379
72,7,bear,14.615215301513672
73,1,The,11.12144660949707
73,2,woman,11.478939056396484
73,3,will,8.482856750488281
73,4,play,9.351274490356445
73,5,the,2.1254055500030518
73,6,piano,7.338006973266602
74,1,The,11.12144660949707
74,2,woman,11.478939056396484
74,3,will,8.482856750488281
74,4,play,9.351274490356445
74,5,the,2.1254055500030518
74,6,table,14.237796783447266
75,1,The,11.12144660949707
75,2,woman,11.478939056396484
75,3,will,8.482856750488281
75,4,play,9.351274490356445
75,5,the,2.1254055500030518
75,6,television,14.356539726257324
76,1,The,11.12144660949707
76,2,woman,11.478939056396484
76,3,will,8.482856750488281
76,4,play,9.351274490356445
76,5,the,2.1254055500030518
76,6,telephone,15.09717082977295
77,1,The,11.12144660949707
77,2,woman,11.478939056396484
77,3,will,8.482856750488281
77,4,dust,19.916854858398438
77,5,the,5.744361400604248
77,6,piano,11.108514785766602
78,1,The,11.12144660949707
78,2,woman,11.478939056396484
78,3,will,8.482856750488281
78,4,dust,19.916854858398438
78,5,the,5.744361400604248
78,6,table,7.273076057434082
79,1,The,11.12144660949707
79,2,woman,11.478939056396484
79,3,will,8.482856750488281
79,4,dust,19.916854858398438
79,5,the,5.744361400604248
79,6,television,12.12176513671875
80,1,The,11.12144660949707
80,2,woman,11.478939056396484
80,3,will,8.482856750488281
80,4,dust,19.916854858398438
80,5,the,5.744361400604248
80,6,telephone,11.758207321166992
81,1,The,11.12144660949707
81,2,woman,11.478939056396484
81,3,will,8.482856750488281
81,4,read,10.63095760345459
81,5,the,1.7166085243225098
81,6,book,4.794609069824219
82,1,The,11.12144660949707
82,2,woman,11.478939056396484
82,3,will,8.482856750488281
82,4,read,10.63095760345459
82,5,the,1.7166085243225098
82,6,door,13.011780738830566
83,1,The,11.12144660949707
83,2,woman,11.478939056396484
83,3,will,8.482856750488281
83,4,read,10.63095760345459
83,5,the,1.7166085243225098
83,6,bag,12.8760986328125
84,1,The,11.12144660949707
84,2,woman,11.478939056396484
84,3,will,8.482856750488281
84,4,read,10.63095760345459
84,5,the,1.7166085243225098
84,6,jar,18.906917572021484
85,1,The,11.12144660949707
85,2,woman,11.478939056396484
85,3,will,8.482856750488281
85,4,read,10.63095760345459
85,5,the,1.7166085243225098
85,6,cup,16.178396224975586
86,1,The,11.12144660949707
86,2,woman,11.478939056396484
86,3,will,8.482856750488281
86,4,open,11.042549133300781
86,5,the,1.952173113822937
86,6,book,7.532796859741211
87,1,The,11.12144660949707
87,2,woman,11.478939056396484
87,3,will,8.482856750488281
87,4,open,11.042549133300781
87,5,the,1.952173113822937
87,6,door,1.494450330734253
88,1,The,11.12144660949707
88,2,woman,11.478939056396484
88,3,will,8.482856750488281
88,4,open,11.042549133300781
88,5,the,1.952173113822937
88,6,bag,6.236515522003174
89,1,The,11.12144660949707
89,2,woman,11.478939056396484
89,3,will,8.482856750488281
89,4,open,11.042549133300781
89,5,the,1.952173113822937
89,6,jar,9.480213165283203
90,1,The,11.12144660949707
90,2,woman,11.478939056396484
90,3,will,8.482856750488281
90,4,open,11.042549133300781
90,5,the,1.952173113822937
90,6,cup,9.085670471191406
91,1,The,11.12144660949707
91,2,man,10.116105079650879
91,3,will,8.482647895812988
91,4,repair,13.769926071166992
91,5,the,1.3482872247695923
91,6,washing,13.267303466796875
91,7,machine,0.1482379138469696
92,1,The,11.12144660949707
92,2,man,10.116105079650879
92,3,will,8.482647895812988
92,4,repair,13.769926071166992
92,5,the,1.3482872247695923
92,6,mirror,12.080209732055664
93,1,The,11.12144660949707
93,2,man,10.116105079650879
93,3,will,8.482647895812988
93,4,repair,13.769926071166992
93,5,the,1.3482872247695923
93,6,waste,12.479253768920898
93,7,bin,11.889604568481445
94,1,The,11.12144660949707
94,2,man,10.116105079650879
94,3,will,8.482647895812988
94,4,repair,13.769926071166992
94,5,the,1.3482872247695923
94,6,dog,10.834670066833496
95,1,The,11.12144660949707
95,2,man,10.116105079650879
95,3,will,8.482647895812988
95,4,wipe,14.295394897460938
95,5,the,2.1390461921691895
95,6,washing,14.146032333374023
95,7,machine,0.4718218147754669
96,1,The,11.12144660949707
96,2,man,10.116105079650879
96,3,will,8.482647895812988
96,4,wipe,14.295394897460938
96,5,the,2.1390461921691895
96,6,mirror,10.214921951293945
97,1,The,11.12144660949707
97,2,man,10.116105079650879
97,3,will,8.482647895812988
97,4,wipe,14.295394897460938
97,5,the,2.1390461921691895
97,6,waste,11.311670303344727
97,7,bin,15.396252632141113
98,1,The,11.12144660949707
98,2,man,10.116105079650879
98,3,will,8.482647895812988
98,4,wipe,14.295394897460938
98,5,the,2.1390461921691895
98,6,dog,9.945154190063477
99,1,The,11.12144660949707
99,2,baby,12.932404518127441
99,3,will,6.489234447479248
99,4,ring,13.837928771972656
99,5,the,4.602555274963379
99,6,bell,0.8406392335891724
100,1,The,11.12144660949707
100,2,baby,12.932404518127441
100,3,will,6.489234447479248
100,4,ring,13.837928771972656
100,5,the,4.602555274963379
100,6,drum,11.642502784729004
101,1,The,11.12144660949707
101,2,baby,12.932404518127441
101,3,will,6.489234447479248
101,4,ring,13.837928771972656
101,5,the,4.602555274963379
101,6,bricks,16.352163314819336
102,1,The,11.12144660949707
102,2,baby,12.932404518127441
102,3,will,6.489234447479248
102,4,ring,13.837928771972656
102,5,the,4.602555274963379
102,6,duck,17.257051467895508
103,1,The,11.12144660949707
103,2,baby,12.932404518127441
103,3,will,6.489234447479248
103,4,kick,12.797601699829102
103,5,the,4.0962934494018555
103,6,bell,11.549885749816895
104,1,The,11.12144660949707
104,2,baby,12.932404518127441
104,3,will,6.489234447479248
104,4,kick,12.797601699829102
104,5,the,4.0962934494018555
104,6,drum,8.501681327819824
105,1,The,11.12144660949707
105,2,baby,12.932404518127441
105,3,will,6.489234447479248
105,4,kick,12.797601699829102
105,5,the,4.0962934494018555
105,6,bricks,10.586992263793945
106,1,The,11.12144660949707
106,2,baby,12.932404518127441
106,3,will,6.489234447479248
106,4,kick,12.797601699829102
106,5,the,4.0962934494018555
106,6,duck,12.631939888000488
107,1,The,11.12144660949707
107,2,man,10.116105079650879
107,3,will,8.482647895812988
107,4,sail,14.739974021911621
107,5,the,4.045642375946045
107,6,boat,5.428691387176514
108,1,The,11.12144660949707
108,2,man,10.116105079650879
108,3,will,8.482647895812988
108,4,sail,14.739974021911621
108,5,the,4.045642375946045
108,6,birds,13.502574920654297
109,1,The,11.12144660949707
109,2,man,10.116105079650879
109,3,will,8.482647895812988
109,4,sail,14.739974021911621
109,5,the,4.045642375946045
109,6,car,10.511716842651367
110,1,The,11.12144660949707
110,2,man,10.116105079650879
110,3,will,8.482647895812988
110,4,sail,14.739974021911621
110,5,the,4.045642375946045
110,6,sun,8.958887100219727
111,1,The,11.12144660949707
111,2,man,10.116105079650879
111,3,will,8.482647895812988
111,4,watch,11.0790376663208
111,5,the,2.48776912689209
111,6,boat,11.25894832611084
112,1,The,11.12144660949707
112,2,man,10.116105079650879
112,3,will,8.482647895812988
112,4,watch,11.0790376663208
112,5,the,2.48776912689209
112,6,birds,11.023126602172852
113,1,The,11.12144660949707
113,2,man,10.116105079650879
113,3,will,8.482647895812988
113,4,watch,11.0790376663208
113,5,the,2.48776912689209
113,6,car,9.678865432739258
114,1,The,11.12144660949707
114,2,man,10.116105079650879
114,3,will,8.482647895812988
114,4,watch,11.0790376663208
114,5,the,2.48776912689209
114,6,sun,8.754782676696777
115,1,The,11.12144660949707
115,2,man,10.116105079650879
115,3,will,8.482647895812988
115,4,smoke,13.763860702514648
115,5,the,3.786983013153076
115,6,cigarettes,4.713145732879639
116,1,The,11.12144660949707
116,2,man,10.116105079650879
116,3,will,8.482649803161621
116,4,smoke,13.763870239257812
116,5,the,3.786993980407715
116,6,fil,14.096515655517578
116,7,of,15.71098804473877
116,8,ax,7.544836044311523
117,1,The,11.12144660949707
117,2,man,10.116105079650879
117,3,will,8.482647895812988
117,4,smoke,13.763860702514648
117,5,the,3.786983013153076
117,6,glasses,16.25336265563965
118,1,The,11.12144660949707
118,2,man,10.116105079650879
118,3,will,8.482647895812988
118,4,smoke,13.763860702514648
118,5,the,3.786983013153076
118,6,brief,15.822785377502441
118,7,case,0.6303390264511108
119,1,The,11.12144660949707
119,2,man,10.116105079650879
119,3,will,8.482647895812988
119,4,smoke,13.763860702514648
119,5,the,3.786983013153076
119,6,clock,15.579411506652832
120,1,The,11.12144660949707
120,2,man,10.116105079650879
120,3,will,8.482647895812988
120,4,collect,11.403410911560059
120,5,the,2.356260299682617
120,6,cigarettes,12.969127655029297
121,1,The,11.12144660949707
121,2,man,10.116105079650879
121,3,will,8.482649803161621
121,4,collect,11.403421401977539
121,5,the,2.3562662601470947
121,6,fil,15.171154975891113
121,7,of,12.470992088317871
121,8,ax,6.68263578414917
122,1,The,11.12144660949707
122,2,man,10.116105079650879
122,3,will,8.482647895812988
122,4,collect,11.403410911560059
122,5,the,2.356260299682617
122,6,glasses,14.13267707824707
123,1,The,11.12144660949707
123,2,man,10.116105079650879
123,3,will,8.482647895812988
123,4,collect,11.403410911560059
123,5,the,2.356260299682617
123,6,brief,15.372559547424316
123,7,case,0.24773778021335602
124,1,The,11.12144660949707
124,2,man,10.116105079650879
124,3,will,8.482647895812988
124,4,collect,11.403410911560059
124,5,the,2.356260299682617
124,6,clock,15.584243774414062
125,1,The,11.12144660949707
125,2,boy,12.784378051757812
125,3,will,7.647106170654297
125,4,walk,8.85564136505127
125,5,the,4.814764499664307
125,6,dog,5.728428840637207
126,1,The,11.12144660949707
126,2,boy,12.784378051757812
126,3,will,7.647106170654297
126,4,walk,8.85564136505127
126,5,the,4.814764499664307
126,6,bird,14.899490356445312
127,1,The,11.12144660949707
127,2,boy,12.784378051757812
127,3,will,7.647106170654297
127,4,walk,8.85564136505127
127,5,the,4.814764499664307
127,6,pig,15.363859176635742
128,1,The,11.12144660949707
128,2,boy,12.784378051757812
128,3,will,7.647106170654297
128,4,walk,8.85564136505127
128,5,the,4.814764499664307
128,6,hen,16.685182571411133
129,1,The,11.12144660949707
129,2,boy,12.784378051757812
129,3,will,7.647106170654297
129,4,walk,8.85564136505127
129,5,the,4.814764499664307
129,6,ball,9.958112716674805
130,1,The,11.12144660949707
130,2,boy,12.784378051757812
130,3,will,7.647106170654297
130,4,feed,13.38099193572998
130,5,the,2.5713114738464355
130,6,dog,4.4998579025268555
131,1,The,11.12144660949707
131,2,boy,12.784378051757812
131,3,will,7.647106170654297
131,4,feed,13.38099193572998
131,5,the,2.5713114738464355
131,6,bird,8.100838661193848
132,1,The,11.12144660949707
132,2,boy,12.784378051757812
132,3,will,7.647106170654297
132,4,feed,13.38099193572998
132,5,the,2.5713114738464355
132,6,pig,6.8280134201049805
133,1,The,11.12144660949707
133,2,boy,12.784378051757812
133,3,will,7.647106170654297
133,4,feed,13.38099193572998
133,5,the,2.5713114738464355
133,6,hen,10.52979564666748
134,1,The,11.12144660949707
134,2,boy,12.784378051757812
134,3,will,7.647106170654297
134,4,feed,13.38099193572998
134,5,the,2.5713114738464355
134,6,ball,13.117009162902832
135,1,The,11.12144660949707
135,2,businessman,15.289458274841309
135,3,will,7.421241760253906
135,4,wear,10.151631355285645
135,5,the,2.1424477100372314
135,6,hat,7.163426876068115
136,1,The,11.12144660949707
136,2,businessman,15.289458274841309
136,3,will,7.421241760253906
136,4,wear,10.151631355285645
136,5,the,2.1424477100372314
136,6,wallet,11.333332061767578
137,1,The,11.12144660949707
137,2,businessman,15.289458274841309
137,3,will,7.421241760253906
137,4,wear,10.151631355285645
137,5,the,2.1424477100372314
137,6,folder,16.31580924987793
138,1,The,11.12144660949707
138,2,businessman,15.289458274841309
138,3,will,7.421241760253906
138,4,wear,10.151611328125
138,5,the,2.142444372177124
138,6,magn,15.098662376403809
138,7,ifying,4.851456165313721
138,8,glass,0.04345005378127098
139,1,The,11.12144660949707
139,2,businessman,15.289458274841309
139,3,will,7.421241760253906
139,4,wear,10.151631355285645
139,5,the,2.1424477100372314
139,6,chair,11.638816833496094
140,1,The,11.12144660949707
140,2,businessman,15.289458274841309
140,3,will,7.421241760253906
140,4,forget,15.303119659423828
140,5,the,2.6868693828582764
140,6,hat,11.718338966369629
141,1,The,11.12144660949707
141,2,businessman,15.289458274841309
141,3,will,7.421241760253906
141,4,forget,15.303119659423828
141,5,the,2.6868693828582764
141,6,wallet,12.752744674682617
142,1,The,11.12144660949707
142,2,businessman,15.289458274841309
142,3,will,7.421241760253906
142,4,forget,15.303119659423828
142,5,the,2.6868693828582764
142,6,folder,17.74905776977539
143,1,The,11.12144660949707
143,2,businessman,15.289458274841309
143,3,will,7.421241760253906
143,4,forget,15.303142547607422
143,5,the,2.68688702583313
143,6,magn,14.128750801086426
143,7,ifying,7.029602527618408
143,8,glass,0.08786793798208237
144,1,The,11.12144660949707
144,2,businessman,15.289458274841309
144,3,will,7.421241760253906
144,4,forget,15.303119659423828
144,5,the,2.6868693828582764
144,6,chair,13.790221214294434
145,1,The,11.12144660949707
145,2,woman,11.478939056396484
145,3,will,8.482856750488281
145,4,wear,8.133615493774414
145,5,the,2.8648197650909424
145,6,dress,4.865540981292725
146,1,The,11.12144660949707
146,2,woman,11.478939056396484
146,3,will,8.482856750488281
146,4,wear,8.133615493774414
146,5,the,2.8648197650909424
146,6,lantern,16.256956100463867
147,1,The,11.12144660949707
147,2,woman,11.478939056396484
147,3,will,8.482856750488281
147,4,wear,8.133615493774414
147,5,the,2.8648197650909424
147,6,ribbon,10.381237030029297
148,1,The,11.12144660949707
148,2,woman,11.478939056396484
148,3,will,8.482856750488281
148,4,wear,8.133615493774414
148,5,the,2.8648197650909424
148,6,backpack,11.87960433959961
149,1,The,11.12144660949707
149,2,woman,11.478939056396484
149,3,will,8.482856750488281
149,4,carry,9.141427993774414
149,5,the,3.1240668296813965
149,6,dress,10.068315505981445
150,1,The,11.12144660949707
150,2,woman,11.478939056396484
150,3,will,8.482856750488281
150,4,carry,9.141427993774414
150,5,the,3.1240668296813965
150,6,lantern,12.616817474365234
151,1,The,11.12144660949707
151,2,woman,11.478939056396484
151,3,will,8.482856750488281
151,4,carry,9.141427993774414
151,5,the,3.1240668296813965
151,6,ribbon,14.733552932739258
152,1,The,11.12144660949707
152,2,woman,11.478939056396484
152,3,will,8.482856750488281
152,4,carry,9.141427993774414
152,5,the,3.1240668296813965
152,6,backpack,8.19762897491455
153,1,The,11.12144660949707
153,2,man,10.116105079650879
153,3,will,8.482647895812988
153,4,chop,15.979503631591797
153,5,the,2.7358992099761963
153,6,wood,5.062891483306885
154,1,The,11.12144660949707
154,2,man,10.116105079650879
154,3,will,8.482647895812988
154,4,chop,15.979503631591797
154,5,the,2.7358992099761963
154,6,bucket,12.866874694824219
155,1,The,11.12144660949707
155,2,man,10.116105079650879
155,3,will,8.482647895812988
155,4,chop,15.979503631591797
155,5,the,2.7358992099761963
155,6,rope,8.507530212402344
156,1,The,11.12144660949707
156,2,man,10.116105079650879
156,3,will,8.482647895812988
156,4,chop,15.979503631591797
156,5,the,2.7358992099761963
156,6,stone,9.574703216552734
157,1,The,11.12144660949707
157,2,man,10.116105079650879
157,3,will,8.482647895812988
157,4,chop,15.979503631591797
157,5,the,2.7358992099761963
157,6,ladder,12.71972370147705
158,1,The,11.12144660949707
158,2,man,10.116105079650879
158,3,will,8.482647895812988
158,4,move,9.433430671691895
158,5,the,4.93765926361084
158,6,wood,11.282737731933594
159,1,The,11.12144660949707
159,2,man,10.116105079650879
159,3,will,8.482647895812988
159,4,move,9.433430671691895
159,5,the,4.93765926361084
159,6,bucket,11.274195671081543
160,1,The,11.12144660949707
160,2,man,10.116105079650879
160,3,will,8.482647895812988
160,4,move,9.433430671691895
160,5,the,4.93765926361084
160,6,rope,10.256730079650879
161,1,The,11.12144660949707
161,2,man,10.116105079650879
161,3,will,8.482647895812988
161,4,move,9.433430671691895
161,5,the,4.93765926361084
161,6,stone,9.17374038696289
162,1,The,11.12144660949707
162,2,man,10.116105079650879
162,3,will,8.482647895812988
162,4,move,9.433430671691895
162,5,the,4.93765926361084
162,6,ladder,10.70920181274414
163,1,The,11.12144660949707
163,2,boy,12.784378051757812
163,3,will,7.647106170654297
163,4,kick,12.884812355041504
163,5,the,2.6625161170959473
163,6,football,6.5817060470581055
164,1,The,11.12144660949707
164,2,boy,12.784378051757812
164,3,will,7.647106170654297
164,4,kick,12.884812355041504
164,5,the,2.6625161170959473
164,6,stick,10.21455192565918
165,1,The,11.12144660949707
165,2,boy,12.784378051757812
165,3,will,7.647106170654297
165,4,kick,12.884812355041504
165,5,the,2.6625161170959473
165,6,leaf,13.886626243591309
166,1,The,11.12144660949707
166,2,boy,12.784378051757812
166,3,will,7.647106170654297
166,4,kick,12.884812355041504
166,5,the,2.6625161170959473
166,6,feather,15.033951759338379
167,1,The,11.12144660949707
167,2,boy,12.784378051757812
167,3,will,7.647106170654297
167,4,touch,12.742591857910156
167,5,the,2.2427656650543213
167,6,football,11.158836364746094
168,1,The,11.12144660949707
168,2,boy,12.784378051757812
168,3,will,7.647106170654297
168,4,touch,12.742591857910156
168,5,the,2.2427656650543213
168,6,stick,10.757744789123535
169,1,The,11.12144660949707
169,2,boy,12.784378051757812
169,3,will,7.647106170654297
169,4,touch,12.742591857910156
169,5,the,2.2427656650543213
169,6,leaf,12.255992889404297
170,1,The,11.12144660949707
170,2,boy,12.784378051757812
170,3,will,7.647106170654297
170,4,touch,12.742591857910156
170,5,the,2.2427656650543213
170,6,feather,12.762882232666016
171,1,The,11.12144660949707
171,2,chef,15.876670837402344
171,3,will,6.280613899230957
171,4,slice,14.509922981262207
171,5,the,1.9449349641799927
171,6,bread,5.956939697265625
172,1,The,11.12144660949707
172,2,chef,15.876670837402344
172,3,will,6.280613899230957
172,4,slice,14.509922981262207
172,5,the,1.9449349641799927
172,6,spoon,14.372796058654785
173,1,The,11.12144660949707
173,2,chef,15.876670837402344
173,3,will,6.280613899230957
173,4,slice,14.509922981262207
173,5,the,1.9449349641799927
173,6,bowl,11.284351348876953
174,1,The,11.12144660949707
174,2,chef,15.876670837402344
174,3,will,6.280613899230957
174,4,slice,14.509922981262207
174,5,the,1.9449349641799927
174,6,spat,16.54831886291504
174,7,ula,0.48696303367614746
175,1,The,11.12144660949707
175,2,chef,15.876670837402344
175,3,will,6.280613899230957
175,4,slice,14.509922981262207
175,5,the,1.9449349641799927
175,6,tray,13.580927848815918
176,1,The,11.12144660949707
176,2,chef,15.876670837402344
176,3,will,6.280613899230957
176,4,clean,9.744731903076172
176,5,the,2.156015634536743
176,6,bread,10.51244831085205
177,1,The,11.12144660949707
177,2,chef,15.876670837402344
177,3,will,6.280613899230957
177,4,clean,9.744731903076172
177,5,the,2.156015634536743
177,6,spoon,11.954131126403809
178,1,The,11.12144660949707
178,2,chef,15.876670837402344
178,3,will,6.280613899230957
178,4,clean,9.744731903076172
178,5,the,2.156015634536743
178,6,bowl,7.947193622589111
179,1,The,11.12144660949707
179,2,chef,15.876670837402344
179,3,will,6.280613899230957
179,4,clean,9.744731903076172
179,5,the,2.156015634536743
179,6,spat,14.126495361328125
179,7,ula,0.6334983706474304
180,1,The,11.12144660949707
180,2,chef,15.876670837402344
180,3,will,6.280613899230957
180,4,clean,9.744731903076172
180,5,the,2.156015634536743
180,6,tray,9.42880916595459
181,1,The,11.12144660949707
181,2,baby,12.932404518127441
181,3,will,6.489234447479248
181,4,hug,13.50680923461914
181,5,the,3.1506690979003906
181,6,kitten,9.740336418151855
182,1,The,11.12144660949707
182,2,baby,12.932404518127441
182,3,will,6.489234447479248
182,4,hug,13.50680923461914
182,5,the,3.1506690979003906
182,6,block,12.88239574432373
183,1,The,11.12144660949707
183,2,baby,12.932404518127441
183,3,will,6.489234447479248
183,4,hug,13.50680923461914
183,5,the,3.1506690979003906
183,6,cup,11.723447799682617
184,1,The,11.12144660949707
184,2,baby,12.932404518127441
184,3,will,6.489233016967773
184,4,hug,13.506796836853027
184,5,the,3.1506733894348145
184,6,cr,10.602421760559082
184,7,ay,3.132835865020752
184,8,on,0.4413813054561615
185,1,The,11.12144660949707
185,2,baby,12.932404518127441
185,3,will,6.489234447479248
185,4,grab,13.950133323669434
185,5,the,2.177899122238159
185,6,kitten,10.038175582885742
186,1,The,11.12144660949707
186,2,baby,12.932404518127441
186,3,will,6.489234447479248
186,4,grab,13.950133323669434
186,5,the,2.177899122238159
186,6,block,10.410890579223633
187,1,The,11.12144660949707
187,2,baby,12.932404518127441
187,3,will,6.489234447479248
187,4,grab,13.950133323669434
187,5,the,2.177899122238159
187,6,cup,9.251248359680176
188,1,The,11.12144660949707
188,2,baby,12.932404518127441
188,3,will,6.489233016967773
188,4,grab,13.950142860412598
188,5,the,2.1779088973999023
188,6,cr,9.703595161437988
188,7,ay,3.1461095809936523
188,8,on,0.3631310760974884
189,1,The,11.12144660949707
189,2,woman,11.478939056396484
189,3,will,8.482856750488281
189,4,water,17.657865524291992
189,5,the,2.637394905090332
189,6,flower,10.868780136108398
190,1,The,11.12144660949707
190,2,woman,11.478939056396484
190,3,will,8.482856750488281
190,4,water,17.657865524291992
190,5,the,2.637394905090332
190,6,magazine,14.592686653137207
191,1,The,11.12144660949707
191,2,woman,11.478939056396484
191,3,will,8.482856750488281
191,4,water,17.657865524291992
191,5,the,2.637394905090332
191,6,pen,13.04324722290039
192,1,The,11.12144660949707
192,2,woman,11.478939056396484
192,3,will,8.482856750488281
192,4,water,17.657865524291992
192,5,the,2.637394905090332
192,6,cushion,15.352580070495605
193,1,The,11.12144660949707
193,2,woman,11.478939056396484
193,3,will,8.482856750488281
193,4,water,17.657865524291992
193,5,the,2.637394905090332
193,6,v,11.18777084350586
193,7,ase,3.8680074214935303
194,1,The,11.12144660949707
194,2,woman,11.478939056396484
194,3,will,8.482856750488281
194,4,move,9.421256065368652
194,5,the,5.358850955963135
194,6,flower,12.155200004577637
195,1,The,11.12144660949707
195,2,woman,11.478939056396484
195,3,will,8.482856750488281
195,4,move,9.421256065368652
195,5,the,5.358850955963135
195,6,magazine,13.499978065490723
196,1,The,11.12144660949707
196,2,woman,11.478939056396484
196,3,will,8.482856750488281
196,4,move,9.421256065368652
196,5,the,5.358850955963135
196,6,pen,12.63972282409668
197,1,The,11.12144660949707
197,2,woman,11.478939056396484
197,3,will,8.482856750488281
197,4,move,9.421256065368652
197,5,the,5.358850955963135
197,6,cushion,13.833992958068848
198,1,The,11.12144660949707
198,2,woman,11.478939056396484
198,3,will,8.482856750488281
198,4,move,9.421256065368652
198,5,the,5.358850955963135
198,6,v,13.412847518920898
198,7,ase,1.0571526288986206
199,1,The,11.12144660949707
199,2,girl,12.527257919311523
199,3,will,7.501751899719238
199,4,zip,17.210311889648438
199,5,the,4.652810573577881
199,6,coat,9.454020500183105
200,1,The,11.12144660949707
200,2,girl,12.527257919311523
200,3,will,7.501751899719238
200,4,zip,17.210311889648438
200,5,the,4.652810573577881
200,6,hook,10.436198234558105
201,1,The,11.12144660949707
201,2,girl,12.527257919311523
201,3,will,7.501751899719238
201,4,zip,17.210311889648438
201,5,the,4.652810573577881
201,6,umbrella,11.720240592956543
202,1,The,11.12144660949707
202,2,girl,12.527257919311523
202,3,will,7.501751899719238
202,4,zip,17.210311889648438
202,5,the,4.652810573577881
202,6,towel,10.449241638183594
203,1,The,11.12144660949707
203,2,girl,12.527257919311523
203,3,will,7.501751899719238
203,4,zip,17.210311889648438
203,5,the,4.652810573577881
203,6,poster,13.641218185424805
204,1,The,11.12144660949707
204,2,girl,12.527257919311523
204,3,will,7.501751899719238
204,4,hang,11.994675636291504
204,5,the,6.609856128692627
204,6,coat,10.494623184204102
205,1,The,11.12144660949707
205,2,girl,12.527257919311523
205,3,will,7.501751899719238
205,4,hang,11.994675636291504
205,5,the,6.609856128692627
205,6,hook,10.946477890014648
206,1,The,11.12144660949707
206,2,girl,12.527257919311523
206,3,will,7.501751899719238
206,4,hang,11.994675636291504
206,5,the,6.609856128692627
206,6,umbrella,9.955077171325684
207,1,The,11.12144660949707
207,2,girl,12.527257919311523
207,3,will,7.501751899719238
207,4,hang,11.994675636291504
207,5,the,6.609856128692627
207,6,towel,9.314970970153809
208,1,The,11.12144660949707
208,2,girl,12.527257919311523
208,3,will,7.501751899719238
208,4,hang,11.994675636291504
208,5,the,6.609856128692627
208,6,poster,8.304791450500488
209,1,The,11.12144660949707
209,2,girl,12.527257919311523
209,3,will,7.501751899719238
209,4,knit,14.921297073364258
209,5,the,3.1975696086883545
209,6,scarf,5.154603481292725
210,1,The,11.12144660949707
210,2,girl,12.527257919311523
210,3,will,7.501751899719238
210,4,knit,14.921297073364258
210,5,the,3.1975696086883545
210,6,pencil,11.898524284362793
211,1,The,11.12144660949707
211,2,girl,12.527257919311523
211,3,will,7.501751899719238
211,4,knit,14.921297073364258
211,5,the,3.1975696086883545
211,6,card,9.4628324508667
212,1,The,11.12144660949707
212,2,girl,12.527257919311523
212,3,will,7.501751899719238
212,4,knit,14.921297073364258
212,5,the,3.1975696086883545
212,6,needle,9.367302894592285
213,1,The,11.12144660949707
213,2,girl,12.527257919311523
213,3,will,7.501751899719238
213,4,hold,10.022637367248535
213,5,the,3.036288022994995
213,6,scarf,11.3641996383667
214,1,The,11.12144660949707
214,2,girl,12.527257919311523
214,3,will,7.501751899719238
214,4,hold,10.022637367248535
214,5,the,3.036288022994995
214,6,pencil,11.250014305114746
215,1,The,11.12144660949707
215,2,girl,12.527257919311523
215,3,will,7.501751899719238
215,4,hold,10.022637367248535
215,5,the,3.036288022994995
215,6,card,8.890159606933594
216,1,The,11.12144660949707
216,2,girl,12.527257919311523
216,3,will,7.501751899719238
216,4,hold,10.022637367248535
216,5,the,3.036288022994995
216,6,needle,11.741241455078125
217,1,The,11.12144660949707
217,2,girl,12.527257919311523
217,3,will,7.501751899719238
217,4,groom,14.154975891113281
217,5,the,3.38124418258667
217,6,rabbit,12.826895713806152
218,1,The,11.12144660949707
218,2,girl,12.527257919311523
218,3,will,7.501751899719238
218,4,groom,14.154975891113281
218,5,the,3.38124418258667
218,6,flowers,13.09526538848877
219,1,The,11.12144660949707
219,2,girl,12.527257919311523
219,3,will,7.501751899719238
219,4,groom,14.154975891113281
219,5,the,3.38124418258667
219,6,plate,15.91931438446045
220,1,The,11.12144660949707
220,2,girl,12.527257919311523
220,3,will,7.501751899719238
220,4,groom,14.154975891113281
220,5,the,3.38124418258667
220,6,glass,14.161392211914062
221,1,The,11.12144660949707
221,2,girl,12.527257919311523
221,3,will,7.501751899719238
221,4,groom,14.154975891113281
221,5,the,3.38124418258667
221,6,potato,15.97018814086914
222,1,The,11.12144660949707
222,2,girl,12.527257919311523
222,3,will,7.501751899719238
222,4,lift,13.036455154418945
222,5,the,2.3516175746917725
222,6,rabbit,13.014012336730957
223,1,The,11.12144660949707
223,2,girl,12.527257919311523
223,3,will,7.501751899719238
223,4,lift,13.036455154418945
223,5,the,2.3516175746917725
223,6,flowers,12.30968189239502
224,1,The,11.12144660949707
224,2,girl,12.527257919311523
224,3,will,7.501751899719238
224,4,lift,13.036455154418945
224,5,the,2.3516175746917725
224,6,plate,10.529504776000977
225,1,The,11.12144660949707
225,2,girl,12.527257919311523
225,3,will,7.501751899719238
225,4,lift,13.036455154418945
225,5,the,2.3516175746917725
225,6,glass,6.190181255340576
226,1,The,11.12144660949707
226,2,girl,12.527257919311523
226,3,will,7.501751899719238
226,4,lift,13.036455154418945
226,5,the,2.3516175746917725
226,6,potato,15.1383638381958
227,1,The,11.12144660949707
227,2,man,10.116105079650879
227,3,will,8.482647895812988
227,4,paint,15.594978332519531
227,5,the,2.45525860786438
227,6,canvas,9.342720985412598
228,1,The,11.12144660949707
228,2,man,10.116105079650879
228,3,will,8.482647895812988
228,4,paint,15.594978332519531
228,5,the,2.45525860786438
228,6,keyboard,14.261600494384766
229,1,The,11.12144660949707
229,2,man,10.116105079650879
229,3,will,8.482647895812988
229,4,paint,15.594978332519531
229,5,the,2.45525860786438
229,6,jar,15.426283836364746
230,1,The,11.12144660949707
230,2,man,10.116105079650879
230,3,will,8.482647895812988
230,4,paint,15.594978332519531
230,5,the,2.45525860786438
230,6,rope,13.074496269226074
231,1,The,11.12144660949707
231,2,man,10.116105079650879
231,3,will,8.482647895812988
231,4,move,9.433430671691895
231,5,the,4.93765926361084
231,6,canvas,12.702032089233398
232,1,The,11.12144660949707
232,2,man,10.116105079650879
232,3,will,8.482647895812988
232,4,move,9.433430671691895
232,5,the,4.93765926361084
232,6,keyboard,12.144004821777344
233,1,The,11.12144660949707
233,2,man,10.116105079650879
233,3,will,8.482647895812988
233,4,move,9.433430671691895
233,5,the,4.93765926361084
233,6,jar,11.74466323852539
234,1,The,11.12144660949707
234,2,man,10.116105079650879
234,3,will,8.482647895812988
234,4,move,9.433430671691895
234,5,the,4.93765926361084
234,6,rope,10.256730079650879
235,1,The,11.12144660949707
235,2,woman,11.478939056396484
235,3,will,8.482856750488281
235,4,blow,12.895074844360352
235,5,out,4.901217937469482
235,6,the,1.6496992111206055
235,7,candle,5.888969421386719
236,1,The,11.12144660949707
236,2,woman,11.478939056396484
236,3,will,8.482856750488281
236,4,blow,12.895074844360352
236,5,out,4.901217937469482
236,6,the,1.6496992111206055
236,7,package,13.202112197875977
237,1,The,11.12144660949707
237,2,woman,11.478939056396484
237,3,will,8.482856750488281
237,4,blow,12.895074844360352
237,5,out,4.901217937469482
237,6,the,1.6496992111206055
237,7,coaster,16.890960693359375
238,1,The,11.12144660949707
238,2,woman,11.478939056396484
238,3,will,8.482856750488281
238,4,blow,12.895074844360352
238,5,out,4.901217937469482
238,6,the,1.6496992111206055
238,7,coin,12.244853973388672
239,1,The,11.12144660949707
239,2,woman,11.478939056396484
239,3,will,8.482856750488281
239,4,blow,12.895074844360352
239,5,out,4.901217937469482
239,6,the,1.6496992111206055
239,7,string,12.314461708068848
240,1,The,11.12144660949707
240,2,woman,11.478939056396484
240,3,will,8.482856750488281
240,4,grab,14.178059577941895
240,5,the,1.9027150869369507
240,6,candle,12.699484825134277
241,1,The,11.12144660949707
241,2,woman,11.478939056396484
241,3,will,8.482856750488281
241,4,grab,14.178059577941895
241,5,the,1.9027150869369507
241,6,package,10.621891021728516
242,1,The,11.12144660949707
242,2,woman,11.478939056396484
242,3,will,8.482856750488281
242,4,grab,14.178059577941895
242,5,the,1.9027150869369507
242,6,coaster,15.788822174072266
243,1,The,11.12144660949707
243,2,woman,11.478939056396484
243,3,will,8.482856750488281
243,4,grab,14.178059577941895
243,5,the,1.9027150869369507
243,6,coin,12.405963897705078
244,1,The,11.12144660949707
244,2,woman,11.478939056396484
244,3,will,8.482856750488281
244,4,grab,14.178059577941895
244,5,the,1.9027150869369507
244,6,string,11.88199234008789
245,1,The,11.12144660949707
245,2,boy,12.784378051757812
245,3,will,7.647106170654297
245,4,dim,17.059890747070312
245,5,the,1.896876335144043
245,6,lamp,5.9279632568359375
246,1,The,11.12144660949707
246,2,boy,12.784378051757812
246,3,will,7.647106170654297
246,4,dim,17.059890747070312
246,5,the,1.896876335144043
246,6,remote,15.570472717285156
246,7,control,4.020664215087891
247,1,The,11.12144660949707
247,2,boy,12.784378051757812
247,3,will,7.647106170654297
247,4,dim,17.059890747070312
247,5,the,1.896876335144043
247,6,switch,12.234933853149414
248,1,The,11.12144660949707
248,2,boy,12.784378051757812
248,3,will,7.647106170654297
248,4,dim,17.059890747070312
248,5,the,1.896876335144043
248,6,picture,14.101834297180176
249,1,The,11.12144660949707
249,2,boy,12.784378051757812
249,3,will,7.647106170654297
249,4,dim,17.059890747070312
249,5,the,1.896876335144043
249,6,frame,16.490615844726562
250,1,The,11.12144660949707
250,2,boy,12.784378051757812
250,3,will,7.647106170654297
250,4,touch,12.742591857910156
250,5,the,2.2427656650543213
250,6,lamp,10.708841323852539
251,1,The,11.12144660949707
251,2,boy,12.784378051757812
251,3,will,7.647106170654297
251,4,touch,12.742591857910156
251,5,the,2.2427656650543213
251,6,remote,12.169049263000488
251,7,control,2.659538745880127
252,1,The,11.12144660949707
252,2,boy,12.784378051757812
252,3,will,7.647106170654297
252,4,touch,12.742591857910156
252,5,the,2.2427656650543213
252,6,switch,13.323573112487793
253,1,The,11.12144660949707
253,2,boy,12.784378051757812
253,3,will,7.647106170654297
253,4,touch,12.742591857910156
253,5,the,2.2427656650543213
253,6,picture,10.865337371826172
254,1,The,11.12144660949707
254,2,boy,12.784378051757812
254,3,will,7.647106170654297
254,4,touch,12.742591857910156
254,5,the,2.2427656650543213
254,6,frame,12.937363624572754
255,1,The,11.12144660949707
255,2,cat,13.26645278930664
255,3,will,6.7380523681640625
255,4,drink,11.333260536193848
255,5,the,3.0117990970611572
255,6,milk,5.2848100662231445
256,1,The,11.12144660949707
256,2,cat,13.26645278930664
256,3,will,6.7380523681640625
256,4,drink,11.333260536193848
256,5,the,3.0117990970611572
256,6,glove,18.044294357299805
257,1,The,11.12144660949707
257,2,cat,13.26645278930664
257,3,will,6.7380523681640625
257,4,drink,11.333260536193848
257,5,the,3.0117990970611572
257,6,sock,17.068016052246094
258,1,The,11.12144660949707
258,2,cat,13.26645278930664
258,3,will,6.7380523681640625
258,4,drink,11.333260536193848
258,5,the,3.0117990970611572
258,6,nut,16.68059539794922
259,1,The,11.12144660949707
259,2,cat,13.26645278930664
259,3,will,6.7380523681640625
259,4,drink,11.333260536193848
259,5,the,3.0117990970611572
259,6,pine,12.950294494628906
259,7,cone,8.238593101501465
260,1,The,11.12144660949707
260,2,cat,13.26645278930664
260,3,will,6.7380523681640625
260,4,push,12.038736343383789
260,5,the,2.594428062438965
260,6,milk,10.699091911315918
261,1,The,11.12144660949707
261,2,cat,13.26645278930664
261,3,will,6.7380523681640625
261,4,push,12.038736343383789
261,5,the,2.594428062438965
261,6,glove,11.564135551452637
262,1,The,11.12144660949707
262,2,cat,13.26645278930664
262,3,will,6.7380523681640625
262,4,push,12.038736343383789
262,5,the,2.594428062438965
262,6,sock,12.489330291748047
263,1,The,11.12144660949707
263,2,cat,13.26645278930664
263,3,will,6.7380523681640625
263,4,push,12.038736343383789
263,5,the,2.594428062438965
263,6,nut,14.02901840209961
264,1,The,11.12144660949707
264,2,cat,13.26645278930664
264,3,will,6.7380523681640625
264,4,push,12.038736343383789
264,5,the,2.594428062438965
264,6,pine,13.031353950500488
264,7,cone,5.217747688293457
265,1,The,11.12144660949707
265,2,grandmother,16.49175262451172
265,3,will,8.576112747192383
265,4,read,9.493396759033203
265,5,the,2.0955824851989746
265,6,newspaper,6.83811616897583
266,1,The,11.12144660949707
266,2,grandmother,16.49175262451172
266,3,will,8.576112747192383
266,4,read,9.493396759033203
266,5,the,2.0955824851989746
266,6,comb,19.46035385131836
267,1,The,11.12144660949707
267,2,grandmother,16.49175262451172
267,3,will,8.576112747192383
267,4,read,9.493396759033203
267,5,the,2.0955824851989746
267,6,tissue,16.758514404296875
268,1,The,11.12144660949707
268,2,grandmother,16.49175262451172
268,3,will,8.576112747192383
268,4,read,9.493396759033203
268,5,the,2.0955824851989746
268,6,er,14.61612319946289
268,7,aser,4.447500705718994
269,1,The,11.12144660949707
269,2,grandmother,16.49175262451172
269,3,will,8.576112747192383
269,4,read,9.493396759033203
269,5,the,2.0955824851989746
269,6,sand,15.840705871582031
269,7,al,2.864037275314331
270,1,The,11.12144660949707
270,2,grandmother,16.49175262451172
270,3,will,8.576112747192383
270,4,turn,8.537569999694824
270,5,the,4.358804702758789
270,6,newspaper,10.439067840576172
271,1,The,11.12144660949707
271,2,grandmother,16.49175262451172
271,3,will,8.576112747192383
271,4,turn,8.537569999694824
271,5,the,4.358804702758789
271,6,comb,16.76153564453125
272,1,The,11.12144660949707
272,2,grandmother,16.49175262451172
272,3,will,8.576112747192383
272,4,turn,8.537569999694824
272,5,the,4.358804702758789
272,6,tissue,15.473321914672852
273,1,The,11.12144660949707
273,2,grandmother,16.49175262451172
273,3,will,8.576112747192383
273,4,turn,8.537569999694824
273,5,the,4.358804702758789
273,6,er,16.975872039794922
273,7,aser,2.7143619060516357
274,1,The,11.12144660949707
274,2,grandmother,16.49175262451172
274,3,will,8.576112747192383
274,4,turn,8.537569999694824
274,5,the,4.358804702758789
274,6,sand,12.04004192352295
274,7,al,4.982150077819824
275,1,The,11.12144660949707
275,2,girl,12.527257919311523
275,3,will,7.501751899719238
275,4,roll,12.313841819763184
275,5,the,4.569749355316162
275,6,dice,1.2924106121063232
276,1,The,11.12144660949707
276,2,girl,12.527257919311523
276,3,will,7.501751899719238
276,4,roll,12.313841819763184
276,5,the,4.569749355316162
276,6,cap,11.167572021484375
277,1,The,11.12144660949707
277,2,girl,12.527257919311523
277,3,will,7.501751899719238
277,4,roll,12.313841819763184
277,5,the,4.569749355316162
277,6,headphones,17.23079490661621
278,1,The,11.12144660949707
278,2,girl,12.527257919311523
278,3,will,7.501751899719238
278,4,roll,12.313841819763184
278,5,the,4.569749355316162
278,6,watch,13.116055488586426
279,1,The,11.12144660949707
279,2,girl,12.527257919311523
279,3,will,7.501751899719238
279,4,grab,13.049091339111328
279,5,the,2.197927713394165
279,6,dice,14.360179901123047
280,1,The,11.12144660949707
280,2,girl,12.527257919311523
280,3,will,7.501751899719238
280,4,grab,13.049091339111328
280,5,the,2.197927713394165
280,6,cap,12.007390975952148
281,1,The,11.12144660949707
281,2,girl,12.527257919311523
281,3,will,7.501751899719238
281,4,grab,13.049091339111328
281,5,the,2.197927713394165
281,6,headphones,11.892391204833984
282,1,The,11.12144660949707
282,2,girl,12.527257919311523
282,3,will,7.501751899719238
282,4,grab,13.049091339111328
282,5,the,2.197927713394165
282,6,watch,12.180110931396484
283,1,The,11.12144660949707
283,2,woman,11.478939056396484
283,3,will,8.482856750488281
283,4,open,11.042549133300781
283,5,the,1.952173113822937
283,6,bottle,8.587234497070312
284,1,The,11.12144660949707
284,2,woman,11.478939056396484
284,3,will,8.482856750488281
284,4,open,11.042549133300781
284,5,the,1.952173113822937
284,6,lemon,13.821407318115234
285,1,The,11.12144660949707
285,2,woman,11.478939056396484
285,3,will,8.482856750488281
285,4,open,11.042549133300781
285,5,the,1.952173113822937
285,6,seed,17.021902084350586
286,1,The,11.12144660949707
286,2,woman,11.478939056396484
286,3,will,8.482856750488281
286,4,open,11.042549133300781
286,5,the,1.952173113822937
286,6,sponge,18.265296936035156
287,1,The,11.12144660949707
287,2,woman,11.478939056396484
287,3,will,8.482856750488281
287,4,open,11.042549133300781
287,5,the,1.952173113822937
287,6,seat,11.017258644104004
288,1,The,11.12144660949707
288,2,woman,11.478939056396484
288,3,will,8.482856750488281
288,4,examine,12.64156436920166
288,5,the,1.2100707292556763
288,6,bottle,10.5607271194458
289,1,The,11.12144660949707
289,2,woman,11.478939056396484
289,3,will,8.482856750488281
289,4,examine,12.64156436920166
289,5,the,1.2100707292556763
289,6,lemon,15.846665382385254
290,1,The,11.12144660949707
290,2,woman,11.478939056396484
290,3,will,8.482856750488281
290,4,examine,12.64156436920166
290,5,the,1.2100707292556763
290,6,seed,13.8768949508667
291,1,The,11.12144660949707
291,2,woman,11.478939056396484
291,3,will,8.482856750488281
291,4,examine,12.64156436920166
291,5,the,1.2100707292556763
291,6,sponge,15.861029624938965
292,1,The,11.12144660949707
292,2,woman,11.478939056396484
292,3,will,8.482856750488281
292,4,examine,12.64156436920166
292,5,the,1.2100707292556763
292,6,seat,11.342623710632324
293,1,The,11.12144660949707
293,2,woman,11.478939056396484
293,3,will,8.482856750488281
293,4,brew,17.661916732788086
293,5,the,3.8645761013031006
293,6,beer,3.069843292236328
294,1,The,11.12144660949707
294,2,woman,11.478939056396484
294,3,will,8.482856750488281
294,4,brew,17.661916732788086
294,5,the,3.8645761013031006
294,6,mug,11.428838729858398
295,1,The,11.12144660949707
295,2,woman,11.478939056396484
295,3,will,8.482856750488281
295,4,brew,17.661916732788086
295,5,the,3.8645761013031006
295,6,sugar,9.258962631225586
296,1,The,11.12144660949707
296,2,woman,11.478939056396484
296,3,will,8.482856750488281
296,4,brew,17.661916732788086
296,5,the,3.8645761013031006
296,6,kettle,9.792366981506348
297,1,The,11.12144660949707
297,2,woman,11.478939056396484
297,3,will,8.482856750488281
297,4,brew,17.661916732788086
297,5,the,3.8645761013031006
297,6,bisc,14.894721031188965
297,7,uit,0.0441557839512825
298,1,The,11.12144660949707
298,2,woman,11.478939056396484
298,3,will,8.482856750488281
298,4,carry,9.141427993774414
298,5,the,3.1240668296813965
298,6,beer,11.598845481872559
299,1,The,11.12144660949707
299,2,woman,11.478939056396484
299,3,will,8.482856750488281
299,4,carry,9.141427993774414
299,5,the,3.1240668296813965
299,6,mug,11.486542701721191
300,1,The,11.12144660949707
300,2,woman,11.478939056396484
300,3,will,8.482856750488281
300,4,carry,9.141427993774414
300,5,the,3.1240668296813965
300,6,sugar,15.0482177734375
301,1,The,11.12144660949707
301,2,woman,11.478939056396484
301,3,will,8.482856750488281
301,4,carry,9.141427993774414
301,5,the,3.1240668296813965
301,6,kettle,14.112676620483398
302,1,The,11.12144660949707
302,2,woman,11.478939056396484
302,3,will,8.482856750488281
302,4,carry,9.141427993774414
302,5,the,3.1240668296813965
302,6,bisc,16.319866180419922
302,7,uit,0.026755589991807938
303,1,The,11.12144660949707
303,2,boy,12.784378051757812
303,3,will,7.647106170654297
303,4,un,13.715139389038086
303,5,zip,4.699093818664551
303,6,the,1.4774028062820435
303,7,suitcase,10.101576805114746
304,1,The,11.12144660949707
304,2,boy,12.784378051757812
304,3,will,7.647106170654297
304,4,un,13.715139389038086
304,5,zip,4.699093818664551
304,6,the,1.4774028062820435
304,7,envelope,9.43984317779541
305,1,The,11.12144660949707
305,2,boy,12.784378051757812
305,3,will,7.647106170654297
305,4,un,13.715139389038086
305,5,zip,4.699093818664551
305,6,the,1.4774028062820435
305,7,gift,11.817935943603516
306,1,The,11.12144660949707
306,2,boy,12.784378051757812
306,3,will,7.647106170654297
306,4,un,13.715139389038086
306,5,zip,4.699093818664551
306,6,the,1.4774028062820435
306,7,box,6.482885837554932
307,1,The,11.12144660949707
307,2,boy,12.784378051757812
307,3,will,7.647106170654297
307,4,un,13.715139389038086
307,5,zip,4.699093818664551
307,6,the,1.4774028062820435
307,7,trunk,10.797740936279297
308,1,The,11.12144660949707
308,2,boy,12.784378051757812
308,3,will,7.647106170654297
308,4,open,11.608640670776367
308,5,the,2.56954026222229
308,6,suitcase,10.657866477966309
309,1,The,11.12144660949707
309,2,boy,12.784378051757812
309,3,will,7.647106170654297
309,4,open,11.608640670776367
309,5,the,2.56954026222229
309,6,envelope,9.436971664428711
310,1,The,11.12144660949707
310,2,boy,12.784378051757812
310,3,will,7.647106170654297
310,4,open,11.608640670776367
310,5,the,2.56954026222229
310,6,gift,9.279683113098145
311,1,The,11.12144660949707
311,2,boy,12.784378051757812
311,3,will,7.647106170654297
311,4,open,11.608640670776367
311,5,the,2.56954026222229
311,6,box,5.641443252563477
312,1,The,11.12144660949707
312,2,boy,12.784378051757812
312,3,will,7.647106170654297
312,4,open,11.608640670776367
312,5,the,2.56954026222229
312,6,trunk,7.847026348114014
313,1,The,11.12144660949707
313,2,boy,12.784378051757812
313,3,will,7.647106170654297
313,4,switch,15.012311935424805
313,5,on,5.670785427093506
313,6,the,1.5831509828567505
313,7,radio,4.876424312591553
314,1,The,11.12144660949707
314,2,boy,12.784378051757812
314,3,will,7.647106170654297
314,4,switch,15.012311935424805
314,5,on,5.670785427093506
314,6,the,1.5831509828567505
314,7,puzzle,17.9425048828125
315,1,The,11.12144660949707
315,2,boy,12.784378051757812
315,3,will,7.647106170654297
315,4,switch,15.012311935424805
315,5,on,5.670785427093506
315,6,the,1.5831509828567505
315,7,toy,9.28483772277832
316,1,The,11.12144660949707
316,2,boy,12.784378051757812
316,3,will,7.647106170654297
316,4,switch,15.012311935424805
316,5,on,5.670785427093506
316,6,the,1.5831509828567505
316,7,pillow,14.714160919189453
317,1,The,11.12144660949707
317,2,boy,12.784378051757812
317,3,will,7.647106170654297
317,4,switch,15.012311935424805
317,5,on,5.670785427093506
317,6,the,1.5831509828567505
317,7,notebook,15.798835754394531
318,1,The,11.12144660949707
318,2,boy,12.784378051757812
318,3,will,7.647106170654297
318,4,move,9.316312789916992
318,5,the,6.842218399047852
318,6,radio,13.069473266601562
319,1,The,11.12144660949707
319,2,boy,12.784378051757812
319,3,will,7.647106170654297
319,4,move,9.316312789916992
319,5,the,6.842218399047852
319,6,puzzle,12.29433536529541
320,1,The,11.12144660949707
320,2,boy,12.784378051757812
320,3,will,7.647106170654297
320,4,move,9.316312789916992
320,5,the,6.842218399047852
320,6,toy,8.239859580993652
321,1,The,11.12144660949707
321,2,boy,12.784378051757812
321,3,will,7.647106170654297
321,4,move,9.316312789916992
321,5,the,6.842218399047852
321,6,pillow,10.897660255432129
322,1,The,11.12144660949707
322,2,boy,12.784378051757812
322,3,will,7.647106170654297
322,4,move,9.316312789916992
322,5,the,6.842218399047852
322,6,notebook,12.78288745880127
323,1,The,11.12144660949707
323,2,girl,12.527257919311523
323,3,will,7.501751899719238
323,4,apply,11.545638084411621
323,5,the,5.447014331817627
323,6,mascara,12.91331958770752
324,1,The,11.12144660949707
324,2,girl,12.527257919311523
324,3,will,7.501751899719238
324,4,apply,11.545638084411621
324,5,the,5.447014331817627
324,6,brush,13.02786922454834
325,1,The,11.12144660949707
325,2,girl,12.527257919311523
325,3,will,7.501751899719238
325,4,apply,11.545638084411621
325,5,the,5.447014331817627
325,6,pot,13.411502838134766
326,1,The,11.12144660949707
326,2,girl,12.527257919311523
326,3,will,7.501751899719238
326,4,apply,11.545638084411621
326,5,the,5.447014331817627
326,6,mirror,12.695362091064453
327,1,The,11.12144660949707
327,2,girl,12.527257919311523
327,3,will,7.501751899719238
327,4,apply,11.545638084411621
327,5,the,5.447014331817627
327,6,clip,13.618487358093262
328,1,The,11.12144660949707
328,2,girl,12.527257919311523
328,3,will,7.501751899719238
328,4,squeeze,14.810611724853516
328,5,the,3.2525646686553955
328,6,mascara,11.93465518951416
329,1,The,11.12144660949707
329,2,girl,12.527257919311523
329,3,will,7.501751899719238
329,4,squeeze,14.810611724853516
329,5,the,3.2525646686553955
329,6,brush,11.076645851135254
330,1,The,11.12144660949707
330,2,girl,12.527257919311523
330,3,will,7.501751899719238
330,4,squeeze,14.810611724853516
330,5,the,3.2525646686553955
330,6,pot,11.066508293151855
331,1,The,11.12144660949707
331,2,girl,12.527257919311523
331,3,will,7.501751899719238
331,4,squeeze,14.810611724853516
331,5,the,3.2525646686553955
331,6,mirror,11.634937286376953
332,1,The,11.12144660949707
332,2,girl,12.527257919311523
332,3,will,7.501751899719238
332,4,squeeze,14.810611724853516
332,5,the,3.2525646686553955
332,6,clip,13.01837158203125
333,1,The,11.12144660949707
333,2,kid,14.590312004089355
333,3,will,6.311902046203613
333,4,build,11.293059349060059
333,5,the,4.228492736816406
333,6,leg,12.663223266601562
333,7,o,9.02468204498291
334,1,The,11.12144660949707
334,2,kid,14.590312004089355
334,3,will,6.311902046203613
334,4,build,11.293059349060059
334,5,the,4.228492736816406
334,6,papers,14.796610832214355
335,1,The,11.12144660949707
335,2,kid,14.590312004089355
335,3,will,6.311902046203613
335,4,build,11.293059349060059
335,5,the,4.228492736816406
335,6,boxes,13.7170991897583
336,1,The,11.12144660949707
336,2,kid,14.590312004089355
336,3,will,6.311902046203613
336,4,build,11.293059349060059
336,5,the,4.228492736816406
336,6,tape,14.148503303527832
337,1,The,11.12144660949707
337,2,kid,14.590312004089355
337,3,will,6.311902046203613
337,4,build,11.293059349060059
337,5,the,4.228492736816406
337,6,clips,16.2687931060791
338,1,The,11.12144660949707
338,2,kid,14.590312004089355
338,3,will,6.311902046203613
338,4,stack,16.694623947143555
338,5,the,4.136494159698486
338,6,leg,12.82223129272461
338,7,o,9.01092529296875
339,1,The,11.12144660949707
339,2,kid,14.590312004089355
339,3,will,6.311902046203613
339,4,stack,16.694623947143555
339,5,the,4.136494159698486
339,6,papers,9.922311782836914
340,1,The,11.12144660949707
340,2,kid,14.590312004089355
340,3,will,6.311902046203613
340,4,stack,16.694623947143555
340,5,the,4.136494159698486
340,6,boxes,6.124692916870117
341,1,The,11.12144660949707
341,2,kid,14.590312004089355
341,3,will,6.311902046203613
341,4,stack,16.694623947143555
341,5,the,4.136494159698486
341,6,tape,11.519587516784668
342,1,The,11.12144660949707
342,2,kid,14.590312004089355
342,3,will,6.311902046203613
342,4,stack,16.694623947143555
342,5,the,4.136494159698486
342,6,clips,11.97050666809082
343,1,The,11.12144660949707
343,2,boy,12.784378051757812
343,3,will,7.647106170654297
343,4,peel,16.5887508392334
343,5,the,3.2027103900909424
343,6,banana,8.059318542480469
344,1,The,11.12144660949707
344,2,boy,12.784378051757812
344,3,will,7.647106170654297
344,4,peel,16.5887508392334
344,5,the,3.2027103900909424
344,6,m,10.152070045471191
344,7,itten,5.519708633422852
345,1,The,11.12144660949707
345,2,boy,12.784378051757812
345,3,will,7.647106170654297
345,4,peel,16.5887508392334
345,5,the,3.2027103900909424
345,6,key,11.263534545898438
346,1,The,11.12144660949707
346,2,boy,12.784378051757812
346,3,will,7.647106170654297
346,4,peel,16.5887508392334
346,5,the,3.2027103900909424
346,6,marker,14.736604690551758
347,1,The,11.12144660949707
347,2,boy,12.784378051757812
347,3,will,7.647114276885986
347,4,peel,16.588726043701172
347,5,the,3.202711582183838
347,6,pe,10.292415618896484
347,7,b,2.350351095199585
347,8,ble,2.496375322341919
348,1,The,11.12144660949707
348,2,boy,12.784378051757812
348,3,will,7.647106170654297
348,4,move,9.316312789916992
348,5,the,6.842218399047852
348,6,banana,12.439934730529785
349,1,The,11.12144660949707
349,2,boy,12.784378051757812
349,3,will,7.647106170654297
349,4,move,9.316312789916992
349,5,the,6.842218399047852
349,6,m,10.375316619873047
349,7,itten,5.317679405212402
350,1,The,11.12144660949707
350,2,boy,12.784378051757812
350,3,will,7.647106170654297
350,4,move,9.316312789916992
350,5,the,6.842218399047852
350,6,key,11.164202690124512
351,1,The,11.12144660949707
351,2,boy,12.784378051757812
351,3,will,7.647106170654297
351,4,move,9.316312789916992
351,5,the,6.842218399047852
351,6,marker,11.039549827575684
352,1,The,11.12144660949707
352,2,boy,12.784378051757812
352,3,will,7.647114276885986
352,4,move,9.316320419311523
352,5,the,6.842196464538574
352,6,pe,12.888737678527832
352,7,b,2.582219123840332
352,8,ble,0.4430936574935913
353,1,The,11.12144660949707
353,2,woman,11.478939056396484
353,3,will,8.482856750488281
353,4,tie,14.064996719360352
353,5,the,1.4744951725006104
353,6,a,12.264166831970215
353,7,pron,0.1616934835910797
354,1,The,11.12144660949707
354,2,woman,11.478939056396484
354,3,will,8.482856750488281
354,4,tie,14.064996719360352
354,5,the,1.4744951725006104
354,6,m,11.342164039611816
354,7,op,4.939231872558594
355,1,The,11.12144660949707
355,2,woman,11.478939056396484
355,3,will,8.482856750488281
355,4,tie,14.064996719360352
355,5,the,1.4744951725006104
355,6,cloth,8.987393379211426
356,1,The,11.12144660949707
356,2,woman,11.478939056396484
356,3,will,8.482856750488281
356,4,tie,14.064996719360352
356,5,the,1.4744951725006104
356,6,broom,13.036949157714844
357,1,The,11.12144660949707
357,2,woman,11.478939056396484
357,3,will,8.482856750488281
357,4,tie,14.064996719360352
357,5,the,1.4744951725006104
357,6,p,10.76025104522705
357,7,ail,6.768186092376709
358,1,The,11.12144660949707
358,2,woman,11.478939056396484
358,3,will,8.482856750488281
358,4,carry,9.141427993774414
358,5,the,3.1240668296813965
358,6,a,11.846236228942871
358,7,pron,0.5951995253562927
359,1,The,11.12144660949707
359,2,woman,11.478939056396484
359,3,will,8.482856750488281
359,4,carry,9.141427993774414
359,5,the,3.1240668296813965
359,6,m,10.44753646850586
359,7,op,4.741878032684326
360,1,The,11.12144660949707
360,2,woman,11.478939056396484
360,3,will,8.482856750488281
360,4,carry,9.141427993774414
360,5,the,3.1240668296813965
360,6,cloth,11.608345031738281
361,1,The,11.12144660949707
361,2,woman,11.478939056396484
361,3,will,8.482856750488281
361,4,carry,9.141427993774414
361,5,the,3.1240668296813965
361,6,broom,12.570259094238281
362,1,The,11.12144660949707
362,2,woman,11.478939056396484
362,3,will,8.482856750488281
362,4,carry,9.141427993774414
362,5,the,3.1240668296813965
362,6,p,12.184060096740723
362,7,ail,4.338062763214111
363,1,The,11.12144660949707
363,2,boy,12.784378051757812
363,3,will,7.647114276885986
363,4,tie,13.87209415435791
363,5,the,1.7843791246414185
363,6,sho,8.37511920928955
363,7,el,0.03791404142975807
363,8,ace,2.8954741954803467
364,1,The,11.12144660949707
364,2,boy,12.784378051757812
364,3,will,7.647106170654297
364,4,tie,13.87209701538086
364,5,the,1.7843880653381348
364,6,shampoo,18.027727127075195
365,1,The,11.12144660949707
365,2,boy,12.784378051757812
365,3,will,7.647106170654297
365,4,tie,13.87209701538086
365,5,the,1.7843880653381348
365,6,buckle,11.318685531616211
366,1,The,11.12144660949707
366,2,boy,12.784378051757812
366,3,will,7.647106170654297
366,4,tie,13.87209701538086
366,5,the,1.7843880653381348
366,6,mat,13.269492149353027
367,1,The,11.12144660949707
367,2,boy,12.784378051757812
367,3,will,7.647106170654297
367,4,tie,13.87209701538086
367,5,the,1.7843880653381348
367,6,rag,11.307987213134766
368,1,The,11.12144660949707
368,2,boy,12.784378051757812
368,3,will,7.647114276885986
368,4,move,9.316320419311523
368,5,the,6.842196464538574
368,6,sho,12.893657684326172
368,7,el,1.6976081132888794
368,8,ace,2.4405112266540527
369,1,The,11.12144660949707
369,2,boy,12.784378051757812
369,3,will,7.647106170654297
369,4,move,9.316312789916992
369,5,the,6.842218399047852
369,6,shampoo,16.33880615234375
370,1,The,11.12144660949707
370,2,boy,12.784378051757812
370,3,will,7.647106170654297
370,4,move,9.316312789916992
370,5,the,6.842218399047852
370,6,buckle,15.310013771057129
371,1,The,11.12144660949707
371,2,boy,12.784378051757812
371,3,will,7.647106170654297
371,4,move,9.316312789916992
371,5,the,6.842218399047852
371,6,mat,11.61387825012207
372,1,The,11.12144660949707
372,2,boy,12.784378051757812
372,3,will,7.647106170654297
372,4,move,9.316312789916992
372,5,the,6.842218399047852
372,6,rag,13.891247749328613
373,1,The,11.12144660949707
373,2,girl,12.527257919311523
373,3,will,7.501751899719238
373,4,button,21.98937225341797
373,5,the,3.032320261001587
373,6,bl,9.752857208251953
373,7,ouse,1.0038089752197266
374,1,The,11.12144660949707
374,2,girl,12.527257919311523
374,3,will,7.501751899719238
374,4,button,21.98937225341797
374,5,the,3.032320261001587
374,6,thread,11.495346069335938
375,1,The,11.12144660949707
375,2,girl,12.527257919311523
375,3,will,7.501751899719238
375,4,button,21.98937225341797
375,5,the,3.032320261001587
375,6,pin,9.568150520324707
376,1,The,11.12144660949707
376,2,girl,12.527257919311523
376,3,will,7.501751899719238
376,4,button,21.98937225341797
376,5,the,3.032320261001587
376,6,iron,13.311328887939453
377,1,The,11.12144660949707
377,2,girl,12.527257919311523
377,3,will,7.501751899719238
377,4,button,21.98937225341797
377,5,the,3.032320261001587
377,6,tooth,14.457619667053223
377,7,brush,1.3433246612548828
378,1,The,11.12144660949707
378,2,girl,12.527257919311523
378,3,will,7.501751899719238
378,4,hold,10.022637367248535
378,5,the,3.036288022994995
378,6,bl,13.18459701538086
378,7,ouse,1.8152228593826294
379,1,The,11.12144660949707
379,2,girl,12.527257919311523
379,3,will,7.501751899719238
379,4,hold,10.022637367248535
379,5,the,3.036288022994995
379,6,thread,11.460136413574219
380,1,The,11.12144660949707
380,2,girl,12.527257919311523
380,3,will,7.501751899719238
380,4,hold,10.022637367248535
380,5,the,3.036288022994995
380,6,pin,12.172712326049805
381,1,The,11.12144660949707
381,2,girl,12.527257919311523
381,3,will,7.501751899719238
381,4,hold,10.022637367248535
381,5,the,3.036288022994995
381,6,iron,11.213207244873047
382,1,The,11.12144660949707
382,2,girl,12.527257919311523
382,3,will,7.501751899719238
382,4,hold,10.022637367248535
382,5,the,3.036288022994995
382,6,tooth,13.378087043762207
382,7,brush,2.1306369304656982
383,1,The,11.12144660949707
383,2,boy,12.784378051757812
383,3,will,7.647106170654297
383,4,squeeze,15.15233039855957
383,5,the,3.131927251815796
383,6,orange,10.432908058166504
384,1,The,11.12144660949707
384,2,boy,12.784378051757812
384,3,will,7.647106170654297
384,4,squeeze,15.15233039855957
384,5,the,3.131927251815796
384,6,stone,10.650117874145508
385,1,The,11.12144660949707
385,2,boy,12.784378051757812
385,3,will,7.647106170654297
385,4,squeeze,15.15233039855957
385,5,the,3.131927251815796
385,6,pod,15.487469673156738
386,1,The,11.12144660949707
386,2,boy,12.784378051757812
386,3,will,7.647106170654297
386,4,squeeze,15.15233039855957
386,5,the,3.131927251815796
386,6,shell,12.888423919677734
387,1,The,11.12144660949707
387,2,boy,12.784378051757812
387,3,will,7.647106170654297
387,4,squeeze,15.15233039855957
387,5,the,3.131927251815796
387,6,cone,13.053703308105469
388,1,The,11.12144660949707
388,2,boy,12.784378051757812
388,3,will,7.647106170654297
388,4,move,9.316312789916992
388,5,the,6.842218399047852
388,6,orange,12.193005561828613
389,1,The,11.12144660949707
389,2,boy,12.784378051757812
389,3,will,7.647106170654297
389,4,move,9.316312789916992
389,5,the,6.842218399047852
389,6,stone,8.599542617797852
390,1,The,11.12144660949707
390,2,boy,12.784378051757812
390,3,will,7.647106170654297
390,4,move,9.316312789916992
390,5,the,6.842218399047852
390,6,pod,13.706145286560059
391,1,The,11.12144660949707
391,2,boy,12.784378051757812
391,3,will,7.647106170654297
391,4,move,9.316312789916992
391,5,the,6.842218399047852
391,6,shell,13.862564086914062
392,1,The,11.12144660949707
392,2,boy,12.784378051757812
392,3,will,7.647106170654297
392,4,move,9.316312789916992
392,5,the,6.842218399047852
392,6,cone,13.651440620422363
393,1,The,11.12144660949707
393,2,woman,11.478939056396484
393,3,will,8.482856750488281
393,4,sew,17.1744441986084
393,5,the,2.3216583728790283
393,6,shirt,6.657254219055176
394,1,The,11.12144660949707
394,2,woman,11.478939056396484
394,3,will,8.482856750488281
394,4,sew,17.1744441986084
394,5,the,2.3216583728790283
394,6,apple,13.88250732421875
395,1,The,11.12144660949707
395,2,woman,11.478939056396484
395,3,will,8.482856750488281
395,4,sew,17.1744441986084
395,5,the,2.3216583728790283
395,6,ruler,14.216653823852539
396,1,The,11.12144660949707
396,2,woman,11.478939056396484
396,3,will,8.482856750488281
396,4,sew,17.1744441986084
396,5,the,2.3216583728790283
396,6,chalk,13.528712272644043
397,1,The,11.12144660949707
397,2,woman,11.478939056396484
397,3,will,8.482856750488281
397,4,sew,17.1744441986084
397,5,the,2.3216583728790283
397,6,foam,11.658675193786621
398,1,The,11.12144660949707
398,2,woman,11.478939056396484
398,3,will,8.482856750488281
398,4,wash,13.884506225585938
398,5,the,2.3475353717803955
398,6,shirt,7.735540390014648
399,1,The,11.12144660949707
399,2,woman,11.478939056396484
399,3,will,8.482856750488281
399,4,wash,13.884506225585938
399,5,the,2.3475353717803955
399,6,apple,13.572064399719238
400,1,The,11.12144660949707
400,2,woman,11.478939056396484
400,3,will,8.482856750488281
400,4,wash,13.884506225585938
400,5,the,2.3475353717803955
400,6,ruler,16.09070587158203
401,1,The,11.12144660949707
401,2,woman,11.478939056396484
401,3,will,8.482856750488281
401,4,wash,13.884506225585938
401,5,the,2.3475353717803955
401,6,chalk,13.845695495605469
402,1,The,11.12144660949707
402,2,woman,11.478939056396484
402,3,will,8.482856750488281
402,4,wash,13.884506225585938
402,5,the,2.3475353717803955
402,6,foam,12.325368881225586
403,1,The,11.12144660949707
403,2,man,10.116105079650879
403,3,will,8.482647895812988
403,4,lock,12.883662223815918
403,5,the,2.1371631622314453
403,6,safe,10.607933044433594
404,1,The,11.12144660949707
404,2,man,10.116105079650879
404,3,will,8.482647895812988
404,4,lock,12.883662223815918
404,5,the,2.1371631622314453
404,6,pan,13.715960502624512
405,1,The,11.12144660949707
405,2,man,10.116105079650879
405,3,will,8.482647895812988
405,4,lock,12.883662223815918
405,5,the,2.1371631622314453
405,6,handle,11.55540657043457
406,1,The,11.12144660949707
406,2,man,10.116105079650879
406,3,will,8.482647895812988
406,4,lock,12.883662223815918
406,5,the,2.1371631622314453
406,6,bolt,11.960482597351074
407,1,The,11.12144660949707
407,2,man,10.116105079650879
407,3,will,8.482647895812988
407,4,lock,12.883662223815918
407,5,the,2.1371631622314453
407,6,latch,11.45417594909668
408,1,The,11.12144660949707
408,2,man,10.116105079650879
408,3,will,8.482647895812988
408,4,wipe,14.295394897460938
408,5,the,2.1390461921691895
408,6,safe,15.052207946777344
409,1,The,11.12144660949707
409,2,man,10.116105079650879
409,3,will,8.482647895812988
409,4,wipe,14.295394897460938
409,5,the,2.1390461921691895
409,6,pan,12.84643840789795
410,1,The,11.12144660949707
410,2,man,10.116105079650879
410,3,will,8.482647895812988
410,4,wipe,14.295394897460938
410,5,the,2.1390461921691895
410,6,handle,16.817745208740234
411,1,The,11.12144660949707
411,2,man,10.116105079650879
411,3,will,8.482647895812988
411,4,wipe,14.295394897460938
411,5,the,2.1390461921691895
411,6,bolt,16.131763458251953
412,1,The,11.12144660949707
412,2,man,10.116105079650879
412,3,will,8.482647895812988
412,4,wipe,14.295394897460938
412,5,the,2.1390461921691895
412,6,latch,19.568235397338867
413,1,The,11.12144660949707
413,2,baker,17.337642669677734
413,3,will,6.177631855010986
413,4,kn,13.965150833129883
413,5,ead,0.015001346357166767
413,6,the,0.9225775599479675
413,7,dough,0.7655896544456482
414,1,The,11.12144660949707
414,2,baker,17.337642669677734
414,3,will,6.177631855010986
414,4,kn,13.965150833129883
414,5,ead,0.015001346357166767
414,6,the,0.9225775599479675
414,7,glass,13.972261428833008
415,1,The,11.12144660949707
415,2,baker,17.337642669677734
415,3,will,6.177631855010986
415,4,kn,13.965150833129883
415,5,ead,0.015001346357166767
415,6,the,0.9225775599479675
415,7,hammer,19.014747619628906
416,1,The,11.12144660949707
416,2,baker,17.337642669677734
416,3,will,6.177616596221924
416,4,kn,13.965117454528809
416,5,ead,0.015001346357166767
416,6,the,0.9225885272026062
416,7,lad,17.667877197265625
416,8,le,0.5350332260131836
417,1,The,11.12144660949707
417,2,baker,17.337642669677734
417,3,will,6.177631855010986
417,4,inspect,10.6005859375
417,5,the,0.9059684872627258
417,6,dough,4.982827663421631
418,1,The,11.12144660949707
418,2,baker,17.337642669677734
418,3,will,6.177631855010986
418,4,inspect,10.6005859375
418,5,the,0.9059684872627258
418,6,glass,8.882469177246094
419,1,The,11.12144660949707
419,2,baker,17.337642669677734
419,3,will,6.177631855010986
419,4,inspect,10.6005859375
419,5,the,0.9059684872627258
419,6,hammer,14.425660133361816
420,1,The,11.12144660949707
420,2,baker,17.337642669677734
420,3,will,6.177631855010986
420,4,inspect,10.6005859375
420,5,the,0.9059684872627258
420,6,lad,15.129748344421387
420,7,le,1.5159410238265991
421,1,The,11.12144660949707
421,2,chef,15.876670837402344
421,3,will,6.280613899230957
421,4,grate,15.170248031616211
421,5,the,2.1636109352111816
421,6,carrot,9.620976448059082
422,1,The,11.12144660949707
422,2,chef,15.876670837402344
422,3,will,6.280613899230957
422,4,grate,15.170248031616211
422,5,the,2.1636109352111816
422,6,lad,15.504158973693848
422,7,le,0.5900510549545288
423,1,The,11.12144660949707
423,2,chef,15.876670837402344
423,3,will,6.280613899230957
423,4,grate,15.170248031616211
423,5,the,2.1636109352111816
423,6,pot,10.29734992980957
424,1,The,11.12144660949707
424,2,chef,15.876670837402344
424,3,will,6.280613899230957
424,4,grate,15.170248031616211
424,5,the,2.1636109352111816
424,6,board,14.673215866088867
425,1,The,11.12144660949707
425,2,chef,15.876670837402344
425,3,will,6.280613899230957
425,4,grate,15.170248031616211
425,5,the,2.1636109352111816
425,6,peel,11.655181884765625
425,7,er,6.707254409790039
426,1,The,11.12144660949707
426,2,chef,15.876670837402344
426,3,will,6.280613899230957
426,4,carry,9.95629596710205
426,5,the,3.773560047149658
426,6,carrot,12.032540321350098
427,1,The,11.12144660949707
427,2,chef,15.876670837402344
427,3,will,6.280613899230957
427,4,carry,9.95629596710205
427,5,the,3.773560047149658
427,6,lad,14.415190696716309
427,7,le,1.919721245765686
428,1,The,11.12144660949707
428,2,chef,15.876670837402344
428,3,will,6.280613899230957
428,4,carry,9.95629596710205
428,5,the,3.773560047149658
428,6,pot,9.69367504119873
429,1,The,11.12144660949707
429,2,chef,15.876670837402344
429,3,will,6.280613899230957
429,4,carry,9.95629596710205
429,5,the,3.773560047149658
429,6,board,11.982250213623047
430,1,The,11.12144660949707
430,2,chef,15.876670837402344
430,3,will,6.280613899230957
430,4,carry,9.95629596710205
430,5,the,3.773560047149658
430,6,peel,14.766751289367676
430,7,er,2.9776687622070312
431,1,The,11.12144660949707
431,2,musician,16.071041107177734
431,3,will,6.420209884643555
431,4,tune,13.628067970275879
431,5,the,5.029140472412109
431,6,violin,10.308253288269043
432,1,The,11.12144660949707
432,2,musician,16.071041107177734
432,3,will,6.420209884643555
432,4,tune,13.628067970275879
432,5,the,5.029140472412109
432,6,bow,13.910423278808594
433,1,The,11.12144660949707
433,2,musician,16.071041107177734
433,3,will,6.420209884643555
433,4,tune,13.628067970275879
433,5,the,5.029140472412109
433,6,stand,12.363239288330078
434,1,The,11.12144660949707
434,2,musician,16.071041107177734
434,3,will,6.420209884643555
434,4,tune,13.628067970275879
434,5,the,5.029140472412109
434,6,sheet,12.82010269165039
434,7,music,0.36067110300064087
435,1,The,11.12144660949707
435,2,musician,16.071041107177734
435,3,will,6.420209884643555
435,4,tune,13.628067970275879
435,5,the,5.029140472412109
435,6,gum,20.830015182495117
436,1,The,11.12144660949707
436,2,musician,16.071041107177734
436,3,will,6.420209884643555
436,4,move,10.134855270385742
436,5,the,5.54585075378418
436,6,violin,11.590118408203125
437,1,The,11.12144660949707
437,2,musician,16.071041107177734
437,3,will,6.420209884643555
437,4,move,10.134855270385742
437,5,the,5.54585075378418
437,6,bow,13.421576499938965
438,1,The,11.12144660949707
438,2,musician,16.071041107177734
438,3,will,6.420209884643555
438,4,move,10.134855270385742
438,5,the,5.54585075378418
438,6,stand,11.646319389343262
439,1,The,11.12144660949707
439,2,musician,16.071041107177734
439,3,will,6.420209884643555
439,4,move,10.134855270385742
439,5,the,5.54585075378418
439,6,sheet,14.093107223510742
439,7,music,2.388314723968506
440,1,The,11.12144660949707
440,2,musician,16.071041107177734
440,3,will,6.420209884643555
440,4,move,10.134855270385742
440,5,the,5.54585075378418
440,6,gum,20.11045265197754
441,1,The,11.12144660949707
441,2,girl,12.527257919311523
441,3,will,7.501751899719238
441,4,vacuum,18.20731544494629
441,5,the,2.7012200355529785
441,6,carpet,10.668593406677246
442,1,The,11.12144660949707
442,2,girl,12.527257919311523
442,3,will,7.501751899719238
442,4,vacuum,18.20731544494629
442,5,the,2.7012200355529785
442,6,dust,9.227956771850586
442,7,pan,10.572834014892578
443,1,The,11.12144660949707
443,2,girl,12.527257919311523
443,3,will,7.5017619132995605
443,4,vacuum,18.20733642578125
443,5,the,2.701209783554077
443,6,foot,13.760468482971191
443,7,st,7.6629815101623535
443,8,ool,0.4013913869857788
444,1,The,11.12144660949707
444,2,girl,12.527257919311523
444,3,will,7.501751899719238
444,4,vacuum,18.20731544494629
444,5,the,2.7012200355529785
444,6,roller,15.747061729431152
445,1,The,11.12144660949707
445,2,girl,12.527257919311523
445,3,will,7.501751899719238
445,4,move,9.374067306518555
445,5,the,6.616047382354736
445,6,carpet,12.002410888671875
446,1,The,11.12144660949707
446,2,girl,12.527257919311523
446,3,will,7.501751899719238
446,4,move,9.374067306518555
446,5,the,6.616047382354736
446,6,dust,11.984358787536621
446,7,pan,9.50025749206543
447,1,The,11.12144660949707
447,2,girl,12.527257919311523
447,3,will,7.5017619132995605
447,4,move,9.374032974243164
447,5,the,6.616045951843262
447,6,foot,10.544048309326172
447,7,st,7.567593097686768
447,8,ool,0.12878793478012085
448,1,The,11.12144660949707
448,2,girl,12.527257919311523
448,3,will,7.501751899719238
448,4,move,9.374067306518555
448,5,the,6.616047382354736
448,6,roller,12.567217826843262
449,1,The,11.12144660949707
449,2,child,11.707310676574707
449,3,will,6.636476039886475
449,4,inf,15.359540939331055
449,5,late,0.45574212074279785
449,6,the,2.8114774227142334
449,7,balloon,6.901895046234131
450,1,The,11.12144660949707
450,2,child,11.707310676574707
450,3,will,6.636476039886475
450,4,inf,15.359540939331055
450,5,late,0.45574212074279785
450,6,the,2.8114774227142334
450,7,pump,11.38233757019043
451,1,The,11.12144660949707
451,2,child,11.707310676574707
451,3,will,6.636476039886475
451,4,inf,15.359540939331055
451,5,late,0.45574212074279785
451,6,the,2.8114774227142334
451,7,bead,12.561659812927246
452,1,The,11.12144660949707
452,2,child,11.707310676574707
452,3,will,6.636476039886475
452,4,inf,15.359540939331055
452,5,late,0.45574212074279785
452,6,the,2.8114774227142334
452,7,pouch,12.548197746276855
453,1,The,11.12144660949707
453,2,child,11.707310676574707
453,3,will,6.636476039886475
453,4,inf,15.359540939331055
453,5,late,0.45574212074279785
453,6,the,2.8114774227142334
453,7,flag,11.089058876037598
454,1,The,11.12144660949707
454,2,child,11.707310676574707
454,3,will,6.636476039886475
454,4,carry,9.845375061035156
454,5,the,2.7844114303588867
454,6,balloon,12.900355339050293
455,1,The,11.12144660949707
455,2,child,11.707310676574707
455,3,will,6.636476039886475
455,4,carry,9.845375061035156
455,5,the,2.7844114303588867
455,6,pump,16.34337615966797
456,1,The,11.12144660949707
456,2,child,11.707310676574707
456,3,will,6.636476039886475
456,4,carry,9.845375061035156
456,5,the,2.7844114303588867
456,6,bead,17.760589599609375
457,1,The,11.12144660949707
457,2,child,11.707310676574707
457,3,will,6.636476039886475
457,4,carry,9.845375061035156
457,5,the,2.7844114303588867
457,6,pouch,12.420476913452148
458,1,The,11.12144660949707
458,2,child,11.707310676574707
458,3,will,6.636476039886475
458,4,carry,9.845375061035156
458,5,the,2.7844114303588867
458,6,flag,8.399582862854004
459,1,The,11.12144660949707
459,2,man,10.116105079650879
459,3,will,8.482647895812988
459,4,lick,16.056982040405273
459,5,the,2.372220754623413
459,6,stamp,14.882845878601074
460,1,The,11.12144660949707
460,2,man,10.116105079650879
460,3,will,8.482647895812988
460,4,lick,16.056982040405273
460,5,the,2.372220754623413
460,6,envelope,12.571487426757812
461,1,The,11.12144660949707
461,2,man,10.116105079650879
461,3,will,8.482647895812988
461,4,lick,16.056982040405273
461,5,the,2.372220754623413
461,6,scissors,16.735746383666992
462,1,The,11.12144660949707
462,2,man,10.116105079650879
462,3,will,8.482647895812988
462,4,lick,16.056982040405273
462,5,the,2.372220754623413
462,6,sticker,14.906698226928711
463,1,The,11.12144660949707
463,2,man,10.116105079650879
463,3,will,8.482647895812988
463,4,lick,16.056982040405273
463,5,the,2.372220754623413
463,6,rubber,10.571073532104492
463,7,band,7.261178970336914
464,1,The,11.12144660949707
464,2,man,10.116105079650879
464,3,will,8.482647895812988
464,4,pick,11.136570930480957
464,5,up,1.1028093099594116
464,6,the,1.4305073022842407
464,7,stamp,15.758686065673828
465,1,The,11.12144660949707
465,2,man,10.116105079650879
465,3,will,8.482647895812988
465,4,pick,11.136570930480957
465,5,up,1.1028093099594116
465,6,the,1.4305073022842407
465,7,envelope,12.000384330749512
466,1,The,11.12144660949707
466,2,man,10.116105079650879
466,3,will,8.482647895812988
466,4,pick,11.136570930480957
466,5,up,1.1028093099594116
466,6,the,1.4305073022842407
466,7,scissors,11.490643501281738
467,1,The,11.12144660949707
467,2,man,10.116105079650879
467,3,will,8.482647895812988
467,4,pick,11.136570930480957
467,5,up,1.1028093099594116
467,6,the,1.4305073022842407
467,7,sticker,16.893936157226562
468,1,The,11.12144660949707
468,2,man,10.116105079650879
468,3,will,8.482649803161621
468,4,pick,11.13656997680664
468,5,up,1.1028112173080444
468,6,the,1.4305150508880615
468,7,rubber,15.093274116516113
468,8,band,4.231003761291504
