FPOGID,FPOGX,FPOGY,FPOGS,FPOGD,fix_end_s,clip_start_s,clip_end_s,clip_dur_ms,aoi,trial,condition,subject_nr,target_word,target_position
5985,0.5105381818181818,0.28095072727272724,2878.86523,0.36157,2879.2268,2878.96001,2879.2268,266.7900000001282,elsewhere,0,non-restrictive,1,mushrooms,3
6045,0.5140781818181819,0.23369409090909088,2896.95068,0.14062,2897.0913,2896.9810199999997,2897.0913,110.28000000032989,elsewhere,1,restrictive,1,hat,4
6046,0.5083951851851852,0.23022481481481483,2897.0979,0.17432,2897.2722200000003,2897.0979,2897.2722200000003,174.32000000007974,elsewhere,1,restrictive,1,hat,4
6079,0.5000833870967741,-0.013927580645161291,2906.91064,0.40845,2907.31909,2907.28438,2907.31909,34.70999999990454,elsewhere,2,restrictive,1,shoelace,4
6080,0.49507205882352945,0.016818529411764708,2907.32593,0.22119,2907.54712,2907.32593,2907.54712,221.19000000020606,elsewhere,2,restrictive,1,shoelace,4
6081,0.37540526315789474,0.21199947368421052,2907.55371,0.10059,2907.6543,2907.55371,2907.5573799999997,3.669999999601714,elsewhere,2,restrictive,1,shoelace,4
6121,0.5132115909090909,0.21945295454545455,2920.55518,0.28809,2920.84327,2920.55518,2920.84327,288.09000000001106,elsewhere,3,restrictive,1,flower,2
6151,0.42990652777777777,0.31465499999999996,2928.72021,0.45508,2929.17529,2928.94798,2929.17529,227.31000000021595,elsewhere,4,non-restrictive,1,apron,3
6152,0.565932380952381,0.4282854761904762,2929.20215,0.25488,2929.45703,2929.20215,2929.32598,123.82999999999811,elsewhere,4,non-restrictive,1,apron,3
6171,0.7560710784313724,0.48648696078431375,2936.81128,0.63696,2937.4482399999997,2936.90085,2937.17385,273.00000000013824,elsewhere,5,non-restrictive,1,ball,1
6203,0.5057324444444444,0.20150555555555555,2945.74707,0.29468,2946.04175,2945.84454,2946.04175,197.2099999998136,elsewhere,6,restrictive,1,newspaper,2
6204,0.6635925,0.61711625,2946.04834,0.08081,2946.1291499999998,2946.04834,2946.11754,69.20000000036453,elsewhere,6,restrictive,1,newspaper,2
6225,0.7962521052631579,0.3581886842105263,2953.38989,0.22778,2953.61767,2953.51435,2953.61767,103.32000000016706,elsewhere,7,restrictive,1,scarf,4
6226,0.4925521052631579,0.21450999999999998,2953.64453,0.12061,2953.76514,2953.64453,2953.76514,120.60999999994237,subject,7,restrictive,1,scarf,4
6227,0.4821863157894737,0.0904721052631579,2953.77197,0.10034,2953.8723099999997,2953.77197,2953.80835,36.380000000008295,subject,7,restrictive,1,scarf,4
6259,0.17678742857142857,0.405612,2962.33179,0.22778,2962.5595700000003,2962.48435,2962.5595700000003,75.22000000017215,pos4,8,restrictive,1,bread,4
6260,0.16723107142857144,0.38926035714285717,2962.56665,0.36841,2962.9350600000002,2962.56665,2962.73635,169.6999999999207,pos4,8,restrictive,1,bread,4
6287,0.5027272727272727,0.20352945454545454,2971.00635,0.36157,2971.36792,2971.01584,2971.24684,230.99999999976717,subject,9,non-restrictive,1,coat,3
6322,0.4815496470588235,0.36810670588235295,2979.79468,0.54224,2980.33692,2979.92533,2980.19833,273.00000000013824,subject,10,restrictive,1,child,4
6352,0.5312470588235294,0.3349596078431373,2989.1853,0.33472,2989.52002,2989.23238,2989.52002,287.64000000001033,elsewhere,11,restrictive,1,safe,4
6353,0.44432954545454545,0.35788227272727274,2989.5271,0.12061,2989.6477099999997,2989.5271,2989.54738,20.280000000184373,subject,11,restrictive,1,safe,4
6384,0.7359887500000001,0.37001625,2997.36401,0.29468,2997.6586899999998,2997.4499299999998,2997.6586899999998,208.75999999998385,elsewhere,12,non-restrictive,1,piano,1
6385,0.5281456818181819,0.29981545454545455,2997.68555,0.26733,2997.9528800000003,2997.68555,2997.7019299999997,16.379999999571737,elsewhere,12,non-restrictive,1,piano,1
6410,0.49480873015873017,0.19492031746031746,3005.60962,0.41504,3006.02466,3005.85716,3006.02466,167.5000000000182,subject,13,non-restrictive,1,dice,3
6411,0.5288532,0.18732400000000002,3006.03149,0.16064,3006.19213,3006.03149,3006.15116,119.67000000004191,elsewhere,13,non-restrictive,1,dice,3
6437,0.49409456140350877,0.13741912280701754,3013.6875,0.37524,3014.06274,3013.93529,3014.06274,127.44999999995343,subject,14,non-restrictive,1,lego,1
6438,0.49174793478260875,0.14404641304347826,3014.06958,0.58936,3014.65894,3014.06958,3014.25029,180.71000000009008,subject,14,non-restrictive,1,lego,1
6465,0.5078434375,0.20866374999999998,3022.12061,0.20776,3022.3283699999997,3022.12525,3022.3283699999997,203.11999999967156,elsewhere,15,non-restrictive,1,kitten,1
6466,0.748964375,0.40884875,3022.33472,0.08057,3022.41529,3022.33472,3022.39825,63.53000000035536,elsewhere,15,non-restrictive,1,kitten,1
6492,0.6931427160493827,0.7090564197530864,3029.33447,0.54224,3029.87671,3029.5229400000003,3029.79594,272.9999999996835,elsewhere,16,restrictive,1,mountain,2
6520,0.7779683333333334,0.414812,3037.33252,0.19409,3037.52661,3037.3906,3037.52661,136.00999999971464,elsewhere,17,restrictive,1,wine,2
6521,0.8312407692307693,0.36950756410256413,3037.53296,0.51636,3038.04932,3037.53296,3037.7056000000002,172.6400000002286,elsewhere,17,restrictive,1,wine,2
6552,0.5879552941176471,0.21990029411764705,3045.5979,0.22095,3045.81885,3045.6630600000003,3045.81885,155.78999999979715,pos1,18,non-restrictive,1,beer,1
6553,0.5659889655172413,0.25215689655172413,3045.82568,0.18726,3046.01294,3045.82568,3045.9780600000004,152.3800000004485,pos1,18,non-restrictive,1,beer,1
6583,0.49077847826086957,0.23107760869565216,3053.44165,0.32153,3053.7631800000004,3053.74778,3053.7631800000004,15.40000000022701,subject,19,restrictive,1,baby,4
6584,0.4643465,0.25860500000000003,3053.81006,0.24072,3054.0507799999996,3053.81006,3054.0507799999996,240.71999999978289,subject,19,restrictive,1,baby,4
6585,0.16079396226415096,0.41337641509433964,3054.07788,0.3479,3054.42578,3054.07788,3054.14678,68.90000000021246,pos4,19,restrictive,1,baby,4
6614,0.35468495798319327,0.6612929831932773,3061.76758,1.5874,3063.35498,3062.2288,3062.5228,294.0000000003238,elsewhere,20,non-restrictive,1,man,3
6644,0.49318625,0.10399291666666666,3070.81714,0.15356,3070.9707000000003,3070.93853,3070.9707000000003,32.17000000040571,subject,21,non-restrictive,1,violin,3
6645,0.47570954545454547,0.22546193181818183,3070.97754,0.56274,3071.5402799999997,3070.97754,3071.1905300000003,212.99000000044543,subject,21,non-restrictive,1,violin,3
6672,0.19037521739130436,0.4229308695652174,3079.67871,0.30103,3079.97974,3079.87279,3079.97974,106.95000000032451,elsewhere,22,non-restrictive,1,dress,1
6673,0.23591814814814815,0.43739999999999996,3079.98657,0.1543,3080.14087,3079.98657,3080.14087,154.30000000014843,elsewhere,22,non-restrictive,1,dress,1
6704,0.34081888888888884,0.7940633333333333,3088.31934,0.17432,3088.49366,3088.31934,3088.49366,174.32000000007974,elsewhere,23,non-restrictive,1,football,3
6705,0.35106515151515155,0.7867637878787879,3088.50024,0.4353,3088.93554,3088.50024,3088.59156,91.31999999999607,elsewhere,23,non-restrictive,1,football,3
6723,0.15673722222222222,0.35581722222222223,3095.96899,0.23438,3096.2033699999997,3095.9843100000003,3096.2033699999997,219.0599999994447,pos4,24,restrictive,1,lamp,4
6724,0.19996757575757576,0.31933424242424246,3096.20996,0.17407,3096.38403,3096.20996,3096.2993100000003,89.350000000195,elsewhere,24,restrictive,1,lamp,4
6755,0.5371811111111111,0.2446063888888889,3104.25464,0.21436,3104.469,3104.3596000000002,3104.469,109.3999999998232,elsewhere,25,restrictive,1,cigarettes,2
6756,0.6520429411764707,0.6507755882352941,3104.49536,0.44922,3104.94458,3104.49536,3104.6326,137.2400000000198,elsewhere,25,restrictive,1,cigarettes,2
6784,0.812343275862069,0.5216062068965518,3112.2522,0.38208,3112.6342799999998,3112.2522,3112.53837,286.1700000003111,elsewhere,26,non-restrictive,1,rabbit,1
6814,0.30422086956521743,0.5866221739130435,3120.33716,0.12695,3120.46411,3120.4113700000003,3120.46411,52.73999999963053,pos3,27,non-restrictive,1,shirt,3
6815,0.3121137931034483,0.4089644827586207,3120.49121,0.14722,3120.63843,3120.49121,3120.63843,147.21999999983382,elsewhere,27,non-restrictive,1,shirt,3
6816,0.6390644736842105,0.4597734210526316,3120.6853,0.22778,3120.9130800000003,3120.6853,3120.78937,104.0699999998651,elsewhere,27,non-restrictive,1,shirt,3
6843,0.49147799999999997,0.1981926,3128.30127,0.28809,3128.58936,3128.34421,3128.58936,245.14999999973952,subject,28,non-restrictive,1,boat,1
6868,0.5129651351351352,0.23278675675675678,3136.73438,0.24121,3136.97559,3136.76076,3136.97559,214.8299999998926,elsewhere,29,non-restrictive,1,balloon,1
6869,0.5179763636363636,0.2777318181818182,3136.98218,0.21436,3137.19654,3136.98218,3137.07576,93.58000000020184,elsewhere,29,non-restrictive,1,balloon,1
6897,0.4854475,0.240768125,3144.65845,0.10034,3144.75879,3144.74189,3144.75879,16.900000000077853,subject,30,restrictive,1,stamp,2
6898,0.48480228571428574,0.22364628571428571,3144.76562,0.22754,3144.99316,3144.76562,3144.99316,227.53999999986263,subject,30,restrictive,1,stamp,2
6899,0.5116906451612904,0.2009958064516129,3144.99976,0.38818,3145.38794,3144.99976,3145.05689,57.12999999968815,elsewhere,30,restrictive,1,stamp,2
6926,0.7532498620689656,0.3980996551724138,3152.13379,0.92432,3153.05811,3152.4294099999997,3153.05811,628.7000000002081,elsewhere,31,non-restrictive,1,machine,3
6927,0.33470414634146345,0.37548414634146343,3153.10498,0.22754,3153.33252,3153.10498,3153.33252,227.53999999986263,elsewhere,31,non-restrictive,1,machine,3
6959,0.49664888888888886,0.18540422222222222,3161.81226,0.29517,3162.10743,3161.81226,3162.07985,267.5899999999274,subject,32,restrictive,1,book,2
6989,0.7904252272727272,0.44116,3169.83716,0.58301,3170.42017,3170.1720800000003,3170.42017,248.0899999995927,elsewhere,33,restrictive,1,banana,2
6990,0.7223299999999999,0.4019405555555556,3170.42676,0.11377,3170.5405299999998,3170.42676,3170.46608,39.32000000031621,elsewhere,33,restrictive,1,banana,2
7025,0.40920190476190477,0.439717619047619,3180.13232,0.13403,3180.2663500000003,3180.1550300000004,3180.2663500000003,111.31999999997788,elsewhere,34,restrictive,1,bottle,4
7026,0.3767325,0.652145,3180.27295,0.08057,3180.35352,3180.27295,3180.35352,80.57000000007974,elsewhere,34,restrictive,1,bottle,4
7027,0.44195333333333336,0.713061111111111,3180.38013,0.15405,3180.53418,3180.38013,3180.44903,68.90000000021246,elsewhere,34,restrictive,1,bottle,4
7061,0.34128378378378377,0.690807027027027,3189.15479,0.7168,3189.87159,3189.8236899999997,3189.87159,47.90000000048167,elsewhere,35,non-restrictive,1,milk,1
7062,0.19843964285714286,0.43822660714285716,3189.89844,0.32812,3190.22656,3189.89844,3190.09669,198.24999999991633,elsewhere,35,non-restrictive,1,milk,1
7086,0.5022135416666667,0.34885583333333336,3197.46729,0.29443,3197.76172,3197.57715,3197.76172,184.5699999998942,subject,36,restrictive,1,suitcase,2
7087,0.776047924528302,0.4240358490566038,3197.78833,0.70386,3198.49219,3197.78833,3197.95515,166.81999999991604,elsewhere,36,restrictive,1,suitcase,2
7116,0.32567301886792455,0.6963794339622642,3205.4585,0.30811,3205.76661,3205.7275,3205.76661,39.11000000016429,elsewhere,37,restrictive,1,canvas,2
7117,0.18141555555555555,0.3529833333333333,3205.81323,0.17432,3205.9875500000003,3205.81323,3205.9875500000003,174.32000000007974,pos4,37,restrictive,1,canvas,2
7118,0.2995058333333333,0.4717145833333333,3205.99414,0.11401,3206.1081499999996,3205.99414,3206.0005,6.360000000313448,pos3,37,restrictive,1,canvas,2
7149,0.5055651851851851,0.3354666666666667,3214.32007,0.17432,3214.4943900000003,3214.48092,3214.4943900000003,13.470000000324944,elsewhere,38,restrictive,1,wood,2
7150,0.509774358974359,0.35804615384615385,3214.50122,0.25439,3214.75561,3214.50122,3214.75561,254.39000000005763,elsewhere,38,restrictive,1,wood,2
7151,0.4910397826086957,0.4136923913043478,3214.76221,0.28149,3215.0436999999997,3214.76221,3214.79592,33.71000000015556,subject,38,restrictive,1,wood,2
7178,0.7552342,0.5179834,3221.85571,0.30811,3222.1638199999998,3221.9784600000003,3222.1638199999998,185.35999999949127,elsewhere,39,non-restrictive,1,dog,3
7179,0.4498882608695652,0.6709921739130434,3222.19067,0.1272,3222.31787,3222.19067,3222.23046,39.790000000266446,elsewhere,39,non-restrictive,1,dog,3
7210,0.41470111111111113,0.702725925925926,3230.88477,0.17432,3231.05909,3230.91332,3231.05909,145.7700000000841,elsewhere,40,restrictive,1,mascara,4
7211,0.4157830434782609,0.6773195652173913,3231.06567,0.26123,3231.3269,3231.06567,3231.16532,99.6500000001106,elsewhere,40,restrictive,1,mascara,4
7245,0.8053414999999999,0.49393349999999997,3240.26904,0.26123,3240.53027,3240.3494100000003,3240.53027,180.85999999993874,elsewhere,41,non-restrictive,1,dough,1
7246,0.7795588659793814,0.5108453608247423,3240.53711,0.6228,3241.1599100000003,3240.53711,3240.6224100000004,85.30000000018845,elsewhere,41,non-restrictive,1,dough,1
7278,0.17480679999999998,0.40570613333333333,3248.70215,0.45532,3249.15747,3248.88522,3249.13722,251.9999999999527,pos4,42,restrictive,1,bell,4
7306,0.19804820512820515,0.44480512820512824,3255.9563,0.23438,3256.1906799999997,3256.1713499999996,3256.1906799999997,19.33000000008178,elsewhere,43,non-restrictive,1,radio,3
7307,0.40284489795918366,0.7389383673469387,3256.21753,0.28149,3256.4990199999997,3256.21753,3256.46535,247.820000000047,elsewhere,43,non-restrictive,1,radio,3
7336,0.6673620833333334,0.5962616666666667,3265.33374,0.1543,3265.48804,3265.4240999999997,3265.48804,63.940000000457076,elsewhere,44,restrictive,1,carpet,4
7337,0.6936671428571428,0.6021757142857143,3265.49463,0.13379,3265.62842,3265.49463,3265.62842,133.78999999986263,elsewhere,44,restrictive,1,carpet,4
7338,0.7863165000000001,0.52324375,3265.6355,0.26099,3265.89649,3265.6355,3265.6761,40.600000000267755,elsewhere,44,restrictive,1,carpet,4
7366,0.5740982142857144,0.2969578571428571,3273.98096,0.16138,3274.14234,3274.0924999999997,3274.14234,49.84000000013111,pos1,45,restrictive,1,carrot,2
7367,0.76075375,0.5264595,3274.22925,0.24121,3274.47046,3274.22925,3274.3235,94.25000000010186,elsewhere,45,restrictive,1,carrot,2
7397,0.6561206666666667,0.6098986666666666,3282.52173,0.19409,3282.71582,3282.52319,3282.71582,192.6300000000083,elsewhere,46,non-restrictive,1,candle,3
7398,0.7218285185185186,0.5784366666666666,3282.72266,0.15405,3282.87671,3282.72266,3282.77519,52.52999999993335,elsewhere,46,non-restrictive,1,candle,3
7433,0.638990119047619,0.6765030952380953,3290.90088,0.55591,3291.45679,3291.1845700000003,3291.45679,272.2199999998338,elsewhere,47,restrictive,1,orange,2
7434,0.5151619230769231,0.6725742307692308,3291.46313,0.14795,3291.61108,3291.46313,3291.52057,57.440000000042346,elsewhere,47,restrictive,1,orange,2
7462,0.14742627906976746,0.370666976744186,3299.28735,0.28149,3299.56884,3299.34565,3299.56884,223.189999999704,pos4,48,non-restrictive,1,cake,1
7463,0.301865625,0.637661875,3299.57544,0.08008,3299.6555200000003,3299.57544,3299.57665,1.2099999999009015,pos3,48,non-restrictive,1,cake,1
7491,0.17938,0.41087724137931037,3307.07739,0.1875,3307.26489,3307.24192,3307.26489,22.969999999986612,pos4,49,non-restrictive,1,blouse,1
7492,0.25912090909090907,0.52357,3307.27173,0.12061,3307.39234,3307.27173,3307.39234,120.60999999994237,pos3,49,non-restrictive,1,blouse,1
7493,0.3876275,0.6544428125,3307.41895,0.20801,3307.62696,3307.41895,3307.51492,95.969999999852,elsewhere,49,non-restrictive,1,blouse,1
1662,0.4925249519230769,0.09839432692307692,560.99371,1.38647,562.38018,561.56898,561.8839800000001,315.00000000005457,subject,0,non-restrictive,19,balloon,2
1690,0.49168480000000003,0.1080116,570.4314,0.32812,570.7595200000001,570.66846,570.7595200000001,91.06000000008407,subject,1,restrictive,19,bottle,1
1691,0.49267883333333334,0.09837416666666667,570.7663,0.39526,571.16156,570.7663,570.96246,196.15999999996347,subject,1,restrictive,19,bottle,1
1713,0.50939,0.224625,578.66345,0.15424,578.81769,578.7682599999999,578.81769,49.430000000029395,elsewhere,2,restrictive,19,scarf,1
1714,0.49616645161290324,0.09777129032258064,578.8244,0.20093,579.0253299999999,578.8244,579.0253299999999,200.9299999999712,subject,2,restrictive,19,scarf,1
1715,0.488588947368421,0.09826473684210527,579.03204,0.24792,579.2799600000001,579.03204,579.0622599999999,30.219999999872016,subject,2,restrictive,19,scarf,1
1743,0.48675792792792794,0.11443549549549549,587.32422,0.73706,588.06128,587.92399,588.06128,137.29000000000724,subject,3,non-restrictive,19,blouse,2
1744,0.48685958333333335,0.114455625,588.06805,0.31433,588.38238,588.06805,588.1969899999999,128.9399999999432,subject,3,non-restrictive,19,blouse,2
1763,0.49465749999999997,0.09082354166666667,597.12408,0.63599,597.76007,597.27098,597.58598,314.9999999999409,subject,4,non-restrictive,19,lego,2
1785,0.49353431372549017,0.2225478431372549,605.63092,0.3349,605.9658199999999,605.9606299999999,605.9658199999999,5.189999999970496,subject,5,restrictive,19,mascara,1
1786,0.4938839130434783,0.2965886956521739,605.97241,0.14752,606.11993,605.97241,606.11993,147.51999999998588,subject,5,restrictive,19,mascara,1
1787,0.5033666666666666,0.20553933333333332,606.12659,0.09351,606.2201,606.12659,606.21263,86.04000000002543,subject,5,restrictive,19,mascara,1
1802,0.18044986206896552,0.41548,613.52148,0.94452,614.466,614.2810000000001,614.466,184.99999999994543,pos4,6,restrictive,19,suitcase,3
1803,0.377950625,0.52199125,614.49274,0.20728,614.70002,614.49274,614.659,166.25999999996566,elsewhere,6,restrictive,19,suitcase,3
1816,0.8000086127167629,0.47884491329479767,622.48328,1.11249,623.59577,622.94619,623.24019,293.9999999999827,elsewhere,7,restrictive,19,banana,3
1838,0.598589534883721,0.7121009302325582,631.33862,0.28162,631.62024,631.45274,631.62024,167.5000000000182,elsewhere,8,non-restrictive,19,dough,2
1839,0.6367717424242425,0.7248382575757576,631.62689,0.87756,632.50445,631.62689,631.72574,98.84999999997035,elsewhere,8,non-restrictive,19,dough,2
1860,0.4683995454545455,0.1792659090909091,639.71851,0.24725,639.96576,639.9401799999999,639.96576,25.58000000010452,subject,9,restrictive,19,mountain,3
1861,0.39575895833333335,0.7633745833333333,640.0127,0.31525,640.32795,640.0127,640.21318,200.47999999997046,elsewhere,9,restrictive,19,mountain,3
1880,0.8066004761904761,0.41830253968253966,647.39478,0.41516,647.80994,647.52429,647.80994,285.6500000000324,elsewhere,10,restrictive,19,lamp,1
1881,0.8052969148936171,0.42078712765957443,647.81592,0.62366,648.43958,647.81592,647.83929,23.36999999999989,elsewhere,10,restrictive,19,lamp,1
1898,0.48980026315789477,0.06369815789473683,655.96844,0.24762,656.21606,656.0455900000001,656.21606,170.4699999999093,elsewhere,11,restrictive,19,newspaper,3
1899,0.48615951219512193,0.09161439024390244,656.2229,0.26807,656.49097,656.2229,656.31859,95.6899999999905,subject,11,restrictive,19,newspaper,3
1919,0.48803382978723403,0.07488170212765957,663.67157,0.30804,663.97961,663.7051,663.97961,274.50999999996384,elsewhere,12,restrictive,19,wood,3
1920,0.478796,0.17747866666666667,663.98633,0.3548,664.3411299999999,663.98633,664.0201000000001,33.77000000011776,subject,12,restrictive,19,wood,3
1941,0.4906007142857143,0.05158464285714286,671.92358,0.18085,672.10443,672.01842,672.10443,86.00999999998749,elsewhere,13,non-restrictive,19,mushrooms,4
1942,0.49005189655172415,0.0652555172413793,672.11127,0.38165,672.49292,672.11127,672.2914199999999,180.14999999991232,elsewhere,13,non-restrictive,19,mushrooms,4
1967,0.5016168867924529,0.15262858490566036,680.03485,0.7038,680.73865,680.32492,680.57692,251.9999999999527,subject,14,restrictive,19,bell,1
1989,0.49015753521126754,0.1611632394366197,687.58423,0.9245,688.50873,687.96992,688.2429199999999,272.99999999991087,subject,15,non-restrictive,19,kitten,2
2008,0.50017325,0.091461,695.93024,0.26123,696.19147,696.00469,696.19147,186.77999999999884,subject,16,non-restrictive,19,shirt,4
2009,0.4935728676470589,0.06994279411764705,696.19843,0.90399,697.10242,696.19843,696.38269,184.25999999999476,elsewhere,16,non-restrictive,19,shirt,4
2031,0.5804865217391305,0.1779826086956522,704.33661,0.12738,704.46399,704.38439,704.46399,79.59999999991396,elsewhere,17,non-restrictive,19,violin,4
2032,0.8337822666666667,0.46615066666666666,704.49042,0.49591,704.98633,704.49042,704.63639,145.9700000000339,elsewhere,17,non-restrictive,19,violin,4
2055,0.4934157142857143,0.054656666666666666,712.5484,0.41534,712.96374,712.87004,712.96374,93.70000000001255,elsewhere,18,non-restrictive,19,dress,2
2056,0.4876844262295082,0.05076147540983606,712.97021,0.40204,713.37225,712.97021,713.16404,193.83000000004813,elsewhere,18,non-restrictive,19,dress,2
2073,0.49361121212121206,0.08591969696969697,720.61328,0.21423,720.8275100000001,720.7722,720.8275100000001,55.3100000000768,subject,19,restrictive,19,bread,1
2074,0.5170833684210526,0.12578557894736844,720.83447,0.58942,721.42389,720.83447,721.0242,189.72999999994045,elsewhere,19,restrictive,19,bread,1
2090,0.49827031250000003,0.1031865625,728.16241,0.42194,728.58435,728.32863,728.58435,255.71999999999662,subject,20,non-restrictive,19,football,4
2091,0.49714521739130435,0.11347826086956521,728.59106,0.1474,728.7384599999999,728.59106,728.60163,10.570000000029722,subject,20,non-restrictive,19,football,4
2110,0.7940584090909091,0.45819238636363635,736.12,0.56238,736.68238,736.48413,736.68238,198.24999999991633,elsewhere,21,restrictive,19,orange,3
2111,0.54122675,0.34559825,736.70911,0.28131,736.99042,736.70911,736.8201300000001,111.02000000005319,elsewhere,21,restrictive,19,orange,3
2135,0.4796154761904762,0.11083000000000001,744.01044,0.27466,744.2851,744.03572,744.2851,249.38000000008742,subject,22,restrictive,19,shoelace,1
2136,0.5223591176470589,0.1625754411764706,744.29163,0.40875,744.7003800000001,744.29163,744.30872,17.08999999993921,elsewhere,22,restrictive,19,shoelace,1
2152,0.48848635416666664,0.08774875,751.31122,0.63654,751.94776,751.55472,751.82772,273.00000000002456,subject,23,non-restrictive,19,ball,2
2170,0.8167524183006536,0.5072448366013071,758.95422,0.94427,759.8984899999999,759.21805,759.4490499999999,230.99999999999454,elsewhere,24,non-restrictive,19,coat,4
2191,0.8192973626373626,0.4603610989010989,767.75586,1.19226,768.94812,768.0872800000001,768.3812800000001,293.9999999999827,elsewhere,25,restrictive,19,hat,1
2212,0.4862619767441861,0.12011860465116278,776.57745,0.52875,777.1062,776.95048,777.1062,155.71999999997388,subject,26,restrictive,19,cigarettes,3
2213,0.3993296875,0.7586822321428571,777.1535,1.51355,778.66705,777.1535,777.22348,69.97999999998683,elsewhere,26,restrictive,19,cigarettes,3
2233,0.8194272916666666,0.4888875,784.26709,0.31458,784.58167,784.57785,784.58167,3.8200000000188084,elsewhere,27,non-restrictive,19,boat,2
2234,0.7370703571428571,0.38384785714285713,784.5885,0.16077,784.7492699999999,784.5885,784.7492699999999,160.76999999995678,elsewhere,27,non-restrictive,19,boat,2
2235,0.5108481481481482,0.09089777777777777,784.77612,0.17395,784.95007,784.77612,784.85085,74.73000000004504,elsewhere,27,non-restrictive,19,boat,2
2261,0.529729,0.191386,793.87244,0.12701,793.99945,793.9231900000001,793.99945,76.25999999993383,elsewhere,28,restrictive,19,carrot,3
2262,0.5044760869565217,0.1042845652173913,794.00598,0.30188,794.30786,794.00598,794.1541900000001,148.2100000000628,elsewhere,28,restrictive,19,carrot,3
2281,0.7840120833333333,0.44016208333333334,802.21167,0.29474,802.5064100000001,802.4075899999999,802.5064100000001,98.82000000015978,elsewhere,29,non-restrictive,19,candle,4
2282,0.50282625,0.140071875,802.53314,0.13403,802.66717,802.53314,802.65959,126.44999999997708,subject,29,non-restrictive,19,candle,4
2304,0.7854781666666667,0.41522366666666666,811.16058,0.35468,811.51526,811.2017500000001,811.47475,272.99999999991087,elsewhere,30,restrictive,19,canvas,3
2331,0.18098923076923076,0.413342,819.48651,0.40857,819.89508,819.78105,819.89508,114.029999999957,pos4,31,non-restrictive,19,apron,4
2332,0.3792184,0.7669198,819.92151,0.32855,820.25006,819.92151,820.15905,237.53999999996722,elsewhere,31,non-restrictive,19,apron,4
2353,0.5185275757575757,0.14836212121212122,827.80573,0.23456,828.04029,827.95793,828.04029,82.35999999999422,elsewhere,32,restrictive,19,baby,1
2354,0.49389083333333333,0.08557833333333333,828.08691,0.15411,828.2410199999999,828.08691,828.2410199999999,154.109999999946,subject,32,restrictive,19,baby,1
2355,0.49764243902439026,0.08553512195121951,828.24792,0.26776,828.51568,828.24792,828.35693,109.01000000001204,subject,32,restrictive,19,baby,1
2380,0.652606265060241,0.7829354216867469,836.06464,0.54901,836.61365,836.37162,836.61365,242.02999999999975,elsewhere,33,non-restrictive,19,man,4
2381,0.6102210714285714,0.7490519642857143,836.62024,0.34882,836.96906,836.62024,836.66562,45.38000000002285,elsewhere,33,non-restrictive,19,man,4
2405,0.49622176470588236,0.08869485294117647,844.40356,0.90479,845.30835,844.75314,845.04714,293.9999999999827,subject,34,non-restrictive,19,radio,4
2428,0.4809138,0.071516,853.50696,0.32812,853.8350800000001,853.63705,853.8350800000001,198.03000000001703,elsewhere,35,restrictive,19,carpet,1
2429,0.5075683516483517,0.11068725274725275,853.84186,0.58282,854.42468,853.84186,853.88905,47.19000000000051,elsewhere,35,restrictive,19,carpet,1
2451,0.49793424999999997,0.08620075,861.71906,0.26129,861.98035,861.90737,861.98035,72.98000000002958,subject,36,non-restrictive,19,machine,4
2452,0.4997459375,0.0839034375,861.98706,0.20746,862.19452,861.98706,862.19452,207.4599999999691,subject,36,non-restrictive,19,machine,4
2453,0.49036867647058824,0.08556117647058824,862.20135,0.90424,863.10559,862.20135,862.83137,630.019999999945,subject,36,non-restrictive,19,machine,4
2478,0.4934227419354839,0.14086814516129031,870.97565,0.78418,871.75983,870.98051,871.2955099999999,314.9999999999409,subject,37,restrictive,19,wine,3
2508,0.4988494117647059,0.08538367647058824,882.2627,0.44855,882.71125,882.6025500000001,882.71125,108.69999999988522,subject,38,restrictive,19,flower,3
2509,0.4990302597402598,0.09371376623376623,882.71814,0.50879,883.2269299999999,882.71814,882.89655,178.410000000099,subject,38,restrictive,19,flower,3
2531,0.4895534615384615,0.15553115384615385,890.66229,0.16742,890.82971,890.66229,890.82971,167.4199999999928,subject,39,non-restrictive,19,dice,4
2532,0.489884,0.0942535,890.83649,0.12714,890.9636300000001,890.83649,890.9561,119.60999999996602,subject,39,non-restrictive,19,dice,4
2555,0.5208466666666667,0.29031333333333337,898.59973,0.03345,898.63318,898.59973,898.63318,33.45000000001619,elsewhere,40,non-restrictive,19,milk,2
2556,0.5267248979591836,0.2713916326530612,898.68005,0.32153,899.0015800000001,898.68005,898.87183,191.7799999999943,elsewhere,40,non-restrictive,19,milk,2
2576,0.5034730000000001,0.08250933333333334,906.69116,0.1944,906.8855599999999,906.84324,906.8855599999999,42.31999999990421,subject,41,non-restrictive,19,beer,2
2577,0.4962562962962963,0.0975787037037037,906.89215,0.35492,907.24707,906.89215,907.15824,266.08999999996286,subject,41,non-restrictive,19,beer,2
2596,0.7944686885245902,0.4883675409836066,914.55487,0.40198,914.95685,914.95573,914.95685,1.1200000000144428,elsewhere,42,non-restrictive,19,rabbit,2
2597,0.7641439999999999,0.4239394285714286,914.96332,0.42224,915.3855599999999,914.96332,915.24973,286.41000000004624,elsewhere,42,non-restrictive,19,rabbit,2
2625,0.48799577586206894,0.07302844827586207,923.65747,0.77081,924.42828,923.8531700000001,924.12617,272.99999999991087,elsewhere,43,restrictive,19,book,3
2645,0.7929481578947368,0.47423368421052625,932.33893,0.2478,932.58673,932.42485,932.58673,161.87999999999647,elsewhere,44,non-restrictive,19,piano,2
2646,0.7514805555555555,0.5082735185185185,932.59338,0.3349,932.92828,932.59338,932.6768500000001,83.4700000000339,elsewhere,44,non-restrictive,19,piano,2
2669,0.1954821568627451,0.3689690196078431,940.92596,0.35504,941.2810000000001,941.06989,941.2810000000001,211.11000000007607,elsewhere,45,restrictive,19,stamp,3
2670,0.2008008,0.3871788,941.32782,0.30817,941.63599,941.32782,941.3848899999999,57.069999999953325,elsewhere,45,restrictive,19,stamp,3
2695,0.4994682692307692,0.09577980769230769,949.17834,0.34161,949.51995,949.17834,949.42601,247.66999999997097,subject,46,non-restrictive,19,dog,4
2716,0.48155375,0.0753040625,957.71179,0.20709,957.91888,957.87068,957.91888,48.199999999951615,elsewhere,47,non-restrictive,19,cake,2
2717,0.49801755555555555,0.10251555555555555,957.92621,0.29456,958.22077,957.92621,958.10168,175.47000000001844,subject,47,non-restrictive,19,cake,2
2739,0.5018658783783784,0.08800756756756756,966.02448,0.94434,966.96882,966.44345,966.71645,273.00000000002456,subject,48,restrictive,19,child,1
2766,0.5153849438202247,0.11192539325842697,974.65173,0.56934,975.22107,974.8662899999999,975.18129,315.00000000005457,elsewhere,49,restrictive,19,safe,1
3900,0.5179786363636364,0.20564090909090907,2423.64429,0.14746,2423.7917500000003,2423.6938200000004,2423.7917500000003,97.9299999999057,elsewhere,0,non-restrictive,20,baby,2
3901,0.4937639130434782,0.34138521739130434,2423.97925,0.14697,2424.1262199999996,2423.97925,2424.02982,50.5700000003344,subject,0,non-restrictive,20,baby,2
3930,0.4851379310344827,0.3140137931034483,2433.64478,0.18774,2433.83252,2433.64478,2433.83252,187.7399999998488,subject,1,restrictive,20,machine,1
3931,0.4775554838709677,0.3173206451612903,2433.83887,0.20117,2434.04004,2433.83887,2434.04004,201.16999999982,subject,1,restrictive,20,machine,1
3932,0.5236500000000001,0.29121098039215687,2434.04663,0.32129,2434.3679199999997,2434.04663,2434.3679199999997,321.28999999986263,elsewhere,1,restrictive,20,machine,1
3983,0.48655425,0.37102500000000005,2451.73657,0.25464,2451.99121,2451.97507,2451.99121,16.14000000017768,subject,2,restrictive,20,milk,3
3984,0.47514742857142855,0.30076714285714284,2452.17896,0.22754,2452.4065,2452.17896,2452.24807,69.10999999990963,subject,2,restrictive,20,milk,3
4014,0.4991957894736842,0.23290842105263157,2461.53638,0.25439,2461.79077,2461.7459,2461.79077,44.870000000173604,subject,3,restrictive,20,mushrooms,1
4015,0.47412624999999997,0.28130625,2461.95825,0.10059,2462.05884,2461.95825,2462.0189,60.649999999895954,subject,3,restrictive,20,mushrooms,1
4051,0.4961647058823529,0.14947588235294118,2472.41431,0.10718,2472.52149,2472.4904500000002,2472.52149,31.039999999848078,subject,4,non-restrictive,20,flower,4
4052,0.5129921875,0.18020125,2472.52783,0.20142,2472.72925,2472.52783,2472.72925,201.41999999987092,elsewhere,4,non-restrictive,20,flower,4
4077,0.4982163636363637,0.18173931818181818,2480.00342,0.28809,2480.29151,2480.09909,2480.29151,192.41999999985637,subject,5,restrictive,20,boat,3
4078,0.47859764705882357,0.10959117647058823,2480.2981,0.1875,2480.4856,2480.2981,2480.39309,94.99000000005253,subject,5,restrictive,20,boat,3
4102,0.5120916129032258,0.3367009677419355,2488.13501,0.18091,2488.31592,2488.2674300000003,2488.31592,48.48999999967418,elsewhere,6,non-restrictive,20,mountain,4
4103,0.6319027586206897,0.6301855172413793,2488.34277,0.1875,2488.53027,2488.34277,2488.53027,187.5,elsewhere,6,non-restrictive,20,mountain,4
4104,0.6293377777777778,0.6141692592592592,2488.53687,0.15405,2488.69092,2488.53687,2488.56143,24.560000000292348,elsewhere,6,non-restrictive,20,mountain,4
4127,0.5168671428571429,0.2060917857142857,2495.79785,0.16748,2495.96533,2495.9062099999996,2495.96533,59.12000000034823,elsewhere,7,non-restrictive,20,bell,2
4128,0.49684738095238096,0.22997785714285715,2496.15283,0.55591,2496.70874,2496.15283,2496.20021,47.37999999997555,subject,7,non-restrictive,20,bell,2
4150,0.49848252032520324,0.35046715447154475,2503.67505,0.81689,2504.49194,2503.7145499999997,2504.0715499999997,356.9999999999709,subject,8,restrictive,20,shirt,1
4169,0.49094622641509433,0.16379905660377359,2510.70825,0.34839,2511.0566400000002,2510.9855700000003,2511.0566400000002,71.06999999996333,subject,9,non-restrictive,20,scarf,2
4170,0.49486319999999995,0.19861333333333334,2511.06299,0.49585,2511.5588399999997,2511.06299,2511.25857,195.5800000000636,subject,9,non-restrictive,20,scarf,2
4191,0.5016160416666667,0.1961183333333333,2518.44458,0.31494,2518.75952,2518.44458,2518.75952,314.94000000020606,subject,10,non-restrictive,20,stamp,4
4192,0.502922380952381,0.21074444444444443,2518.76611,0.41528,2519.18139,2518.76611,2518.93925,173.13999999987573,subject,10,non-restrictive,20,stamp,4
4210,0.48946425,0.20770375,2525.53809,0.26123,2525.79932,2525.78631,2525.79932,13.01000000012209,subject,11,restrictive,20,cake,3
4211,0.4944392857142857,0.20601380952380954,2525.80591,0.28149,2526.0874,2525.80591,2526.03831,232.3999999998705,subject,11,restrictive,20,cake,3
4233,0.494311095890411,0.20118808219178083,2532.91943,0.48218,2533.40161,2532.97215,2533.2031500000003,231.00000000022192,subject,12,restrictive,20,ball,3
4252,0.49736325757575756,0.20449931818181818,2540.23389,0.89038,2541.12427,2540.46166,2540.73466,273.00000000013824,subject,13,restrictive,20,lego,3
4271,0.5020871875,0.2212803125,2547.71606,0.20752,2547.92358,2547.71606,2547.92358,207.51999999993131,subject,14,restrictive,20,coat,1
4272,0.4968235294117647,0.19546588235294116,2547.93018,0.33496,2548.26514,2547.93018,2547.99074,60.560000000350556,subject,14,restrictive,20,coat,1
4292,0.4931855882352941,0.20912661764705884,2554.59473,0.44873,2555.04346,2554.88007,2555.04346,163.38999999970838,subject,15,non-restrictive,20,orange,4
4293,0.5056979104477612,0.2189455223880597,2555.05005,0.45605,2555.5060999999996,2555.05005,2555.23707,187.0200000003024,elsewhere,15,non-restrictive,20,orange,4
4316,0.48554879999999995,0.16846599999999998,2562.38525,0.16064,2562.54589,2562.5098,2562.54589,36.09000000005835,subject,16,restrictive,20,violin,1
4317,0.4995025,0.17516375,2562.55249,0.26123,2562.81372,2562.55249,2562.7408,188.3100000000013,subject,16,restrictive,20,violin,1
4338,0.4949121276595745,0.20056148936170212,2570.81152,0.30811,2571.11963,2570.9426,2571.11963,177.03000000028624,subject,17,restrictive,20,candle,1
4339,0.6032975,0.1279075,2571.12622,0.10059,2571.22681,2571.12622,2571.22681,100.59000000001106,elsewhere,17,restrictive,20,candle,1
4340,0.5032922222222223,0.25631355555555557,2571.45435,0.29492,2571.74927,2571.45435,2571.5096,55.24999999988722,subject,17,restrictive,20,candle,1
4359,0.4946635294117647,0.19962490196078433,2578.50781,0.33496,2578.84277,2578.6691800000003,2578.84277,173.58999999987645,subject,18,restrictive,20,blouse,3
4360,0.4973156862745098,0.19509666666666667,2578.84937,0.33496,2579.18433,2578.84937,2578.87918,29.80999999999767,subject,18,restrictive,20,blouse,3
4380,0.4972920689655172,0.3058020689655172,2586.12378,0.1875,2586.31128,2586.12378,2586.2204899999997,96.70999999980268,subject,19,non-restrictive,20,book,4
4422,0.5052606382978724,0.17373148936170216,2601.44922,0.29468,2601.7439,2601.58223,2601.7439,161.66999999995824,elsewhere,21,restrictive,20,football,1
4446,0.49853571428571425,0.2253032142857143,2608.80396,0.18091,2608.9848700000002,2608.89009,2608.9848700000002,94.78000000035536,subject,22,non-restrictive,20,safe,2
4447,0.49827000000000005,0.29848,2608.9917,0.05347,2609.04517,2608.9917,2609.04517,53.46999999983382,subject,22,non-restrictive,20,safe,2
4475,0.4814591379310345,0.27035172413793107,2617.39062,0.31543,2617.7060500000002,2617.39189,2617.6438900000003,252.00000000040745,subject,23,non-restrictive,20,bottle,2
4496,0.49451120000000004,0.2312884,2624.35718,0.16089,2624.51807,2624.4777400000003,2624.51807,40.32999999981257,subject,24,non-restrictive,20,canvas,4
4497,0.5316710344827587,0.26014793103448275,2624.52466,0.14746,2624.67212,2624.52466,2624.67212,147.46000000013737,elsewhere,24,non-restrictive,20,canvas,4
4519,0.4970545238095238,0.20607690476190474,2631.97998,0.27417,2632.25415,2632.06271,2632.25415,191.4400000000569,subject,25,non-restrictive,20,wine,4
4520,0.4960985294117647,0.1803223529411765,2632.26074,0.677,2632.9377400000003,2632.26074,2632.35671,95.969999999852,subject,25,non-restrictive,20,wine,4
4540,0.49038811594202897,0.2597627536231884,2639.52173,0.46924,2639.99097,2639.72978,2639.96078,230.99999999976717,subject,26,restrictive,20,balloon,3
4561,0.5007914285714286,0.20788476190476188,2647.11108,0.13354,2647.24462,2647.2246,2647.24462,20.019999999931315,subject,27,non-restrictive,20,carpet,2
4562,0.49319666666666667,0.20178055555555555,2647.25146,0.11401,2647.3654699999997,2647.25146,2647.3654699999997,114.00999999978012,subject,27,non-restrictive,20,carpet,2
4578,0.49755619047619043,0.34569285714285714,2654.90796,0.13403,2655.04199,2654.99274,2655.04199,49.250000000029104,subject,28,non-restrictive,20,newspaper,4
4601,0.4954620689655172,0.20015724137931035,2662.68457,0.38135,2663.06592,2662.86228,2663.06592,203.64000000017768,subject,29,non-restrictive,20,carrot,4
4602,0.4967428333333333,0.204378,2663.073,0.39502,2663.46802,2663.073,2663.1562799999997,83.27999999983149,subject,29,non-restrictive,20,carrot,4
4624,0.4969743157894737,0.20536715789473683,2670.14648,0.62964,2670.77612,2670.29685,2670.61185,314.9999999995998,subject,30,restrictive,20,dice,1
4644,0.4964583928571429,0.19402392857142856,2676.7373,0.74365,2677.4809499999997,2677.436,2677.4809499999997,44.949999999516876,subject,31,non-restrictive,20,bread,2
4645,0.4921216666666666,0.19690333333333332,2677.48779,0.08032,2677.56811,2677.48779,2677.56811,80.32000000002881,subject,31,non-restrictive,20,bread,2
4670,0.5076546666666667,0.21131155555555556,2684.58789,0.29468,2684.8825699999998,2684.71115,2684.8825699999998,171.41999999967084,elsewhere,32,non-restrictive,20,suitcase,4
4671,0.5026835714285715,0.17634642857142854,2684.8894,0.18066,2685.07006,2684.8894,2685.06815,178.75000000003638,subject,32,non-restrictive,20,suitcase,4
4689,0.4944729411764706,0.2113479411764706,2692.01587,0.22119,2692.2370600000004,2692.16672,2692.2370600000004,70.34000000021479,subject,33,restrictive,20,piano,3
4690,0.4973427777777778,0.18198694444444444,2692.24365,0.23462,2692.47827,2692.24365,2692.46072,217.07000000014887,subject,33,restrictive,20,piano,3
4712,0.6738793103448276,0.3179658620689655,2700.20142,0.14722,2700.3486399999997,2700.2132300000003,2700.3486399999997,135.4099999994105,pos1,34,non-restrictive,20,hat,2
4713,0.49588,0.21761023255813952,2700.53638,0.28125,2700.81763,2700.53638,2700.54923,12.850000000071304,subject,34,non-restrictive,20,hat,2
4737,0.5067787878787879,0.27130333333333334,2707.80396,0.21436,2708.01832,2707.99202,2708.01832,26.299999999991996,elsewhere,35,restrictive,20,man,1
4738,0.4952145454545454,0.21993909090909092,2708.0249,0.28784,2708.31274,2708.0249,2708.24402,219.1200000002027,subject,35,restrictive,20,man,1
4757,0.47768203703703704,0.2548914814814815,2715.17212,0.35498,2715.5271000000002,2715.17845,2715.45145,273.00000000013824,subject,36,restrictive,20,dough,3
4773,0.46138363636363633,0.4910772727272727,2722.39917,0.12085,2722.52002,2722.39917,2722.52002,120.84999999979118,pos2,37,non-restrictive,20,wood,4
4795,0.4985457142857143,0.17130673469387755,2729.11084,0.2749,2729.3857399999997,2729.26264,2729.3857399999997,123.09999999979482,subject,38,non-restrictive,20,lamp,2
4823,0.5316566666666667,0.06771222222222223,2737.73169,0.0603,2737.79199,2737.7729099999997,2737.79199,19.080000000485597,elsewhere,39,restrictive,20,beer,3
4824,0.46879363636363636,0.22409121212121214,2737.95923,0.39551,2738.3547399999998,2737.95923,2738.06691,107.68000000007305,subject,39,restrictive,20,beer,3
4841,0.4899670588235294,0.240645,2745.05957,0.22119,2745.28076,2745.21944,2745.28076,61.32000000025073,subject,40,non-restrictive,20,banana,4
4842,0.4928964,0.2052538,2745.28735,0.32812,2745.61547,2745.28735,2745.47144,184.08999999974185,subject,40,non-restrictive,20,banana,4
4865,0.49554452830188683,0.20997377358490565,2753.11084,0.34839,2753.45923,2753.38524,2753.45923,73.989999999867,subject,41,restrictive,20,rabbit,3
4866,0.4904911111111111,0.2218738888888889,2753.46582,0.23462,2753.70044,2753.46582,2753.70024,234.42000000022745,subject,41,restrictive,20,rabbit,3
4883,0.49240636363636364,0.2837931818181818,2761.08838,0.14062,2761.2290000000003,2761.10081,2761.2290000000003,128.19000000035885,subject,42,restrictive,20,kitten,3
4884,0.49246564102564105,0.2593505128205128,2761.23535,0.25513,2761.49048,2761.23535,2761.41581,180.46000000003914,subject,42,restrictive,20,kitten,3
4902,0.49457999999999996,0.23453777777777776,2768.98584,0.17383,2769.15967,2768.98584,2769.15967,173.83000000018,subject,43,non-restrictive,20,shoelace,2
4903,0.4968061904761905,0.21921190476190475,2769.16626,0.2749,2769.44116,2769.16626,2769.19506,28.800000000046566,subject,43,non-restrictive,20,shoelace,2
4923,0.7929786486486486,0.42231783783783783,2776.90308,0.24097,2777.14405,2777.13404,2777.14405,10.009999999965657,elsewhere,44,non-restrictive,20,child,2
4924,0.815244,0.41599559999999997,2777.15088,0.1604,2777.3112800000004,2777.15088,2777.3112800000004,160.40000000020882,elsewhere,44,non-restrictive,20,child,2
4925,0.6074672727272726,0.32581,2777.31836,0.08032,2777.3986800000002,2777.31836,2777.3986800000002,80.32000000002881,pos1,44,non-restrictive,20,child,2
4945,0.46724262295081964,0.23345688524590166,2784.84033,0.36865,2785.20898,2784.91015,2785.20898,298.82999999972526,subject,45,non-restrictive,20,cigarettes,4
4964,0.2306548387096774,0.5144596774193548,2792.87842,0.20093,2793.07935,2792.87842,2792.9352999999996,56.87999999963722,pos3,46,restrictive,20,dog,1
4988,0.4984454838709677,0.17991408602150535,2800.44751,0.61523,2801.06274,2800.6244800000004,2800.96048,335.99999999978536,subject,47,restrictive,20,apron,1
5006,0.49505309523809526,0.17893583333333332,2808.30444,0.56274,2808.8671799999997,2808.63771,2808.8671799999997,229.4699999997647,subject,48,non-restrictive,20,mascara,2
5027,0.4992375,0.07984250000000001,2816.69067,0.1272,2816.81787,2816.69067,2816.81787,127.1999999999025,subject,49,restrictive,20,dress,3
5028,0.49340740740740735,0.1307185185185185,2816.82422,0.17407,2816.99829,2816.82422,2816.87086,46.640000000024884,subject,49,restrictive,20,dress,3
709,0.4995006666666667,0.15539733333333333,244.93092,0.19438,245.12529999999998,244.97653,245.12529999999998,148.76999999998475,subject,0,non-restrictive,21,man,1
710,0.49842545454545456,0.13021045454545455,245.13194,0.12047,245.25241,245.13194,245.25241,120.47000000001162,subject,0,non-restrictive,21,man,1
746,0.4905726136363636,0.051902954545454544,253.85986,0.58264,254.4425,254.42713,254.4425,15.369999999990114,elsewhere,1,restrictive,21,wine,4
747,0.4972564,0.06718133333333333,254.44922,0.49567,254.94489,254.44922,254.74213,292.9100000000062,elsewhere,1,restrictive,21,wine,4
781,0.49400825,0.08578825,263.58557,0.52908,264.11465000000004,263.78752,264.03952,252.00000000000955,subject,2,non-restrictive,21,violin,1
810,0.4933586046511628,0.10857023255813954,272.01132,0.28192,272.29324,272.09202999999997,272.29324,201.21000000006006,subject,3,non-restrictive,21,lego,3
811,0.49418346153846154,0.15323153846153847,272.2999,0.1676,272.4675,272.2999,272.40702999999996,107.12999999998374,subject,3,non-restrictive,21,lego,3
842,0.4910502777777778,0.100915,281.40256,0.47598,281.87854,281.63428,281.87854,244.25999999999704,subject,4,restrictive,21,newspaper,4
843,0.48765875,0.106480625,281.88525,0.20761,282.09286,281.88525,281.90728,22.030000000029304,subject,4,restrictive,21,newspaper,4
874,0.4854171590909091,0.16159022727272726,289.64163,0.58295,290.22458,289.83114,290.08314,252.00000000000955,subject,5,restrictive,21,bell,2
900,0.4930432352941177,0.06639829411764706,296.40021,1.13211,297.53232,296.87575,297.16975,294.00000000003956,elsewhere,6,non-restrictive,21,dress,3
927,0.48905212765957445,0.08224313829787235,303.9158,1.25256,305.16836,304.65223999999995,304.94624,294.00000000003956,subject,7,non-restrictive,21,dice,1
959,0.4876427272727273,0.07630506493506493,311.98712,0.50922,312.49634000000003,312.20009,312.43109,230.99999999999454,subject,8,non-restrictive,21,cake,3
992,0.5024735483870968,0.13011387096774193,320.64774,0.57632,321.22406,320.72694,321.02094,293.9999999999827,subject,9,restrictive,21,flower,4
1031,0.49198638297872344,0.0716140425531915,330.19968,0.30795,330.50763,330.28784,330.50763,219.78999999998905,elsewhere,10,non-restrictive,21,machine,1
1032,0.4970576923076923,0.07197410256410255,330.51404,0.255,330.76904,330.51404,330.76904,254.99999999999545,elsewhere,10,non-restrictive,21,machine,1
1033,0.5002534210526316,0.13939842105263156,330.77557,0.22794,331.00351,330.77557,331.00351,227.9399999999896,subject,10,non-restrictive,21,machine,1
1034,0.50957,0.5150586111111112,331.03027,0.21436,331.24463,331.03027,331.21184,181.570000000022,pos2,10,non-restrictive,21,machine,1
1065,0.49086520833333336,0.080668125,338.51859,0.315,338.83359,338.67611999999997,338.83359,157.47000000004618,subject,11,restrictive,21,stamp,4
1066,0.4908218181818182,0.07967306818181819,338.84048,0.5827,339.42318,338.84048,338.99111999999997,150.63999999995303,subject,11,restrictive,21,stamp,4
1096,0.5152851851851852,0.11311268518518519,346.64389,0.69669,347.34058,346.74594,347.01894,272.9999999999677,elsewhere,12,non-restrictive,21,ball,3
1132,0.50026625,0.13755916666666665,355.58603,0.15396,355.73999,355.66573000000005,355.73999,74.25999999992428,subject,13,non-restrictive,21,football,1
1133,0.5007265217391305,0.08352173913043479,355.7468,0.14737,355.89417000000003,355.7468,355.89417000000003,147.37000000002354,subject,13,non-restrictive,21,football,1
1134,0.48961038461538464,0.11824903846153846,355.90088,0.32141,356.22229,355.90088,355.93873,37.85000000004857,subject,13,non-restrictive,21,football,1
1169,0.4918580263157895,0.09479078947368422,363.6571,0.50269,364.15979,363.70902,364.10802,399.0000000000009,subject,14,restrictive,21,baby,2
1200,0.5057809859154929,0.13785577464788734,371.85605,0.44855,372.3046,371.90117000000004,372.17417,272.9999999999677,elsewhere,15,restrictive,21,shoelace,2
1232,0.4891105128205129,0.07251346153846154,381.15964,0.51608,381.67572,381.39531,381.66831,273.00000000002456,elsewhere,16,non-restrictive,21,mushrooms,1
1265,0.5009753174603174,0.1020963492063492,389.07056,0.81726,389.88782,389.26295,389.51495,252.00000000000955,subject,17,restrictive,21,bread,2
1294,0.48543409638554214,0.10019120481927711,396.63254,0.54962,397.18216,396.76269,397.09869,335.9999999999559,subject,18,restrictive,21,orange,4
1328,0.49366828571428567,0.08244933333333333,404.82489,0.70325,405.52814,405.43833,405.52814,89.80999999999995,subject,19,non-restrictive,21,blouse,3
1329,0.49248685185185187,0.10093055555555557,405.69534,0.35529,406.05063,405.69534,405.71133000000003,15.990000000044802,subject,19,non-restrictive,21,blouse,3
1361,0.4938240650406504,0.07871934959349594,413.62634,0.81726,414.4436,414.03962,414.31262000000004,273.00000000002456,subject,20,restrictive,21,cigarettes,4
1394,0.4900961904761905,0.08939095238095238,422.05933,0.13385,422.19318,422.12897000000004,422.19318,64.20999999994592,subject,21,restrictive,21,suitcase,4
1395,0.49119480000000004,0.0994884,422.19998,0.17429,422.37426999999997,422.19998,422.37426999999997,174.28999999998496,subject,21,restrictive,21,suitcase,4
1396,0.4675511428571429,0.1219397142857143,422.4613,0.44208,422.90337999999997,422.4613,422.50697,45.67000000002963,subject,21,restrictive,21,suitcase,4
1427,0.4931818085106383,0.0804372340425532,431.99265,0.62271,432.61536,432.49526,432.61536,120.10000000003629,subject,22,restrictive,21,banana,4
1428,0.5147906666666666,0.1149131111111111,432.62265,0.29465,432.9173,432.62265,432.78926,166.6099999999915,elsewhere,22,restrictive,21,banana,4
1454,0.4832748837209302,0.13865953488372093,439.6022,0.26086,439.86305999999996,439.63981,439.86305999999996,223.24999999995043,subject,23,restrictive,21,scarf,2
1455,0.3923822222222222,0.4796948148148148,439.89023,0.1738,440.06403,439.89023,439.93381,43.580000000019936,elsewhere,23,restrictive,21,scarf,2
1489,0.5007986,0.151349,448.34985,0.32831,448.67816,448.49669,448.67816,181.46999999999025,subject,24,non-restrictive,21,milk,3
1490,0.543244705882353,0.8554182352941178,448.68503,0.08698,448.77200999999997,448.68503,448.76968999999997,84.6599999999853,elsewhere,24,non-restrictive,21,milk,3
1527,0.3284268965517242,0.7836455172413793,456.8501,0.18744,457.03754,457.01085,457.03754,26.68999999997368,elsewhere,25,restrictive,21,safe,2
1528,0.35108276595744675,0.7451082978723405,457.04434,0.30765,457.35199,457.04434,457.32585,281.5100000000257,elsewhere,25,restrictive,21,safe,2
1560,0.1979272881355932,0.40153406779661016,466.42178,0.36856,466.79034,466.64074999999997,466.79034,149.59000000004608,elsewhere,26,non-restrictive,21,kitten,3
1561,0.48964,0.2447558333333333,466.81711,0.15375,466.97086,466.81711,466.91375,96.63999999997941,subject,26,non-restrictive,21,kitten,3
1592,0.49271727272727267,0.08832909090909091,474.45984,0.14066,474.6005,474.45984,474.6005,140.66000000002532,subject,27,restrictive,21,lamp,2
1593,0.5028765517241379,0.14890706896551723,474.60715,0.36176,474.96891,474.60715,474.66992000000005,62.77000000005728,subject,27,restrictive,21,lamp,2
1618,0.49714901408450707,0.05635704225352113,481.64017,0.46902,482.10919,481.86242,482.10919,246.77000000002636,elsewhere,28,restrictive,21,book,4
1619,0.481288961038961,0.14139558441558442,482.11588,0.46878,482.58466,482.11588,482.13542,19.54000000000633,subject,28,restrictive,21,book,4
1645,0.48795185714285716,0.08354471428571429,490.4151,0.46207,490.87717,490.86742999999996,490.87717,9.740000000022064,subject,29,restrictive,21,hat,2
1646,0.4872560714285714,0.08952339285714285,490.88403,0.36789,491.25192,490.88403,491.16143,277.4000000000001,subject,29,restrictive,21,hat,2
1672,0.486297734375,0.087269296875,497.9238,0.85062,498.77442,498.43171,498.72571,293.9999999999827,subject,30,non-restrictive,21,rabbit,3
1701,0.49115701030927833,0.07248030927835052,507.10037,0.64297,507.74334,507.19614,507.44813999999997,251.9999999999527,elsewhere,31,non-restrictive,21,dog,1
1728,0.48836658227848095,0.07804392405063292,514.70288,0.52234,515.22522,515.19341,515.22522,31.810000000064065,subject,32,non-restrictive,21,candle,1
1729,0.4929,0.07758728813559322,515.23187,0.38861,515.6204799999999,515.23187,515.44541,213.54000000008,subject,32,non-restrictive,21,candle,1
1762,0.4941826829268292,0.08008560975609756,523.41718,0.2677,523.68488,523.56444,523.68488,120.44000000003052,subject,33,non-restrictive,21,apron,1
1763,0.490207619047619,0.09849047619047618,523.69183,0.13397,523.8258,523.69183,523.8258,133.9699999999766,subject,33,non-restrictive,21,apron,1
1764,0.4514548148148148,0.19108814814814817,523.83252,0.15405,523.98657,523.83252,523.9424399999999,109.91999999987456,subject,33,non-restrictive,21,apron,1
1800,0.49080142857142856,0.07723071428571428,533.11633,0.18079,533.29712,533.20415,533.29712,92.96999999992295,subject,34,non-restrictive,21,shirt,1
1801,0.5342577272727272,0.10281386363636363,533.30383,0.2478,533.5516299999999,533.30383,533.5516299999999,247.7999999999838,elsewhere,34,non-restrictive,21,shirt,1
1855,0.4985109836065574,0.07661098360655737,549.4801,0.40186,549.88196,549.84945,549.88196,32.51000000000204,subject,35,restrictive,21,canvas,4
1856,0.4875465217391305,0.08936326086956523,549.88873,0.30096,550.18969,549.88873,550.12245,233.7199999999484,subject,35,restrictive,21,canvas,4
1889,0.4895409677419355,0.09294516129032258,558.26807,0.20111,558.4691799999999,558.33133,558.4691799999999,137.84999999995762,subject,36,non-restrictive,21,coat,1
1890,0.5506735,0.290436,558.47577,0.10724,558.5830100000001,558.47577,558.56233,86.55999999996311,elsewhere,36,non-restrictive,21,coat,1
1926,0.49754864406779664,0.12465389830508475,567.05634,0.36816,567.4245,567.35376,567.4245,70.74000000000069,subject,37,restrictive,21,bottle,2
1927,0.5751665517241379,0.5687903448275862,567.45148,0.16705,567.61853,567.45148,567.61853,167.05000000001746,elsewhere,37,restrictive,21,bottle,2
1928,0.6314505882352941,0.6719582352941176,567.64575,0.3349,567.98065,567.64575,567.64776,2.0099999999274587,elsewhere,37,restrictive,21,bottle,2
1967,0.8110413725490195,0.42825431372549017,576.74188,0.33466,577.07654,576.85312,577.07654,223.42000000003281,elsewhere,38,restrictive,21,child,2
1968,0.8179289655172414,0.4700606896551724,577.08362,0.1875,577.27112,577.08362,577.12612,42.50000000001819,elsewhere,38,restrictive,21,child,2
1998,0.5079555844155844,0.08278298701298702,585.05444,0.46844,585.52288,585.23537,585.52288,287.5099999999975,elsewhere,39,restrictive,21,wood,4
2023,0.4885571641791045,0.07654402985074626,592.89819,0.44196,593.34015,593.2048199999999,593.34015,135.33000000006723,subject,40,non-restrictive,21,piano,3
2024,0.49217222222222223,0.09024296296296297,593.34692,0.17419,593.5211099999999,593.34692,593.45682,109.90000000003874,subject,40,non-restrictive,21,piano,3
2059,0.4855472972972973,0.11416315315315315,602.0144,0.71661,602.73101,602.42002,602.65102,230.99999999999454,subject,41,restrictive,21,carrot,4
2092,0.5008418571428571,0.1588682857142857,611.27765,0.44244,611.72009,611.28597,611.57997,293.9999999999827,subject,42,non-restrictive,21,radio,1
2123,0.5222886486486487,0.17975702702702703,620.06604,0.22119,620.28723,620.1194899999999,620.28723,167.74000000009437,elsewhere,43,non-restrictive,21,dough,3
2124,0.622980487804878,0.47436609756097564,620.31409,0.2478,620.56189,620.31409,620.39249,78.39999999998781,elsewhere,43,non-restrictive,21,dough,3
2149,0.4905091666666667,0.13631291666666667,627.86932,0.29498,628.1643,627.98666,628.1643,177.6399999999967,subject,44,restrictive,21,carpet,2
2150,0.5618684375,0.48746625,628.19061,0.18762,628.37823,628.19061,628.23866,48.04999999998927,elsewhere,44,restrictive,21,carpet,2
2189,0.7942425862068966,0.38097913793103444,637.58197,0.36182,637.9437899999999,637.7220599999999,637.9437899999999,221.72999999997955,elsewhere,45,non-restrictive,21,balloon,3
2190,0.5912371428571429,0.7218508571428571,637.97052,0.20776,638.17828,637.97052,638.03706,66.5400000000318,elsewhere,45,non-restrictive,21,balloon,3
2229,0.359718125,0.7355290625,646.83868,0.20795,647.0466299999999,646.85991,647.0466299999999,186.71999999992295,elsewhere,46,restrictive,21,mountain,4
2230,0.32098041666666666,0.6228520833333333,647.05334,0.13391,647.1872500000001,647.05334,647.13291,79.5699999999897,pos3,46,restrictive,21,mountain,4
2265,0.4921533333333334,0.08572212121212121,655.16492,0.21442,655.3793400000001,655.1867,655.3793400000001,192.64000000009673,subject,47,restrictive,21,mascara,2
2266,0.4909561194029851,0.11060268656716418,655.38605,0.44208,655.82813,655.38605,655.4387,52.65000000008513,subject,47,restrictive,21,mascara,2
2298,0.4915582352941177,0.05188161764705883,663.56458,0.44873,664.0133099999999,663.59599,663.91099,314.9999999999409,elsewhere,48,non-restrictive,21,beer,3
2327,0.4898616666666667,0.09617285714285713,671.76324,0.27448,672.03772,671.95993,672.03772,77.79000000004999,subject,49,non-restrictive,21,boat,3
2328,0.5157604411764707,0.10953926470588235,672.04449,0.42871,672.4732,672.04449,672.23293,188.44000000001415,elsewhere,49,non-restrictive,21,boat,3
2379,0.48228405405405406,0.3967102702702703,1678.52441,0.24109,1678.7655,1678.52441,1678.7655,241.0899999999856,subject,0,non-restrictive,7,dress,4
2380,0.4952836842105263,0.46121894736842106,1678.77222,0.37512,1679.14734,1678.77222,1678.8115599999999,39.33999999981097,pos2,0,non-restrictive,7,dress,4
2419,0.5008944827586207,0.04228103448275862,1688.70581,0.18762,1688.8934299999999,1688.76619,1688.8934299999999,127.23999999980151,elsewhere,1,restrictive,7,wood,1
2420,0.5368666666666667,0.10984059523809525,1688.89954,0.51624,1689.4157799999998,1688.89954,1689.0811899999999,181.64999999999054,elsewhere,1,restrictive,7,wood,1
2452,0.4865598148148148,0.2580177777777778,1697.17236,0.35498,1697.52734,1697.2461400000002,1697.51914,272.99999999991087,subject,2,non-restrictive,7,dough,4
2484,0.4855793939393939,0.1325339393939394,1705.31079,0.21436,1705.52515,1705.33101,1705.52515,194.1399999998339,subject,3,restrictive,7,safe,3
2485,0.48620696428571425,0.14166375,1705.53186,0.36841,1705.90027,1705.53186,1705.64601,114.1499999998814,subject,3,restrictive,7,safe,3
2520,0.5148063917525773,0.23186113402061856,1713.7373,0.60266,1714.33996,1714.22002,1714.33996,119.94000000004235,elsewhere,4,non-restrictive,7,violin,2
2521,0.6904247368421053,0.6520505263157894,1714.38684,0.12073,1714.50757,1714.38684,1714.47202,85.18000000003667,elsewhere,4,non-restrictive,7,violin,2
2559,0.5232067741935483,0.35568483870967743,1722.55176,0.18091,1722.73267,1722.55176,1722.70169,149.9300000000403,elsewhere,5,restrictive,7,bread,3
2585,0.5185545098039216,0.15222950980392155,1730.06763,0.65601,1730.72364,1730.3870599999998,1730.66006,273.00000000013824,elsewhere,6,restrictive,7,cigarettes,1
2612,0.5011952000000001,0.14822480000000002,1738.13892,0.16077,1738.29969,1738.16499,1738.29969,134.7000000000662,subject,7,non-restrictive,7,football,2
2613,0.49601684210526314,0.1535826315789474,1738.3064,0.12061,1738.4270099999999,1738.3064,1738.4270099999999,120.60999999994237,subject,7,non-restrictive,7,football,2
2614,0.4809995833333333,0.18341166666666667,1738.43372,0.15356,1738.58728,1738.43372,1738.4379900000001,4.270000000133223,subject,7,non-restrictive,7,football,2
2641,0.49292780487804877,0.20339926829268296,1746.26379,0.26807,1746.53186,1746.3211099999999,1746.53186,210.75000000018917,subject,8,restrictive,7,newspaper,1
2642,0.49591506849315065,0.20598287671232876,1746.53857,0.4823,1747.0208699999998,1746.53857,1746.59411,55.54000000006454,subject,8,restrictive,7,newspaper,1
2663,0.49827625,0.16353416666666667,1753.6521,0.15405,1753.8061500000001,1753.76316,1753.8061500000001,42.9900000001453,subject,9,non-restrictive,7,blouse,4
2664,0.49824625000000006,0.15977349999999998,1753.81287,0.26099,1754.07386,1753.81287,1754.03616,223.29000000013366,subject,9,non-restrictive,7,blouse,4
2694,0.4983486,0.116287,1761.34155,0.32837,1761.66992,1761.66574,1761.66992,4.180000000133077,subject,10,non-restrictive,7,coat,2
2695,0.49445155555555553,0.13775666666666667,1761.67676,0.29456,1761.97132,1761.67676,1761.89674,219.9799999998504,subject,10,non-restrictive,7,coat,2
2726,0.555050909090909,0.1831256818181818,1769.37964,0.24792,1769.6275600000001,1769.43643,1769.6275600000001,191.13000000015745,elsewhere,11,restrictive,7,carpet,3
2727,0.8231275,0.45475958333333333,1769.67432,0.13403,1769.80835,1769.67432,1769.68843,14.109999999845968,elsewhere,11,restrictive,7,carpet,3
2756,0.7717085714285714,0.41752285714285714,1777.04919,0.08704,1777.1362299999998,1777.07395,1777.1362299999998,62.279999999873326,elsewhere,12,restrictive,7,baby,3
2757,0.7366984848484849,0.3820239393939394,1777.14294,0.19421,1777.33715,1777.14294,1777.33715,194.2100000001119,elsewhere,12,restrictive,7,baby,3
2758,0.4954416,0.2550978,1777.36414,0.328,1777.6921399999999,1777.36414,1777.47295,108.81000000017593,subject,12,restrictive,7,baby,3
2784,0.507798947368421,0.2077342105263158,1784.37048,0.24744,1784.6179200000001,1784.60592,1784.6179200000001,12.000000000170985,elsewhere,13,restrictive,7,book,1
2785,0.5100647222222222,0.21298666666666666,1784.625,0.23413,1784.85913,1784.625,1784.85913,234.13000000005013,elsewhere,13,restrictive,7,book,1
2786,0.5236915789473684,0.25280526315789476,1784.86609,0.12048,1784.98657,1784.86609,1784.8789199999999,12.829999999894426,elsewhere,13,restrictive,7,book,1
2812,0.49440666666666666,0.18018020833333334,1791.85229,0.31482,1792.16711,1791.9136600000002,1792.16711,253.4499999999298,subject,14,non-restrictive,7,radio,2
2813,0.4853267346938776,0.30079326530612244,1792.17383,0.30151,1792.47534,1792.17383,1792.20766,33.83000000007996,subject,14,non-restrictive,7,radio,2
2835,0.4973566037735849,0.13137943396226415,1799.23376,0.34827,1799.58203,1799.3100299999999,1799.58203,272.0000000001619,subject,15,non-restrictive,7,boat,4
2865,0.20815976744186046,0.37555162790697677,1806.3407,0.24109,1806.58179,1806.56638,1806.58179,15.409999999974389,elsewhere,16,restrictive,7,wine,1
2866,0.5123325,0.235006875,1806.62854,0.10059,1806.72913,1806.62854,1806.72913,100.59000000001106,elsewhere,16,restrictive,7,wine,1
2867,0.49770125,0.16577375,1806.73584,0.10059,1806.83643,1806.73584,1806.83643,100.59000000001106,subject,16,restrictive,7,wine,1
2868,0.5004207142857143,0.11236928571428571,1806.84302,0.18091,1807.02393,1806.84302,1806.88138,38.360000000011496,subject,16,restrictive,7,wine,1
2897,0.45583177966101696,0.3648114406779661,1813.73547,0.7428,1814.47827,1814.01269,1814.34869,336.00000000001273,subject,17,restrictive,7,orange,1
2920,0.4931358904109589,0.1291067123287671,1821.24426,0.4823,1821.7265599999998,1821.39232,1821.7265599999998,334.23999999990883,subject,18,non-restrictive,7,shirt,2
2921,0.511087191011236,0.21275943820224721,1821.73328,0.54919,1822.2824699999999,1821.73328,1821.7703199999999,37.03999999993357,elsewhere,18,non-restrictive,7,shirt,2
2945,0.5039384482758621,0.15845241379310343,1828.70569,0.36218,1829.06787,1828.70776,1828.95976,251.9999999999527,elsewhere,19,restrictive,7,mascara,3
2977,0.4954754639175258,0.11455113402061855,1836.38232,0.64282,1837.02514,1836.45577,1836.74977,293.99999999986903,subject,20,restrictive,7,banana,1
3004,0.49959253968253964,0.1442115873015873,1843.71008,0.41541,1844.1254900000001,1844.04405,1844.1254900000001,81.44000000015694,subject,21,non-restrictive,7,rabbit,4
3005,0.5004048,0.12122759999999999,1844.13208,0.16089,1844.2929700000002,1844.13208,1844.2929700000002,160.89000000010856,subject,21,non-restrictive,7,rabbit,4
3006,0.5016863636363637,0.1195140909090909,1844.2998,0.28796,1844.5877600000001,1844.2998,1844.3380499999998,38.24999999983447,subject,21,non-restrictive,7,rabbit,4
3032,0.497215974025974,0.25867727272727276,1851.38647,0.50903,1851.8954999999999,1851.556,1851.808,251.9999999999527,subject,22,restrictive,7,bell,3
3056,0.4999248214285714,0.220486875,1858.55359,0.74353,1859.29712,1858.7270099999998,1859.00001,273.00000000013824,subject,23,non-restrictive,7,milk,4
3086,0.502458717948718,0.2028002564102564,1866.01538,0.25452,1866.2699,1866.0857899999999,1866.2699,184.1100000001461,subject,24,restrictive,7,carrot,1
3087,0.5033381481481481,0.1261285185185185,1866.27673,0.35498,1866.63171,1866.27673,1866.3167899999999,40.059999999812135,subject,24,restrictive,7,carrot,1
3112,0.7923830555555555,0.4891647222222222,1873.27637,0.2345,1873.51087,1873.47326,1873.51087,37.610000000086075,elsewhere,25,restrictive,7,bottle,3
3113,0.8203377419354838,0.4420777419354838,1873.51746,0.20093,1873.71839,1873.51746,1873.71839,200.9299999999712,elsewhere,25,restrictive,7,bottle,3
3114,0.6822131578947368,0.4182063157894737,1873.7251,0.10059,1873.8256900000001,1873.7251,1873.76726,42.15999999996711,elsewhere,25,restrictive,7,bottle,3
3144,0.4924871794871795,0.15728666666666666,1881.27417,0.25439,1881.52856,1881.27417,1881.52856,254.39000000005763,subject,26,non-restrictive,7,man,2
3145,0.4918062686567164,0.13572402985074628,1881.53528,0.44214,1881.9774200000002,1881.53528,1881.56723,31.95000000005166,subject,26,non-restrictive,7,man,2
3171,0.49621600000000005,0.17464333333333334,1888.85645,0.19385,1889.0503,1888.95545,1889.0503,94.85000000017862,subject,27,restrictive,7,flower,1
3172,0.49681142857142857,0.18483714285714287,1889.05737,0.27466,1889.33203,1889.05737,1889.24945,192.08000000003267,subject,27,restrictive,7,flower,1
3201,0.4872535294117647,0.25254764705882354,1896.65332,0.22095,1896.8742699999998,1896.65332,1896.8742699999998,220.9499999999025,subject,28,non-restrictive,7,apron,2
3202,0.5070680769230769,0.09825192307692307,1896.88098,0.16748,1897.04846,1896.88098,1897.0108,129.82000000010885,elsewhere,28,non-restrictive,7,apron,2
3232,0.4950263157894737,0.19069947368421053,1904.40991,0.2478,1904.6577100000002,1904.6233,1904.6577100000002,34.41000000020722,subject,29,non-restrictive,7,balloon,4
3233,0.4905725,0.1861875,1904.66443,0.10046,1904.7648900000002,1904.66443,1904.7648900000002,100.4600000001119,subject,29,non-restrictive,7,balloon,4
3234,0.504615,0.1849039285714286,1904.77161,0.18079,1904.9524,1904.77161,1904.9383,166.69000000001688,elsewhere,29,non-restrictive,7,balloon,4
3263,0.8612382352941177,0.47874647058823533,1912.13306,0.10681,1912.2398699999999,1912.13306,1912.2398699999999,106.80999999999585,elsewhere,30,restrictive,7,mountain,1
3264,0.8311860714285714,0.4801667857142857,1912.24683,0.18079,1912.42762,1912.24683,1912.37321,126.37999999992644,elsewhere,30,restrictive,7,mountain,1
3289,0.49580500000000005,0.1619983870967742,1918.89148,0.40857,1919.30005,1919.1618,1919.30005,138.2499999999709,subject,31,non-restrictive,7,dog,2
3290,0.5024629032258064,0.1438167741935484,1919.30676,0.20093,1919.50769,1919.30676,1919.4138,107.04000000009728,subject,31,non-restrictive,7,dog,2
3316,0.5000395890410959,0.1348123287671233,1926.27954,0.48242,1926.76196,1926.6904900000002,1926.76196,71.46999999986292,subject,32,restrictive,7,lamp,3
3317,0.49562750000000005,0.13339444444444445,1926.76868,0.23438,1927.00306,1926.76868,1927.00306,234.38000000010106,subject,32,restrictive,7,lamp,3
3347,0.49794686274509803,0.10382745098039216,1934.04956,0.33508,1934.38464,1934.0614699999999,1934.33447,273.00000000013824,subject,33,restrictive,7,shoelace,3
3375,0.49565631578947367,0.17800263157894736,1941.64526,0.12048,1941.76574,1941.69396,1941.76574,71.77999999998974,subject,34,non-restrictive,7,candle,2
3376,0.496285,0.23361465517241378,1941.77246,0.38171,1942.15417,1941.77246,1941.94596,173.50000000010368,subject,34,non-restrictive,7,candle,2
3406,0.4292578125,0.2093478125,1949.14722,0.18774,1949.3349600000001,1949.1590399999998,1949.3349600000001,175.92000000036023,elsewhere,35,non-restrictive,7,beer,4
3407,0.5080594871794872,0.12268820512820512,1949.36194,0.25439,1949.61633,1949.36194,1949.4740399999998,112.09999999982756,elsewhere,35,non-restrictive,7,beer,4
3434,0.4968825316455696,0.09150987341772152,1956.05347,0.52246,1956.57593,1956.40831,1956.57593,167.6199999999426,subject,36,non-restrictive,7,dice,2
3435,0.5184633333333333,0.1923559523809524,1956.58252,0.51587,1957.0983899999999,1956.58252,1956.70231,119.78999999996631,elsewhere,36,non-restrictive,7,dice,2
3459,0.4992136486486487,0.11808364864864865,1964.00391,0.48926,1964.49317,1964.01493,1964.28793,272.99999999991087,subject,37,restrictive,7,child,3
3485,0.47233088235294113,0.22084058823529412,1971.37903,0.22095,1971.59998,1971.5007,1971.59998,99.27999999990789,subject,38,restrictive,7,canvas,1
3486,0.5013232,0.2163,1971.60681,0.16077,1971.76758,1971.60681,1971.76758,160.76999999995678,subject,38,restrictive,7,canvas,1
3517,0.6324540476190477,0.7020678571428571,1979.16882,0.53613,1979.70495,1979.6054000000001,1979.70495,99.54999999990832,elsewhere,39,non-restrictive,7,mushrooms,2
3518,0.4513615625,0.57771,1979.73181,0.18762,1979.91943,1979.73181,1979.8784,146.59000000006017,pos2,39,non-restrictive,7,mushrooms,2
3548,0.5216948571428571,0.393428,1987.03284,0.20752,1987.24036,1987.16661,1987.24036,73.75000000001819,elsewhere,40,non-restrictive,7,lego,4
3549,0.49878705882352947,0.23402588235294117,1987.26746,0.10706,1987.37452,1987.26746,1987.37452,107.06000000004678,subject,40,non-restrictive,7,lego,4
3550,0.4970958823529412,0.16408352941176468,1987.3811,0.10718,1987.48828,1987.3811,1987.48161,100.50999999998567,subject,40,non-restrictive,7,lego,4
3579,0.7751374193548387,0.3320554838709678,1994.07275,0.20044,1994.27319,1994.23458,1994.27319,38.61000000006243,elsewhere,41,non-restrictive,7,machine,2
3580,0.7071878571428571,0.3115638095238095,1994.27991,0.21484,1994.49475,1994.27991,1994.49475,214.84000000009473,elsewhere,41,non-restrictive,7,machine,2
3581,0.5046114634146341,0.14626268292682926,1994.56165,0.26807,1994.8297200000002,1994.56165,1994.8297200000002,268.07000000007974,elsewhere,41,non-restrictive,7,machine,2
3582,0.5196734782608696,0.25783304347826086,1994.8363,0.12732,1994.96362,1994.8363,1994.96362,127.32000000005428,elsewhere,41,non-restrictive,7,machine,2
3583,0.5726055555555556,0.5552566666666666,1994.99036,0.15417,1995.14453,1994.99036,1995.14453,154.1700000000219,elsewhere,41,non-restrictive,7,machine,2
3612,0.3997595121951219,0.5988368292682926,2002.22449,0.2478,2002.4722900000002,2002.28907,2002.4722900000002,183.2200000001194,elsewhere,42,non-restrictive,7,kitten,4
3613,0.5197189473684211,0.24782657894736843,2002.49927,0.24768,2002.74695,2002.49927,2002.56207,62.799999999924694,elsewhere,42,non-restrictive,7,kitten,4
3638,0.5117243949044585,0.13990949044585987,2010.18201,1.04492,2011.22693,2010.6277499999999,2010.92175,294.0000000000964,elsewhere,43,restrictive,7,hat,3
3666,0.6672837500000001,0.27753,2018.03247,0.13354,2018.1660100000001,2018.11775,2018.1660100000001,48.26000000025488,pos1,44,non-restrictive,7,cake,4
3667,0.49903183333333334,0.13513650000000002,2018.19299,0.39539,2018.58838,2018.19299,2018.3487499999999,155.7599999998729,subject,44,non-restrictive,7,cake,4
3694,0.5027442424242424,0.1413333333333333,2025.44067,0.4353,2025.87597,2025.44067,2025.69156,250.8900000000267,subject,45,non-restrictive,7,piano,4
3722,0.7678805405405406,0.37354351351351356,2032.68115,0.22131,2032.9024599999998,2032.87158,2032.9024599999998,30.879999999797292,elsewhere,46,restrictive,7,suitcase,1
3723,0.4898604761904762,0.2781095238095238,2032.92932,0.13367,2033.06299,2032.92932,2033.06299,133.66999999993823,subject,46,restrictive,7,suitcase,1
3724,0.5075064285714286,0.15934571428571428,2033.06958,0.08752,2033.1571000000001,2033.06958,2033.1571000000001,87.52000000004045,elsewhere,46,restrictive,7,suitcase,1
3725,0.4946965217391304,0.10987695652173912,2033.1637,0.14746,2033.31116,2033.1637,2033.2495800000002,85.88000000008833,subject,46,restrictive,7,suitcase,1
3752,0.5220964634146341,0.12255475609756099,2039.98926,0.50208,2040.49134,2040.18551,2040.45851,272.99999999991087,elsewhere,47,non-restrictive,7,ball,4
3778,0.739615625,0.450631875,2047.49817,0.10034,2047.59851,2047.49817,2047.59851,100.33999999996013,elsewhere,48,restrictive,7,stamp,1
3779,0.6499442857142858,0.3380680952380952,2047.60498,0.11414,2047.71912,2047.60498,2047.68884,83.85999999995875,pos1,48,restrictive,7,stamp,1
3804,0.2671983333333333,0.4138322222222222,2055.38818,0.2146,2055.6027799999997,2055.42622,2055.6027799999997,176.55999999988126,elsewhere,49,restrictive,7,scarf,3
3805,0.37739833333333334,0.625206875,2055.62964,0.31494,2055.9445800000003,2055.62964,2055.7202199999997,90.57999999959065,elsewhere,49,restrictive,7,scarf,3
915,0.4851733644859813,0.16747607476635515,404.28802,0.71671,405.00473,404.85833,405.00473,146.39999999997144,subject,0,non-restrictive,8,bell,4
916,0.47881607142857147,0.20156833333333335,405.13205,1.13846,406.27051,405.13205,405.15233,20.280000000013843,subject,0,non-restrictive,8,bell,4
942,0.6009703676470588,0.6776095588235294,414.75754,0.88412,415.64166,414.80053999999996,415.13653999999997,336.00000000001273,elsewhere,1,non-restrictive,8,baby,4
969,0.49714035211267604,0.09871049295774648,424.11502,0.92432,425.03934000000004,424.17718,424.47118,293.9999999999827,subject,2,restrictive,8,boat,1
989,0.4830205263157894,0.08835394736842106,432.84961,0.2478,433.09740999999997,432.98305,433.09740999999997,114.35999999997648,subject,3,restrictive,8,lego,1
990,0.5174143396226415,0.14610981132075473,433.10416,0.32803,433.43219,433.10416,433.25605,151.89000000003716,elsewhere,3,restrictive,8,lego,1
1010,0.4862933858267716,0.09098086614173229,441.91913,0.84378,442.76291,442.57511999999997,442.76291,187.79000000000678,subject,4,restrictive,8,dough,1
1011,0.5106714102564103,0.12213692307692309,442.76984,0.47556,443.24539999999996,442.76984,442.84812,78.28000000000657,elsewhere,4,restrictive,8,dough,1
1034,0.4852552682926829,0.09631190243902438,450.23172,1.36642,451.59814,450.98306,451.25606000000005,273.00000000002456,subject,5,restrictive,8,dress,1
1058,0.2830218644067797,0.3546135593220339,460.39972,0.3685,460.76822,460.68038,460.76822,87.8399999999715,elsewhere,6,restrictive,8,football,3
1059,0.47660142857142856,0.1467797142857143,460.79498,0.22757,461.02255,460.79498,460.95338,158.3999999999719,subject,6,restrictive,8,football,3
1083,0.44731027027027026,0.3045068918918919,470.72861,0.46884,471.19745,470.72861,470.97351,244.8999999999728,subject,7,non-restrictive,8,newspaper,2
1109,0.4900144444444444,0.10075253968253968,479.45633,0.41541,479.87174,479.82788,479.87174,43.859999999995125,subject,8,non-restrictive,8,suitcase,2
1110,0.4892818604651163,0.0971986046511628,479.87845,0.28134,480.15979,479.87845,480.15979,281.34000000000015,subject,8,non-restrictive,8,suitcase,2
1111,0.4366841935483871,0.14780612903225807,480.1665,0.18039,480.34689,480.1665,480.18488,18.380000000036034,subject,8,non-restrictive,8,suitcase,2
1133,0.47511694805194804,0.11769883116883118,490.72296,1.0047,491.72766,490.78402,490.99402000000003,210.00000000003638,subject,9,restrictive,8,blouse,1
1160,0.48224035087719297,0.1447719298245614,501.50058,0.37503,501.87561,501.7179,501.87561,157.71000000000868,subject,10,restrictive,8,dice,3
1161,0.4676960563380282,0.17046577464788734,501.88242,0.42874,502.31116000000003,501.88242,502.03290000000004,150.48000000001593,subject,10,restrictive,8,dice,3
1178,0.47537705583756346,0.23074685279187818,509.52527,1.27252,510.79778999999996,510.11161,510.40560999999997,293.9999999999827,subject,11,restrictive,8,dog,3
1198,0.48840798561151083,0.13788848920863309,519.46521,0.92456,520.38977,519.8178399999999,520.0488399999999,230.99999999999454,subject,12,restrictive,8,violin,3
1226,0.48058663043478267,0.15763695652173912,529.11774,0.58942,529.70716,529.11774,529.2813699999999,163.62999999989825,subject,13,non-restrictive,8,canvas,2
1257,0.5001841059602649,0.2292449668874172,538.93073,0.98468,539.9154100000001,539.6512200000001,539.9154100000001,264.18999999998505,subject,14,restrictive,8,milk,1
1290,0.49047361111111104,0.20524861111111112,550.45935,0.47479,550.93414,550.78348,550.93414,150.65999999990254,subject,15,non-restrictive,8,book,2
1291,0.47601723684210523,0.24013500000000002,550.94073,0.52252,551.46325,550.94073,551.07748,136.75000000000637,subject,15,non-restrictive,8,book,2
1317,0.4687141111111111,0.21447244444444447,561.18243,0.59613,561.77856,561.30898,561.66598,356.9999999999709,subject,16,restrictive,8,shirt,3
1345,0.7495812903225807,0.4924877419354839,571.6051,0.20099,571.80609,571.6051,571.80609,200.99000000004708,elsewhere,17,restrictive,8,man,3
1346,0.5675038888888889,0.5650694444444445,571.81262,0.09338,571.9060000000001,571.81262,571.8508300000001,38.21000000004915,elsewhere,17,restrictive,8,man,3
1364,0.4713368263473054,0.12068011976047906,580.61414,1.07184,581.68598,580.90724,581.13824,230.99999999999454,subject,18,non-restrictive,8,mascara,4
1391,0.6340033333333334,0.7575750980392157,589.87122,0.31445,590.18567,590.16564,590.18567,20.029999999906067,elsewhere,19,non-restrictive,8,carpet,4
1392,0.6917275409836066,0.5871131147540983,590.21283,0.38147,590.5943000000001,590.21283,590.39664,183.80999999999403,elsewhere,19,non-restrictive,8,carpet,4
1422,0.48235,0.11865909090909091,599.31561,0.2146,599.53021,599.3168800000001,599.53021,213.32999999992808,subject,20,non-restrictive,8,bottle,4
1423,0.482369,0.13955325000000002,599.53699,0.26111,599.7981,599.53699,599.56888,31.890000000089458,subject,20,non-restrictive,8,bottle,4
1449,0.48343226190476196,0.06937654761904762,607.7088,0.5556,608.2644,607.72384,607.97584,251.9999999999527,elsewhere,21,non-restrictive,8,wood,2
1479,0.747627868852459,0.4911732786885246,619.82617,0.38165,620.2078200000001,619.82617,620.1035099999999,277.33999999986736,elsewhere,22,non-restrictive,8,child,4
1509,0.24693233333333334,0.38676933333333335,629.4046,0.17413,629.57873,629.5039499999999,629.57873,74.78000000003249,elsewhere,23,restrictive,8,kitten,1
1510,0.487256,0.17085413333333332,629.78619,0.49585,630.28204,629.78619,629.81895,32.75999999993928,subject,23,restrictive,8,kitten,1
1538,0.4782697959183674,0.1433822448979592,638.38702,0.93774,639.32476,638.49848,638.81348,315.00000000005457,subject,24,non-restrictive,8,lamp,4
1568,0.48730220588235296,0.09321852941176471,646.98071,0.90411,647.88482,647.44911,647.72211,273.00000000002456,subject,25,non-restrictive,8,safe,4
1588,0.471645705882353,0.1059204705882353,655.51447,1.11194,656.62641,655.6840500000001,655.9570500000001,273.00000000002456,subject,26,non-restrictive,8,bread,4
1609,0.48214375000000004,0.12032124999999999,663.65253,0.15448,663.80701,663.72257,663.80701,84.43999999997231,subject,27,non-restrictive,8,scarf,4
1610,0.48127242718446606,0.08859961165048544,663.81378,0.68323,664.4970099999999,663.81378,663.99557,181.79000000009182,subject,27,non-restrictive,8,scarf,4
1633,0.4764458095238095,0.12033219047619048,672.30896,0.67444,672.9834,672.42404,672.76004,336.00000000001273,subject,28,restrictive,8,apron,3
1652,0.45986875675675676,0.2778287027027027,680.46539,1.21271,681.6781,681.10559,681.6781,572.5099999999657,subject,29,restrictive,8,machine,3
1653,0.3600642857142857,0.6284766666666667,681.70465,0.13379,681.83844,681.70465,681.83844,133.78999999997632,elsewhere,29,restrictive,8,machine,3
1654,0.346350625,0.71483765625,681.84564,0.42163,682.26727,681.84564,682.05059,204.95000000005348,elsewhere,29,restrictive,8,machine,3
1683,0.48701255319148934,0.0803731914893617,690.99524,0.30798,691.30322,691.21933,691.30322,83.88999999999669,subject,30,non-restrictive,8,flower,2
1684,0.4934425714285714,0.15747085714285713,691.30975,0.20782,691.51757,691.30975,691.4713300000001,161.58000000007178,subject,30,non-restrictive,8,flower,2
1707,0.34123147540983606,0.6691404918032787,699.85052,0.38177,700.2322899999999,700.0540100000001,700.2322899999999,178.27999999985877,elsewhere,31,non-restrictive,8,cigarettes,2
1708,0.23156833333333335,0.5183480555555556,700.25909,0.21448,700.47357,700.25909,700.36901,109.91999999998825,pos3,31,non-restrictive,8,cigarettes,2
1740,0.7607033333333334,0.5716751111111111,711.91412,0.29474,712.2088600000001,712.0693600000001,712.2088600000001,139.49999999999818,elsewhere,32,restrictive,8,beer,1
1741,0.7435508695652173,0.518855652173913,712.2157,0.14728,712.36298,712.2157,712.36298,147.2800000000234,elsewhere,32,restrictive,8,beer,1
1795,0.3612143243243243,0.6221272972972972,731.15839,0.24121,731.3996000000001,731.15839,731.3996000000001,241.21000000002368,elsewhere,34,restrictive,8,coat,3
1796,0.43913040000000003,0.6510236,731.40619,0.14069,731.54688,731.40619,731.4865900000001,80.4000000000542,pos2,34,restrictive,8,coat,3
1820,0.4485076086956522,0.23483195652173913,740.00006,0.28143,740.28149,740.0574700000001,740.28149,224.0199999998822,subject,35,non-restrictive,8,carrot,2
1851,0.44151242424242426,0.6873057575757576,749.86664,0.19427,750.0609099999999,749.86664,749.98928,122.64000000004671,elsewhere,36,restrictive,8,piano,1
1877,0.6796517647058824,0.5787464705882353,759.52545,0.10693,759.63238,759.52545,759.63238,106.93000000003394,elsewhere,37,restrictive,8,candle,3
1878,0.5399948,0.6255128,759.63916,0.14105,759.7802099999999,759.63916,759.7802099999999,141.04999999995016,pos2,37,restrictive,8,candle,3
1879,0.36194822222222217,0.6817091111111111,759.80707,0.29456,760.10163,759.80707,760.0627000000001,255.63000000011016,elsewhere,37,restrictive,8,candle,3
1907,0.4456466666666667,0.2613522222222222,770.24274,0.13385,770.3765900000001,770.27617,770.3765900000001,100.42000000009921,subject,38,restrictive,8,balloon,1
1908,0.39620090909090905,0.560660909090909,770.42371,0.19434,770.61805,770.42371,770.50717,83.45999999994547,elsewhere,38,restrictive,8,balloon,1
1936,0.49033380952380956,0.10481825396825398,780.52429,0.41541,780.9396999999999,780.5508600000001,780.80286,251.9999999999527,subject,39,non-restrictive,8,banana,2
1965,0.459862,0.971796,789.065,0.09363,789.15863,789.15638,789.15863,2.250000000003638,elsewhere,40,non-restrictive,8,stamp,2
1966,0.5410811764705883,0.9097288235294118,789.16547,0.11395,789.2794200000001,789.16547,789.2794200000001,113.95000000004529,elsewhere,40,non-restrictive,8,stamp,2
1967,0.5846899999999999,0.6980405000000001,789.34619,0.26135,789.60754,789.34619,789.60754,261.3499999999931,elsewhere,40,non-restrictive,8,stamp,2
1968,0.5998663636363637,0.6871788636363636,789.61407,0.28815,789.9022199999999,789.61407,789.66038,46.310000000062246,elsewhere,40,non-restrictive,8,stamp,2
1994,0.4577672222222222,0.3347664814814815,798.89142,0.3349,799.22632,798.99021,799.22632,236.10999999993965,subject,41,non-restrictive,8,hat,4
1995,0.3449768867924528,0.6627756603773586,799.25311,0.703,799.95611,799.25311,799.3262100000001,73.10000000006767,elsewhere,41,non-restrictive,8,hat,4
2016,0.5861338333333334,0.7236418333333333,808.17499,0.39545,808.57044,808.24549,808.5184899999999,272.99999999991087,elsewhere,42,non-restrictive,8,shoelace,4
2049,0.4727122641509434,0.1685020754716981,816.92291,0.32855,817.25146,816.92291,817.1061699999999,183.25999999990472,subject,43,non-restrictive,8,wine,2
2081,0.4670601449275363,0.1105063768115942,826.4079,0.43555,826.8434500000001,826.4322,826.7891999999999,356.9999999999709,subject,44,non-restrictive,8,orange,2
2107,0.48692638554216866,0.12537060240963857,834.28522,0.52869,834.81391,834.3525900000001,834.60459,251.9999999999527,subject,45,restrictive,8,cake,1
2136,0.5665340625,0.6170925,842.79193,0.18768,842.97961,842.96451,842.97961,15.099999999961256,elsewhere,46,non-restrictive,8,mountain,2
2137,0.47905749999999997,0.1298528846153846,843.00635,0.34155,843.3479,843.00635,843.25851,252.1600000000035,subject,46,non-restrictive,8,mountain,2
2161,0.765112,0.5094636666666666,851.78101,0.19427,851.97528,851.82983,851.97528,145.44999999998254,elsewhere,47,restrictive,8,mushrooms,3
2162,0.771751111111111,0.49795777777777783,851.98199,0.23444,852.21643,851.98199,852.10283,120.8400000000438,elsewhere,47,restrictive,8,mushrooms,3
2185,0.33767470588235293,0.32170705882352946,860.86395,0.08667,860.9506200000001,860.9374300000001,860.9506200000001,13.190000000008695,elsewhere,48,restrictive,8,rabbit,1
2186,0.212209,0.382844,860.97705,0.15485,861.1319,860.97705,861.1319,154.85000000001037,elsewhere,48,restrictive,8,rabbit,1
2212,0.4997778048780488,0.13849512195121952,869.42615,0.26605,869.6922,869.42615,869.52706,100.90999999999894,subject,49,restrictive,8,ball,1
