subject_id,trial,sentence,condition,target_object,first_saccade_chosen_object,first_saccade_latency_s,chose_target
subject-1,0,The housewife will  wash the mushrooms,non-restrictive,mushrooms,subject,0.1538,False
subject-1,1,The businessman will wear the hat,restrictive,hat,elsewhere,1.1181,False
subject-1,2,The boy will tie the shoelace,restrictive,shoelace,elsewhere,0.6515,False
subject-1,3,The woman will water the flower,restrictive,flower,subject,0.0782,False
subject-1,4,The woman will carry the apron,non-restrictive,apron,elsewhere,0.1034,False
subject-1,5,The boy will throw the ball,non-restrictive,ball,ball,0.1514,True
subject-1,6,The grandmother will read the newspaper,restrictive,newspaper,elsewhere,0.4275,False
subject-1,7,The girl will knit the scarf,restrictive,scarf,elsewhere,0.2723,False
subject-1,8,The chef will slice the bread,restrictive,bread,elsewhere,0.1109,False
subject-1,9,The girl will hang the coat,non-restrictive,coat,subject,0.0555,False
subject-1,10,The doctor will inject the child,restrictive,child,subject,0.0508,False
subject-1,11,The man will lock the safe,restrictive,safe,elsewhere,0.648,False
subject-1,12,The woman will dust the piano,non-restrictive,piano,piano,0.1495,True
subject-1,13,The girl will grab the dice,non-restrictive,dice,subject,0.6661,False
subject-1,14,The kid will stack the lego,non-restrictive,lego,boxes,1.3092,False
subject-1,15,The baby will grab the kitten,non-restrictive,kitten,kitten,0.6155,True
subject-1,16,The hiker will climb the mountain,restrictive,mountain,elsewhere,0.0738,False
subject-1,17,The woman will drink the wine,restrictive,wine,lipstick,0.1763,False
subject-1,18,The woman will carry the beer,non-restrictive,beer,elsewhere,0.2249,False
subject-1,19,The woman will bathe the baby,restrictive,baby,elsewhere,0.5426,False
subject-1,20,The policeman will search the man,non-restrictive,man,,,False
subject-1,21,The musician will move the violin,non-restrictive,violin,bow,0.8823,False
subject-1,22,The woman will  carry the dress,non-restrictive,dress,ribbon,0.117,False
subject-1,23,The boy will touch the football,non-restrictive,football,football,0.2069,True
subject-1,24,The boy will dim the lamp,restrictive,lamp,elsewhere,0.1266,False
subject-1,25,The man will smoke the cigarettes,restrictive,cigarettes,cigarettes,0.4329,True
subject-1,26,The girl will lift the rabbit,non-restrictive,rabbit,rabbit,0.2349,True
subject-1,27,The woman will wash the shirt,non-restrictive,shirt,elsewhere,0.0816,False
subject-1,28,The man will watch the boat,non-restrictive,boat,sun,0.5543,False
subject-1,29,The child will carry the balloon,non-restrictive,balloon,pouch,1.3352,False
subject-1,30,The man will lick the stamp,restrictive,stamp,subject,0.0655,False
subject-1,31,The man will wipe the washing machine,non-restrictive,washing-machine,subject,0.8604,False
subject-1,32,The woman will read the book,restrictive,book,elsewhere,0.543,False
subject-1,33,The boy will peel the banana,restrictive,banana,elsewhere,0.6227,False
subject-1,34,The woman will open the bottle,restrictive,bottle,seed,0.4449,False
subject-1,35,The cat will push the milk,non-restrictive,milk,elsewhere,0.315,False
subject-1,36,The boy will unzip the suitcase,restrictive,suitcase,subject,0.284,False
subject-1,37,The man will paint the canvas,restrictive,canvas,peach,0.3338,False
subject-1,38,The man will chop the wood,restrictive,wood,bucket,0.8155,False
subject-1,39,The boy will feed the dog,non-restrictive,dog,ball,0.0755,False
subject-1,40,The girl will apply the mascara,restrictive,mascara,elsewhere,0.0919,False
subject-1,41,The baker will inspect the dough,non-restrictive,dough,dough,0.1651,True
subject-1,42,The baby will ring the bell,restrictive,bell,subject,0.4471,False
subject-1,43,The boy will move the radio,non-restrictive,radio,elsewhere,0.2381,False
subject-1,44,The girl will vacuum the carpet,restrictive,carpet,roller,0.1812,False
subject-1,45,The chef will grate the carrot,restrictive,carrot,carrot,0.6527,True
subject-1,46,The woman will blow grab the candle,non-restrictive,candle,elsewhere,0.336,False
subject-1,47,The boy will squeeze the orange,restrictive,orange,stone,0.8619,False
subject-1,48,The boy will move the cake,non-restrictive,cake,elsewhere,0.006,False
subject-1,49,The girl will hold the blouse,non-restrictive,blouse,iron,0.0682,False
subject-10,0,The boy will move the banana,non-restrictive,banana,elsewhere,1.3724,False
subject-10,2,The chef will carry the carrot,non-restrictive,carrot,carrot,0.4671,True
subject-10,3,The girl will move the carpet,non-restrictive,carpet,elsewhere,0.7819,False
subject-10,4,The man will sail the boat,restrictive,boat,elsewhere,0.4583,False
subject-10,5,The hiker will photograph the mountain,non-restrictive,mountain,moon,1.4545,False
subject-10,6,The boy will move the shoelace,non-restrictive,shoelace,mat,0.2544,False
subject-10,7,The baby will hug the kitten,restrictive,kitten,kitten,1.1528,True
subject-10,8,The girl will groom the rabbit,restrictive,rabbit,rabbit,0.9603,True
subject-10,9,The woman will try the wine,non-restrictive,wine,cheese,0.9797,False
subject-10,10,The man will wipe the safe,non-restrictive,safe,handle,0.7213,False
subject-10,11,The woman will blow out the candle,restrictive,candle,elsewhere,0.9327,False
subject-10,12,The woman will play the piano,restrictive,piano,subject,0.6527,False
subject-10,13,The woman will brew the beer,restrictive,beer,subject,0.3906,False
subject-10,14,The woman will wear the dress,restrictive,dress,,,False
subject-10,15,The child will inflate the balloon,restrictive,balloon,subject,0.7317,False
subject-10,16,The woman will open the book,non-restrictive,book,,,False
subject-10,17,The baker will knead the dough,restrictive,dough,dough,0.5996,True
subject-10,18,The boy will kick the football,restrictive,football,football,0.8158,True
subject-10,19,The musician will tune the violin,restrictive,violin,elsewhere,0.7867,False
subject-10,20,The girl will zip the coat,restrictive,coat,subject,0.4358,False
subject-10,21,The man will repair the washing machine,restrictive,washing-machine,wastebin,1.066,False
subject-10,22,The man will pick up the stamp,non-restrictive,stamp,envelope,0.8971,False
subject-10,23,The girl will button the blouse,restrictive,blouse,iron,1.1533,False
subject-10,24,The woman will examine the bottle,non-restrictive,bottle,seed,1.3726,False
subject-10,25,The girl will hold the scarf,non-restrictive,scarf,scarf,0.967,True
subject-10,26,The boy will move the orange,non-restrictive,orange,stone,0.9376,False
subject-10,27,The kid will build the lego,restrictive,lego,lego,0.8836,True
subject-10,28,The boy will touch the lamp,non-restrictive,lamp,elsewhere,0.8256,False
subject-10,29,The housewife will fry the mushrooms,restrictive,mushrooms,weighing-scales,0.9159,False
subject-10,30,The boy will bounce the ball,restrictive,ball,shuttle-cock,1.2727,False
subject-10,31,The chef will clean the bread,non-restrictive,bread,elsewhere,0.9503,False
subject-10,32,The boy will eat the cake,restrictive,cake,elsewhere,0.6613,False
subject-10,33,The woman will tie the apron,restrictive,apron,elsewhere,1.0557,False
subject-10,34,The boy will walk the dog,restrictive,dog,dog,0.7645,True
subject-10,35,The grandmother will eadturn the newspaper,non-restrictive,newspaper,newspaper,1.2664,True
subject-10,36,The woman will sew the shirt,restrictive,shirt,elsewhere,1.0332,False
subject-10,37,The cat will drink the milk,restrictive,milk,elsewhere,0.7664,False
subject-10,38,The woman will touch the baby,non-restrictive,baby,elsewhere,0.4987,False
subject-10,39,The man will move the canvas,non-restrictive,canvas,subject,0.5258,False
subject-10,40,The man will  move the wood,non-restrictive,wood,subject,0.8873,False
subject-10,41,The man will  collect the cigarettes,non-restrictive,cigarettes,elsewhere,1.0229,False
subject-10,42,The doctor will check the child,non-restrictive,child,elsewhere,0.9728,False
subject-10,43,The boy will open the suitcase,non-restrictive,suitcase,subject,1.0535,False
subject-10,44,The woman will move the flower,non-restrictive,flower,subject,0.2234,False
subject-10,45,The businessman will  forget the hat,non-restrictive,hat,subject,1.1379,False
subject-10,46,The baby will kick the bell,non-restrictive,bell,drum,0.9996,False
subject-10,47,The policeman will arrest the man,restrictive,man,elsewhere,0.8569,False
subject-10,48,The girl will roll the dice,restrictive,dice,dice,0.7977,True
subject-10,49,The girl will squeeze the mascara,non-restrictive,mascara,elsewhere,0.6183,False
subject-11,0,The man will wipe the washing machine,non-restrictive,washing-machine,elsewhere,0.9748,False
subject-11,1,The woman will carry the beer,non-restrictive,beer,kettle,0.2582,False
subject-11,2,The boy will feed the dog,non-restrictive,dog,elsewhere,0.7188,False
subject-11,3,The man will lock the safe,restrictive,safe,elsewhere,0.3599,False
subject-11,4,The chef will slice the bread,restrictive,bread,bread,0.8478,True
subject-11,5,The girl will grab the dice,non-restrictive,dice,elsewhere,0.9609,False
subject-11,6,The woman will drink the wine,restrictive,wine,wine,0.9199,True
subject-11,7,The girl will hang the coat,non-restrictive,coat,elsewhere,1.429,False
subject-11,8,The hiker will climb the mountain,restrictive,mountain,elsewhere,0.4358,False
subject-11,9,The grandmother will read the newspaper,restrictive,newspaper,eraser,0.3605,False
subject-11,10,The boy will peel the banana,restrictive,banana,banana,0.7369,True
subject-11,11,The girl will knit the scarf,restrictive,scarf,elsewhere,0.1848,False
subject-11,12,The boy will squeeze the orange,restrictive,orange,elsewhere,0.781,False
subject-11,13,The policeman will search the man,non-restrictive,man,car,0.0129,False
subject-11,14,The girl will hold the blouse,non-restrictive,blouse,subject,0.095,False
subject-11,15,The woman will  carry the dress,non-restrictive,dress,lantern,0.2979,False
subject-11,16,The woman will read the book,restrictive,book,bag,0.0136,False
subject-11,17,The woman will bathe the baby,restrictive,baby,baby,0.9382,True
subject-11,18,The housewife will  wash the mushrooms,non-restrictive,mushrooms,subject,0.536,False
subject-11,19,The woman will water the flower,restrictive,flower,elsewhere,0.4934,False
subject-11,20,The boy will dim the lamp,restrictive,lamp,elsewhere,0.0662,False
subject-11,21,The woman will blow grab the candle,non-restrictive,candle,subject,0.2552,False
subject-11,22,The baker will inspect the dough,non-restrictive,dough,elsewhere,1.3973,False
subject-11,23,The girl will lift the rabbit,non-restrictive,rabbit,potato,0.007,False
subject-11,24,The baby will grab the kitten,non-restrictive,kitten,elsewhere,1.4264,False
subject-11,25,The man will chop the wood,restrictive,wood,elsewhere,0.8019,False
subject-11,26,The woman will dust the piano,non-restrictive,piano,piano,0.2769,True
subject-11,27,The woman will wash the shirt,non-restrictive,shirt,chalk,0.7448,False
subject-11,28,The boy will touch the football,non-restrictive,football,subject,0.7492,False
subject-11,29,The boy will throw the ball,non-restrictive,ball,subject,1.082,False
subject-11,30,The doctor will inject the child,restrictive,child,elsewhere,1.0082,False
subject-11,31,The musician will move the violin,non-restrictive,violin,stand,1.0235,False
subject-11,32,The child will carry the balloon,non-restrictive,balloon,pump,0.0896,False
subject-11,33,The kid will stack the lego,non-restrictive,lego,boxes,1.0212,False
subject-11,34,The woman will open the bottle,restrictive,bottle,bottle,1.2273,True
subject-11,35,The businessman will wear the hat,restrictive,hat,magnifying-glass,0.837,False
subject-11,36,The boy will move the cake,non-restrictive,cake,elsewhere,1.0775,False
subject-11,37,The baby will ring the bell,restrictive,bell,,,False
subject-11,38,The girl will apply the mascara,restrictive,mascara,mascara,1.0566,True
subject-11,39,The boy will unzip the suitcase,restrictive,suitcase,suitcase,0.7532,True
subject-11,40,The boy will tie the shoelace,restrictive,shoelace,shoelace,0.7319,True
subject-11,41,The woman will carry the apron,non-restrictive,apron,elsewhere,1.1018,False
subject-11,42,The boy will move the radio,non-restrictive,radio,,,False
subject-11,43,The man will watch the boat,non-restrictive,boat,subject,0.5139,False
subject-11,44,The chef will grate the carrot,restrictive,carrot,carrot,0.7199,True
subject-11,45,The man will lick the stamp,restrictive,stamp,rubberband,0.2993,False
subject-11,46,The man will paint the canvas,restrictive,canvas,canvas,0.6084,True
subject-11,47,The girl will vacuum the carpet,restrictive,carpet,subject,0.4022,False
subject-11,48,The man will smoke the cigarettes,restrictive,cigarettes,elsewhere,0.9082,False
subject-11,49,The cat will push the milk,non-restrictive,milk,milk,1.0047,True
subject-12,0,The woman will touch the baby,non-restrictive,baby,baby,1.035,True
subject-12,1,The woman will examine the bottle,non-restrictive,bottle,elsewhere,0.3812,False
subject-12,2,The girl will zip the coat,restrictive,coat,subject,0.7302,False
subject-12,3,The girl will hold the scarf,non-restrictive,scarf,card,1.1945,False
subject-12,4,The boy will touch the lamp,non-restrictive,lamp,elsewhere,0.6715,False
subject-12,5,The cat will drink the milk,restrictive,milk,milk,0.7732,True
subject-12,6,The musician will tune the violin,restrictive,violin,elsewhere,0.311,False
subject-12,7,The doctor will check the child,non-restrictive,child,child,0.9258,True
subject-12,8,The baker will knead the dough,restrictive,dough,elsewhere,0.0837,False
subject-12,9,The boy will kick the football,restrictive,football,feather,0.6743,False
subject-12,10,The girl will groom the rabbit,restrictive,rabbit,rabbit,0.9066,True
subject-12,11,The kid will build the lego,restrictive,lego,subject,0.6024,False
subject-12,12,The girl will button the blouse,restrictive,blouse,blouse,0.8319,True
subject-12,13,The woman will move the flower,non-restrictive,flower,elsewhere,0.0289,False
subject-12,14,The boy will move the banana,non-restrictive,banana,subject,0.3877,False
subject-12,15,The man will move the canvas,non-restrictive,canvas,subject,0.2777,False
subject-12,16,The girl will move the carpet,non-restrictive,carpet,subject,0.4337,False
subject-12,17,The boy will move the shoelace,non-restrictive,shoelace,elsewhere,0.8975,False
subject-12,18,The man will sail the boat,restrictive,boat,boat,0.7265,True
subject-12,19,The boy will bounce the ball,restrictive,ball,subject,0.3281,False
subject-12,20,The girl will roll the dice,restrictive,dice,subject,0.0604,False
subject-12,21,The chef will clean the bread,non-restrictive,bread,subject,0.0326,False
subject-12,22,The woman will brew the beer,restrictive,beer,elsewhere,0.0156,False
subject-12,23,The housewife will fry the mushrooms,restrictive,mushrooms,subject,0.0855,False
subject-12,24,The girl will squeeze the mascara,non-restrictive,mascara,elsewhere,0.7527,False
subject-12,25,The businessman will  forget the hat,non-restrictive,hat,elsewhere,1.1308,False
subject-12,26,The boy will open the suitcase,non-restrictive,suitcase,elsewhere,0.9731,False
subject-12,27,The man will pick up the stamp,non-restrictive,stamp,envelope,1.3052,False
subject-12,28,The baby will kick the bell,non-restrictive,bell,bell,0.1546,True
subject-12,29,The policeman will arrest the man,restrictive,man,subject,0.0396,False
subject-12,30,The man will repair the washing machine,restrictive,washing-machine,elsewhere,0.5572,False
subject-12,31,The boy will eat the cake,restrictive,cake,,,False
subject-12,32,The man will  collect the cigarettes,non-restrictive,cigarettes,elsewhere,1.2308,False
subject-12,33,The woman will sew the shirt,restrictive,shirt,subject,0.4766,False
subject-12,34,The woman will blow out the candle,restrictive,candle,elsewhere,0.8919,False
subject-12,35,The boy will walk the dog,restrictive,dog,ball,0.3227,False
subject-12,36,The woman will try the wine,non-restrictive,wine,subject,1.0605,False
subject-12,37,The child will inflate the balloon,restrictive,balloon,subject,0.6384,False
subject-12,38,The grandmother will eadturn the newspaper,non-restrictive,newspaper,elsewhere,0.7776,False
subject-12,39,The woman will open the book,non-restrictive,book,bag,0.0083,False
subject-12,40,The chef will carry the carrot,non-restrictive,carrot,carrot,1.2173,True
subject-12,41,The man will  move the wood,non-restrictive,wood,subject,0.6325,False
subject-12,43,The woman will tie the apron,restrictive,apron,subject,0.3254,False
subject-12,44,The woman will wear the dress,restrictive,dress,elsewhere,1.0738,False
subject-12,45,The baby will hug the kitten,restrictive,kitten,elsewhere,0.7643,False
subject-12,46,The man will wipe the safe,non-restrictive,safe,elsewhere,0.5074,False
subject-12,47,The hiker will photograph the mountain,non-restrictive,mountain,subject,0.1748,False
subject-12,48,The boy will move the orange,non-restrictive,orange,cone,0.9977,False
subject-12,49,The woman will play the piano,restrictive,piano,subject,1.9524,False
subject-13,0,The baby will ring the bell,restrictive,bell,,,False
subject-13,1,The policeman will search the man,non-restrictive,man,,,False
subject-13,2,The boy will unzip the suitcase,restrictive,suitcase,subject,0.901,False
subject-13,3,The girl will grab the dice,non-restrictive,dice,elsewhere,1.5705,False
subject-13,4,The businessman will wear the hat,restrictive,hat,elsewhere,0.8198,False
subject-13,5,The woman will carry the apron,non-restrictive,apron,elsewhere,0.0499,False
subject-13,6,The boy will tie the shoelace,restrictive,shoelace,subject,0.7453,False
subject-13,7,The girl will knit the scarf,restrictive,scarf,,,False
subject-13,8,The boy will squeeze the orange,restrictive,orange,shell,0.2586,False
subject-13,9,The woman will dust the piano,non-restrictive,piano,piano,0.9734,True
subject-13,10,The man will smoke the cigarettes,restrictive,cigarettes,elsewhere,0.513,False
subject-13,11,The girl will apply the mascara,restrictive,mascara,mascara,1.8734,True
subject-13,12,The woman will wash the shirt,non-restrictive,shirt,apple,0.1758,False
subject-13,13,The girl will lift the rabbit,non-restrictive,rabbit,,,False
subject-13,14,The woman will read the book,restrictive,book,bag,0.1608,False
subject-13,15,The boy will move the cake,non-restrictive,cake,,,False
subject-13,16,The man will lock the safe,restrictive,safe,elsewhere,0.0116,False
subject-13,17,The housewife will  wash the mushrooms,non-restrictive,mushrooms,weighing-scales,0.7436,False
subject-13,18,The boy will peel the banana,restrictive,banana,key,0.5017,False
subject-13,19,The man will chop the wood,restrictive,wood,rope,1.1436,False
subject-13,20,The woman will open the bottle,restrictive,bottle,lemon,0.1237,False
subject-13,21,The musician will move the violin,non-restrictive,violin,violin,0.273,True
subject-13,22,The woman will  carry the dress,non-restrictive,dress,elsewhere,0.8739,False
subject-13,23,The man will watch the boat,non-restrictive,boat,boat,0.2522,True
subject-13,24,The doctor will inject the child,restrictive,child,elsewhere,0.2043,False
subject-13,25,The girl will vacuum the carpet,restrictive,carpet,elsewhere,0.409,False
subject-13,26,The baker will inspect the dough,non-restrictive,dough,,,False
subject-13,27,The cat will push the milk,non-restrictive,milk,,,False
subject-13,28,The boy will feed the dog,non-restrictive,dog,elsewhere,0.2165,False
subject-13,29,The girl will hang the coat,non-restrictive,coat,elsewhere,0.0689,False
subject-13,30,The boy will touch the football,non-restrictive,football,elsewhere,0.2273,False
subject-13,31,The man will wipe the washing machine,non-restrictive,washing-machine,wastebin,0.2372,False
subject-13,32,The chef will slice the bread,restrictive,bread,elsewhere,0.4662,False
subject-13,33,The man will paint the canvas,restrictive,canvas,elsewhere,0.1331,False
subject-13,34,The woman will drink the wine,restrictive,wine,lipstick,0.0154,False
subject-13,35,The chef will grate the carrot,restrictive,carrot,elsewhere,0.0303,False
subject-13,36,The woman will blow grab the candle,non-restrictive,candle,package,0.6312,False
subject-13,37,The grandmother will read the newspaper,restrictive,newspaper,,,False
subject-13,38,The boy will throw the ball,non-restrictive,ball,shuttle-cock,0.4059,False
subject-13,39,The woman will carry the beer,non-restrictive,beer,kettle,0.0778,False
subject-13,40,The girl will hold the blouse,non-restrictive,blouse,blouse,0.1687,True
subject-13,41,The child will carry the balloon,non-restrictive,balloon,elsewhere,1.0071,False
subject-13,42,The woman will bathe the baby,restrictive,baby,baby,0.0811,True
subject-13,43,The kid will stack the lego,non-restrictive,lego,elsewhere,0.3852,False
subject-13,44,The boy will move the radio,non-restrictive,radio,subject,0.0435,False
subject-13,45,The man will lick the stamp,restrictive,stamp,elsewhere,0.1255,False
subject-13,46,The hiker will climb the mountain,restrictive,mountain,mountain,0.8377,True
subject-13,47,The boy will dim the lamp,restrictive,lamp,,,False
subject-13,48,The baby will grab the kitten,non-restrictive,kitten,,,False
subject-13,49,The woman will water the flower,restrictive,flower,vase,0.2521,False
subject-14,0,The boy will open the suitcase,non-restrictive,suitcase,box,1.2616,False
subject-14,1,The chef will carry the carrot,non-restrictive,carrot,subject,0.2794,False
subject-14,2,The policeman will arrest the man,restrictive,man,subject,0.3143,False
subject-14,3,The kid will build the lego,restrictive,lego,subject,0.4682,False
subject-14,4,The man will  collect the cigarettes,non-restrictive,cigarettes,elsewhere,1.1369,False
subject-14,5,The musician will tune the violin,restrictive,violin,bow,0.0898,False
subject-14,6,The cat will drink the milk,restrictive,milk,elsewhere,0.3379,False
subject-14,7,The man will repair the washing machine,restrictive,washing-machine,washing-machine,0.7046,True
subject-14,8,The woman will brew the beer,restrictive,beer,biscuit,0.8662,False
subject-14,9,The woman will examine the bottle,non-restrictive,bottle,elsewhere,0.7031,False
subject-14,10,The man will move the canvas,non-restrictive,canvas,canvas,0.6596,True
subject-14,11,The girl will move the carpet,non-restrictive,carpet,footstool,0.0921,False
subject-14,12,The woman will touch the baby,non-restrictive,baby,stool,0.5992,False
subject-14,13,The child will inflate the balloon,restrictive,balloon,subject,0.5037,False
subject-14,14,The housewife will fry the mushrooms,restrictive,mushrooms,elsewhere,0.1323,False
subject-14,15,The boy will bounce the ball,restrictive,ball,elsewhere,0.8374,False
subject-14,16,The woman will move the flower,non-restrictive,flower,subject,0.5515,False
subject-14,17,The boy will eat the cake,restrictive,cake,cake,0.9761,True
subject-14,18,The boy will move the shoelace,non-restrictive,shoelace,subject,0.576,False
subject-14,19,The boy will move the banana,non-restrictive,banana,subject,1.0709,False
subject-14,20,The woman will wear the dress,restrictive,dress,elsewhere,0.3773,False
subject-14,21,The woman will play the piano,restrictive,piano,table,0.5653,False
subject-14,22,The boy will kick the football,restrictive,football,football,1.2909,True
subject-14,23,The doctor will check the child,non-restrictive,child,,,False
subject-14,24,The girl will groom the rabbit,restrictive,rabbit,rabbit,0.3237,True
subject-14,25,The man will sail the boat,restrictive,boat,boat,0.6526,True
subject-14,26,The chef will clean the bread,non-restrictive,bread,elsewhere,0.8297,False
subject-14,27,The baby will kick the bell,non-restrictive,bell,,,False
subject-14,28,The baby will hug the kitten,restrictive,kitten,cup,0.3824,False
subject-14,29,The girl will roll the dice,restrictive,dice,elsewhere,1.0386,False
subject-14,30,The boy will walk the dog,restrictive,dog,dog,0.9856,True
subject-14,32,The girl will zip the coat,restrictive,coat,poster,1.0383,False
subject-14,33,The hiker will photograph the mountain,non-restrictive,mountain,mountain,1.173,True
subject-14,34,The girl will squeeze the mascara,non-restrictive,mascara,elsewhere,0.6651,False
subject-14,35,The grandmother will eadturn the newspaper,non-restrictive,newspaper,elsewhere,0.4022,False
subject-14,36,The man will  move the wood,non-restrictive,wood,elsewhere,1.1083,False
subject-14,37,The boy will touch the lamp,non-restrictive,lamp,elsewhere,1.1138,False
subject-14,38,The girl will button the blouse,restrictive,blouse,elsewhere,1.6083,False
subject-14,39,The baker will knead the dough,restrictive,dough,dough,0.988,True
subject-14,40,The man will pick up the stamp,non-restrictive,stamp,,,False
subject-14,41,The girl will hold the scarf,non-restrictive,scarf,elsewhere,0.4645,False
subject-14,42,The woman will open the book,non-restrictive,book,elsewhere,0.062,False
subject-14,43,The woman will try the wine,non-restrictive,wine,subject,0.8798,False
subject-14,44,The woman will tie the apron,restrictive,apron,mop,0.4058,False
subject-14,45,The woman will blow out the candle,restrictive,candle,package,0.1354,False
subject-14,46,The man will wipe the safe,non-restrictive,safe,elsewhere,0.5406,False
subject-14,47,The boy will move the orange,non-restrictive,orange,elsewhere,0.1136,False
subject-14,48,The woman will sew the shirt,restrictive,shirt,elsewhere,0.0417,False
subject-14,49,The businessman will  forget the hat,non-restrictive,hat,folder,0.1996,False
subject-15,0,The boy will move the cake,non-restrictive,cake,elsewhere,0.3138,False
subject-15,1,The grandmother will read the newspaper,restrictive,newspaper,elsewhere,0.7958,False
subject-15,2,The kid will stack the lego,non-restrictive,lego,elsewhere,1.115,False
subject-15,3,The man will lock the safe,restrictive,safe,safe,1.1634,True
subject-15,4,The baby will ring the bell,restrictive,bell,bell,0.709,True
subject-15,5,The boy will move the radio,non-restrictive,radio,radio,1.0147,True
subject-15,6,The woman will wash the shirt,non-restrictive,shirt,apple,1.1333,False
subject-15,7,The baker will inspect the dough,non-restrictive,dough,hammer,1.3775,False
subject-15,8,The boy will feed the dog,non-restrictive,dog,elsewhere,0.8793,False
subject-15,9,The child will carry the balloon,non-restrictive,balloon,pouch,1.2556,False
subject-15,10,The chef will grate the carrot,restrictive,carrot,elsewhere,1.2419,False
subject-15,11,The girl will vacuum the carpet,restrictive,carpet,footstool,1.2458,False
subject-15,12,The boy will tie the shoelace,restrictive,shoelace,shoelace,1.0464,True
subject-15,13,The doctor will inject the child,restrictive,child,child,1.0956,True
subject-15,14,The woman will carry the apron,non-restrictive,apron,elsewhere,1.3558,False
subject-15,15,The man will paint the canvas,restrictive,canvas,elsewhere,0.9702,False
subject-15,16,The man will watch the boat,non-restrictive,boat,elsewhere,1.0903,False
subject-15,17,The housewife will  wash the mushrooms,non-restrictive,mushrooms,mushrooms,1.0654,True
subject-15,18,The boy will squeeze the orange,restrictive,orange,orange,1.1023,True
subject-15,19,The man will wipe the washing machine,non-restrictive,washing-machine,mirror,0.9406,False
subject-15,20,The boy will peel the banana,restrictive,banana,elsewhere,1.0787,False
subject-15,21,The hiker will climb the mountain,restrictive,mountain,mountain,0.65,True
subject-15,22,The woman will read the book,restrictive,book,door,0.2214,False
subject-15,23,The man will smoke the cigarettes,restrictive,cigarettes,elsewhere,0.7006,False
subject-15,24,The woman will drink the wine,restrictive,wine,elsewhere,0.893,False
subject-15,25,The woman will blow grab the candle,non-restrictive,candle,elsewhere,1.2942,False
subject-15,26,The boy will unzip the suitcase,restrictive,suitcase,elsewhere,1.4166,False
subject-15,27,The cat will push the milk,non-restrictive,milk,elsewhere,0.9784,False
subject-15,28,The girl will apply the mascara,restrictive,mascara,mascara,1.2173,True
subject-15,29,The boy will dim the lamp,restrictive,lamp,elsewhere,0.9096,False
subject-15,30,The musician will move the violin,non-restrictive,violin,violin,1.0366,True
subject-15,31,The girl will hold the blouse,non-restrictive,blouse,elsewhere,1.214,False
subject-15,32,The woman will carry the beer,non-restrictive,beer,elsewhere,1.2365,False
subject-15,33,The woman will dust the piano,non-restrictive,piano,piano,1.0939,True
subject-15,34,The boy will throw the ball,non-restrictive,ball,elsewhere,0.9148,False
subject-15,35,The woman will  carry the dress,non-restrictive,dress,elsewhere,1.1551,False
subject-15,36,The man will chop the wood,restrictive,wood,wood,1.0079,True
subject-15,37,The woman will open the bottle,restrictive,bottle,seed,1.1482,False
subject-15,38,The chef will slice the bread,restrictive,bread,bread,0.7876,True
subject-15,39,The girl will lift the rabbit,non-restrictive,rabbit,plate,0.1008,False
subject-15,40,The girl will grab the dice,non-restrictive,dice,dice,1.3899,True
subject-15,41,The policeman will search the man,non-restrictive,man,man,0.9973,True
subject-15,42,The girl will knit the scarf,restrictive,scarf,scarf,1.0355,True
subject-15,43,The man will lick the stamp,restrictive,stamp,stamp,0.8888,True
subject-15,44,The girl will hang the coat,non-restrictive,coat,hook,1.2279,False
subject-15,45,The woman will bathe the baby,restrictive,baby,elsewhere,1.0586,False
subject-15,46,The woman will water the flower,restrictive,flower,vase,1.056,False
subject-15,47,The businessman will wear the hat,restrictive,hat,elsewhere,1.1178,False
subject-15,48,The baby will grab the kitten,non-restrictive,kitten,subject,1.1917,False
subject-15,49,The boy will touch the football,non-restrictive,football,football,1.1848,True
subject-16,0,The boy will walk the dog,restrictive,dog,elsewhere,0.7781,False
subject-16,1,The boy will touch the lamp,non-restrictive,lamp,picture,0.3232,False
subject-16,2,The baby will hug the kitten,restrictive,kitten,kitten,0.6977,True
subject-16,3,The baker will knead the dough,restrictive,dough,elsewhere,0.4721,False
subject-16,4,The doctor will check the child,non-restrictive,child,,,False
subject-16,5,The hiker will photograph the mountain,non-restrictive,mountain,elsewhere,0.4024,False
subject-16,6,The housewife will fry the mushrooms,restrictive,mushrooms,mushrooms,0.6346,True
subject-16,7,The kid will build the lego,restrictive,lego,elsewhere,0.6224,False
subject-16,8,The man will pick up the stamp,non-restrictive,stamp,stamp,0.6618,True
subject-16,9,The baby will kick the bell,non-restrictive,bell,elsewhere,0.8117,False
subject-16,10,The boy will move the banana,non-restrictive,banana,mitten,0.5283,False
subject-16,11,The boy will open the suitcase,non-restrictive,suitcase,gift,0.6921,False
subject-16,12,The boy will kick the football,restrictive,football,elsewhere,0.0853,False
subject-16,13,The musician will tune the violin,restrictive,violin,elsewhere,1.0142,False
subject-16,14,The woman will examine the bottle,non-restrictive,bottle,sponge,1.627,False
subject-16,15,The grandmother will eadturn the newspaper,non-restrictive,newspaper,newspaper,0.9852,True
subject-16,16,The girl will groom the rabbit,restrictive,rabbit,elsewhere,0.6856,False
subject-16,17,The girl will squeeze the mascara,non-restrictive,mascara,elsewhere,0.9666,False
subject-16,18,The woman will play the piano,restrictive,piano,piano,1.3963,True
subject-16,19,The policeman will arrest the man,restrictive,man,car,0.7227,False
subject-16,20,The man will wipe the safe,non-restrictive,safe,bolt,1.1037,False
subject-16,21,The woman will move the flower,non-restrictive,flower,elsewhere,0.8126,False
subject-16,22,The man will  move the wood,non-restrictive,wood,wood,1.2417,True
subject-16,23,The chef will clean the bread,non-restrictive,bread,bowl,0.7362,False
subject-16,24,The boy will eat the cake,restrictive,cake,elsewhere,0.6413,False
subject-16,25,The girl will button the blouse,restrictive,blouse,iron,1.2739,False
subject-16,26,The woman will open the book,non-restrictive,book,,,False
subject-16,27,The businessman will  forget the hat,non-restrictive,hat,subject,1.2715,False
subject-16,28,The woman will brew the beer,restrictive,beer,elsewhere,0.8795,False
subject-16,29,The child will inflate the balloon,restrictive,balloon,balloon,0.8589,True
subject-16,30,The cat will drink the milk,restrictive,milk,elsewhere,0.5656,False
subject-16,31,The girl will hold the scarf,non-restrictive,scarf,elsewhere,1.3757,False
subject-16,32,The woman will wear the dress,restrictive,dress,ribbon,0.9666,False
subject-16,33,The man will  collect the cigarettes,non-restrictive,cigarettes,cigarettes,1.1173,True
subject-16,34,The woman will try the wine,non-restrictive,wine,wine,0.6656,True
subject-16,35,The chef will carry the carrot,non-restrictive,carrot,carrot,0.5677,True
subject-16,37,The man will sail the boat,restrictive,boat,elsewhere,0.7801,False
subject-16,38,The man will move the canvas,non-restrictive,canvas,elsewhere,1.1214,False
subject-16,39,The woman will touch the baby,non-restrictive,baby,elsewhere,0.9205,False
subject-16,40,The woman will tie the apron,restrictive,apron,apron,1.3504,True
subject-16,41,The woman will blow out the candle,restrictive,candle,elsewhere,0.8856,False
subject-16,42,The girl will roll the dice,restrictive,dice,dice,0.7573,True
subject-16,43,The boy will bounce the ball,restrictive,ball,elsewhere,0.6229,False
subject-16,44,The woman will sew the shirt,restrictive,shirt,shirt,0.8388,True
subject-16,45,The man will repair the washing machine,restrictive,washing-machine,elsewhere,1.4346,False
subject-16,46,The boy will move the shoelace,non-restrictive,shoelace,mat,1.1788,False
subject-16,47,The boy will move the orange,non-restrictive,orange,orange,1.1118,True
subject-16,48,The girl will move the carpet,non-restrictive,carpet,elsewhere,1.0434,False
subject-16,49,The girl will zip the coat,restrictive,coat,coat,0.7707,True
subject-17,0,The kid will stack the lego,non-restrictive,lego,elsewhere,0.6263,False
subject-17,1,The woman will bathe the baby,restrictive,baby,subject,0.1074,False
subject-17,2,The baby will ring the bell,restrictive,bell,subject,0.3068,False
subject-17,3,The child will carry the balloon,non-restrictive,balloon,pouch,0.9403,False
subject-17,4,The woman will read the book,restrictive,book,subject,0.0805,False
subject-17,5,The boy will squeeze the orange,restrictive,orange,stone,0.868,False
subject-17,6,The boy will move the radio,non-restrictive,radio,elsewhere,0.0301,False
subject-17,7,The woman will open the bottle,restrictive,bottle,bottle,0.6465,True
subject-17,8,The girl will grab the dice,non-restrictive,dice,elsewhere,0.9681,False
subject-17,9,The baker will inspect the dough,non-restrictive,dough,subject,0.0108,False
subject-17,10,The boy will peel the banana,restrictive,banana,elsewhere,0.2412,False
subject-17,11,The businessman will wear the hat,restrictive,hat,hat,0.6023,True
subject-17,12,The girl will lift the rabbit,non-restrictive,rabbit,elsewhere,1.179,False
subject-17,13,The boy will dim the lamp,restrictive,lamp,subject,0.0058,False
subject-17,14,The baby will grab the kitten,non-restrictive,kitten,elsewhere,0.0056,False
subject-17,15,The girl will hold the blouse,non-restrictive,blouse,elsewhere,0.2896,False
subject-17,16,The boy will feed the dog,non-restrictive,dog,elsewhere,0.7118,False
subject-17,17,The boy will unzip the suitcase,restrictive,suitcase,suitcase,0.2644,True
subject-17,18,The man will wipe the washing machine,non-restrictive,washing-machine,washing-machine,1.1486,True
subject-17,19,The man will lick the stamp,restrictive,stamp,stamp,0.8831,True
subject-17,20,The woman will carry the apron,non-restrictive,apron,subject,0.0097,False
subject-17,21,The chef will slice the bread,restrictive,bread,bread,0.8883,True
subject-17,22,The grandmother will read the newspaper,restrictive,newspaper,elsewhere,0.0188,False
subject-17,23,The woman will carry the beer,non-restrictive,beer,biscuit,0.1647,False
subject-17,24,The hiker will climb the mountain,restrictive,mountain,mountain,0.1744,True
subject-17,25,The woman will dust the piano,non-restrictive,piano,table,0.8189,False
subject-17,26,The boy will throw the ball,non-restrictive,ball,acorns,0.1246,False
subject-17,27,The chef will grate the carrot,restrictive,carrot,elsewhere,0.2372,False
subject-17,28,The woman will wash the shirt,non-restrictive,shirt,elsewhere,0.3364,False
subject-17,29,The musician will move the violin,non-restrictive,violin,stand,0.7288,False
subject-17,30,The man will paint the canvas,restrictive,canvas,subject,0.0124,False
subject-17,31,The man will chop the wood,restrictive,wood,wood,0.0787,True
subject-17,32,The girl will apply the mascara,restrictive,mascara,subject,0.092,False
subject-17,33,The housewife will  wash the mushrooms,non-restrictive,mushrooms,elsewhere,0.4825,False
subject-17,34,The girl will vacuum the carpet,restrictive,carpet,subject,0.3355,False
subject-17,35,The man will watch the boat,non-restrictive,boat,subject,0.6949,False
subject-17,36,The cat will push the milk,non-restrictive,milk,elsewhere,0.5493,False
subject-17,37,The girl will knit the scarf,restrictive,scarf,card,0.7611,False
subject-17,38,The woman will water the flower,restrictive,flower,subject,0.125,False
subject-17,39,The girl will hang the coat,non-restrictive,coat,coat,0.5247,True
subject-17,40,The woman will drink the wine,restrictive,wine,elsewhere,0.7324,False
subject-17,41,The man will smoke the cigarettes,restrictive,cigarettes,cigarettes,0.1781,True
subject-17,42,The policeman will search the man,non-restrictive,man,man,0.8968,True
subject-17,43,The doctor will inject the child,restrictive,child,microscope,0.8073,False
subject-17,44,The boy will tie the shoelace,restrictive,shoelace,shoelace,1.1608,True
subject-17,45,The boy will move the cake,non-restrictive,cake,toy-car,0.4342,False
subject-17,46,The woman will blow grab the candle,non-restrictive,candle,elsewhere,0.162,False
subject-17,47,The man will lock the safe,restrictive,safe,bolt,0.0583,False
subject-17,48,The boy will touch the football,non-restrictive,football,elsewhere,0.3136,False
subject-17,49,The woman will  carry the dress,non-restrictive,dress,elsewhere,0.1704,False
subject-18,0,The boy will walk the dog,restrictive,dog,dog,1.5411,True
subject-18,1,The girl will zip the coat,restrictive,coat,coat,1.0921,True
subject-18,2,The boy will bounce the ball,restrictive,ball,ball,1.2524,True
subject-18,3,The boy will move the shoelace,non-restrictive,shoelace,buckle,1.0447,False
subject-18,4,The chef will clean the bread,non-restrictive,bread,elsewhere,1.057,False
subject-18,5,The man will sail the boat,restrictive,boat,elsewhere,0.7934,False
subject-18,6,The woman will brew the beer,restrictive,beer,subject,0.8596,False
subject-18,7,The cat will drink the milk,restrictive,milk,elsewhere,0.3581,False
subject-18,8,The chef will carry the carrot,non-restrictive,carrot,elsewhere,1.2507,False
subject-18,9,The businessman will  forget the hat,non-restrictive,hat,elsewhere,0.1129,False
subject-18,10,The boy will move the orange,non-restrictive,orange,subject,1.0583,False
subject-18,11,The man will move the canvas,non-restrictive,canvas,subject,1.1146,False
subject-18,12,The baker will knead the dough,restrictive,dough,dough,0.9349,True
subject-18,13,The man will pick up the stamp,non-restrictive,stamp,elsewhere,0.6422,False
subject-18,14,The woman will try the wine,non-restrictive,wine,elsewhere,0.7658,False
subject-18,15,The musician will tune the violin,restrictive,violin,bow,1.2151,False
subject-18,16,The woman will move the flower,non-restrictive,flower,elsewhere,0.9464,False
subject-18,17,The man will repair the washing machine,restrictive,washing-machine,elsewhere,0.5303,False
subject-18,18,The woman will play the piano,restrictive,piano,piano,1.2888,True
subject-18,19,The woman will blow out the candle,restrictive,candle,candle,1.0325,True
subject-18,20,The boy will touch the lamp,non-restrictive,lamp,lamp,1.0333,True
subject-18,21,The hiker will photograph the mountain,non-restrictive,mountain,elsewhere,1.481,False
subject-18,22,The man will  move the wood,non-restrictive,wood,subject,0.9069,False
subject-18,23,The boy will eat the cake,restrictive,cake,cake,0.7883,True
subject-18,24,The woman will sew the shirt,restrictive,shirt,subject,0.8387,False
subject-18,25,The grandmother will eadturn the newspaper,non-restrictive,newspaper,elsewhere,0.3219,False
subject-18,26,The girl will button the blouse,restrictive,blouse,elsewhere,0.9184,False
subject-18,27,The boy will kick the football,restrictive,football,football,0.936,True
subject-18,28,The kid will build the lego,restrictive,lego,subject,0.676,False
subject-18,29,The baby will kick the bell,non-restrictive,bell,bell,1.093,True
subject-18,30,The boy will open the suitcase,non-restrictive,suitcase,elsewhere,0.9866,False
subject-18,31,The girl will roll the dice,restrictive,dice,subject,0.9448,False
subject-18,32,The girl will move the carpet,non-restrictive,carpet,carpet,0.8762,True
subject-18,33,The boy will move the banana,non-restrictive,banana,subject,1.2048,False
subject-18,34,The woman will touch the baby,non-restrictive,baby,baby,1.1414,True
subject-18,35,The housewife will fry the mushrooms,restrictive,mushrooms,mushrooms,1.1504,True
subject-18,36,The woman will tie the apron,restrictive,apron,subject,0.339,False
subject-18,37,The man will wipe the safe,non-restrictive,safe,safe,1.0367,True
subject-18,38,The woman will open the book,non-restrictive,book,,,False
subject-18,40,The policeman will arrest the man,restrictive,man,elsewhere,1.0305,False
subject-18,41,The man will  collect the cigarettes,non-restrictive,cigarettes,subject,0.6611,False
subject-18,42,The doctor will check the child,non-restrictive,child,elsewhere,0.8456,False
subject-18,43,The woman will wear the dress,restrictive,dress,subject,0.5986,False
subject-18,44,The child will inflate the balloon,restrictive,balloon,balloon,0.939,True
subject-18,45,The girl will hold the scarf,non-restrictive,scarf,elsewhere,0.0897,False
subject-18,46,The girl will groom the rabbit,restrictive,rabbit,subject,1.1342,False
subject-18,47,The girl will squeeze the mascara,non-restrictive,mascara,subject,0.0022,False
subject-18,48,The woman will examine the bottle,non-restrictive,bottle,seed,0.9372,False
subject-18,49,The baby will hug the kitten,restrictive,kitten,subject,0.5835,False
subject-19,0,The child will carry the balloon,non-restrictive,balloon,balloon,1.4896,True
subject-19,1,The woman will open the bottle,restrictive,bottle,elsewhere,1.2627,False
subject-19,2,The girl will knit the scarf,restrictive,scarf,scarf,1.0157,True
subject-19,3,The girl will hold the blouse,non-restrictive,blouse,elsewhere,1.2542,False
subject-19,4,The kid will stack the lego,non-restrictive,lego,subject,0.0302,False
subject-19,5,The girl will apply the mascara,restrictive,mascara,elsewhere,0.6681,False
subject-19,6,The boy will unzip the suitcase,restrictive,suitcase,subject,0.6058,False
subject-19,7,The boy will peel the banana,restrictive,banana,banana,0.9378,True
subject-19,8,The baker will inspect the dough,non-restrictive,dough,dough,0.3527,True
subject-19,9,The hiker will climb the mountain,restrictive,mountain,mountain,0.3416,True
subject-19,10,The boy will dim the lamp,restrictive,lamp,,,False
subject-19,11,The grandmother will read the newspaper,restrictive,newspaper,newspaper,0.9299,True
subject-19,12,The man will chop the wood,restrictive,wood,wood,0.8755,True
subject-19,13,The housewife will  wash the mushrooms,non-restrictive,mushrooms,jug,1.1387,False
subject-19,14,The baby will ring the bell,restrictive,bell,bell,0.9167,True
subject-19,15,The baby will grab the kitten,non-restrictive,kitten,subject,1.1454,False
subject-19,16,The woman will wash the shirt,non-restrictive,shirt,elsewhere,0.2023,False
subject-19,17,The musician will move the violin,non-restrictive,violin,elsewhere,0.3401,False
subject-19,18,The woman will  carry the dress,non-restrictive,dress,dress,1.1888,True
subject-19,19,The chef will slice the bread,restrictive,bread,bread,0.9886,True
subject-19,20,The boy will touch the football,non-restrictive,football,elsewhere,0.81,False
subject-19,21,The boy will squeeze the orange,restrictive,orange,subject,0.6403,False
subject-19,22,The boy will tie the shoelace,restrictive,shoelace,elsewhere,0.9596,False
subject-19,23,The boy will throw the ball,non-restrictive,ball,ball,1.1763,True
subject-19,24,The girl will hang the coat,non-restrictive,coat,,,False
subject-19,25,The businessman will wear the hat,restrictive,hat,subject,1.0581,False
subject-19,26,The man will smoke the cigarettes,restrictive,cigarettes,cigarettes,0.4994,True
subject-19,27,The man will watch the boat,non-restrictive,boat,elsewhere,0.4674,False
subject-19,28,The chef will grate the carrot,restrictive,carrot,elsewhere,0.0431,False
subject-19,29,The woman will blow grab the candle,non-restrictive,candle,subject,0.4433,False
subject-19,30,The man will paint the canvas,restrictive,canvas,subject,0.6085,False
subject-19,31,The woman will carry the apron,non-restrictive,apron,elsewhere,0.03,False
subject-19,32,The woman will bathe the baby,restrictive,baby,baby,1.0314,True
subject-19,33,The policeman will search the man,non-restrictive,man,dustbin,0.8569,False
subject-19,34,The boy will move the radio,non-restrictive,radio,radio,1.0349,True
subject-19,35,The girl will vacuum the carpet,restrictive,carpet,elsewhere,0.081,False
subject-19,36,The man will wipe the washing machine,non-restrictive,washing-machine,elsewhere,1.7044,False
subject-19,37,The woman will drink the wine,restrictive,wine,elsewhere,0.2437,False
subject-19,38,The woman will water the flower,restrictive,flower,flower,1.0156,True
subject-19,39,The girl will grab the dice,non-restrictive,dice,subject,0.2239,False
subject-19,40,The cat will push the milk,non-restrictive,milk,elsewhere,0.9446,False
subject-19,41,The woman will carry the beer,non-restrictive,beer,kettle,0.0707,False
subject-19,42,The girl will lift the rabbit,non-restrictive,rabbit,elsewhere,0.697,False
subject-19,43,The woman will read the book,restrictive,book,book,0.9181,True
subject-19,44,The woman will dust the piano,non-restrictive,piano,subject,0.7989,False
subject-19,45,The man will lick the stamp,restrictive,stamp,stamp,0.7485,True
subject-19,46,The boy will feed the dog,non-restrictive,dog,elsewhere,0.0151,False
subject-19,47,The boy will move the cake,non-restrictive,cake,elsewhere,0.0262,False
subject-19,48,The doctor will inject the child,restrictive,child,elsewhere,0.9883,False
subject-19,49,The man will lock the safe,restrictive,safe,safe,0.5945,True
subject-2,0,The woman will move the flower,non-restrictive,flower,flower,1.2483,True
subject-2,1,The kid will build the lego,restrictive,lego,lego,0.75,True
subject-2,2,The hiker will photograph the mountain,non-restrictive,mountain,elsewhere,1.1396,False
subject-2,3,The woman will touch the baby,non-restrictive,baby,elsewhere,1.041,False
subject-2,4,The boy will move the orange,non-restrictive,orange,elsewhere,1.0117,False
subject-2,5,The musician will tune the violin,restrictive,violin,elsewhere,1.0545,False
subject-2,6,The girl will zip the coat,restrictive,coat,elsewhere,1.0195,False
subject-2,7,The boy will move the banana,non-restrictive,banana,marker,0.7491,False
subject-2,9,The baker will knead the dough,restrictive,dough,dough,0.8474,True
subject-2,10,The woman will open the book,non-restrictive,book,,,False
subject-2,11,The man will  move the wood,non-restrictive,wood,elsewhere,0.0969,False
subject-2,12,The girl will button the blouse,restrictive,blouse,elsewhere,0.1217,False
subject-2,13,The woman will examine the bottle,non-restrictive,bottle,elsewhere,0.6289,False
subject-2,14,The child will inflate the balloon,restrictive,balloon,balloon,0.979,True
subject-2,15,The girl will move the carpet,non-restrictive,carpet,elsewhere,0.3469,False
subject-2,16,The girl will hold the scarf,non-restrictive,scarf,elsewhere,1.2747,False
subject-2,17,The baby will kick the bell,non-restrictive,bell,bell,1.0932,True
subject-2,18,The grandmother will eadturn the newspaper,non-restrictive,newspaper,,,False
subject-2,19,The woman will wear the dress,restrictive,dress,dress,1.255,True
subject-2,20,The man will  collect the cigarettes,non-restrictive,cigarettes,elsewhere,1.177,False
subject-2,21,The boy will bounce the ball,restrictive,ball,ball,1.0518,True
subject-2,22,The chef will carry the carrot,non-restrictive,carrot,elsewhere,1.0633,False
subject-2,23,The woman will sew the shirt,restrictive,shirt,elsewhere,0.0348,False
subject-2,24,The girl will roll the dice,restrictive,dice,,,False
subject-2,25,The woman will tie the apron,restrictive,apron,elsewhere,0.848,False
subject-2,26,The man will pick up the stamp,non-restrictive,stamp,elsewhere,0.3272,False
subject-2,27,The businessman will  forget the hat,non-restrictive,hat,elsewhere,0.9967,False
subject-2,28,The chef will clean the bread,non-restrictive,bread,elsewhere,0.9636,False
subject-2,29,The man will repair the washing machine,restrictive,washing-machine,elsewhere,1.0931,False
subject-2,30,The woman will blow out the candle,restrictive,candle,elsewhere,0.4432,False
subject-2,31,The boy will eat the cake,restrictive,cake,cake,0.8958,True
subject-2,32,The policeman will arrest the man,restrictive,man,,,False
subject-2,33,The man will sail the boat,restrictive,boat,boat,1.0407,True
subject-2,34,The cat will drink the milk,restrictive,milk,elsewhere,0.9672,False
subject-2,35,The doctor will check the child,non-restrictive,child,elsewhere,1.1336,False
subject-2,36,The girl will squeeze the mascara,non-restrictive,mascara,elsewhere,1.6567,False
subject-2,37,The girl will groom the rabbit,restrictive,rabbit,,,False
subject-2,38,The man will move the canvas,non-restrictive,canvas,rope,1.2959,False
subject-2,39,The boy will open the suitcase,non-restrictive,suitcase,suitcase,1.2948,True
subject-2,40,The woman will try the wine,non-restrictive,wine,wine,1.1142,True
subject-2,41,The man will wipe the safe,non-restrictive,safe,elsewhere,1.1234,False
subject-2,42,The woman will brew the beer,restrictive,beer,beer,1.1069,True
subject-2,43,The boy will walk the dog,restrictive,dog,elsewhere,0.9386,False
subject-2,44,The boy will move the shoelace,non-restrictive,shoelace,elsewhere,1.2325,False
subject-2,45,The baby will hug the kitten,restrictive,kitten,elsewhere,0.075,False
subject-2,46,The boy will kick the football,restrictive,football,elsewhere,0.8824,False
subject-2,47,The woman will play the piano,restrictive,piano,piano,1.0482,True
subject-2,48,The boy will touch the lamp,non-restrictive,lamp,elsewhere,1.1741,False
subject-2,49,The housewife will fry the mushrooms,restrictive,mushrooms,elsewhere,1.0298,False
subject-20,0,The woman will touch the baby,non-restrictive,baby,,,False
subject-20,1,The man will repair the washing machine,restrictive,washing-machine,subject,1.1331,False
subject-20,2,The cat will drink the milk,restrictive,milk,milk,0.9871,True
subject-20,3,The housewife will fry the mushrooms,restrictive,mushrooms,,,False
subject-20,4,The woman will move the flower,non-restrictive,flower,elsewhere,1.0675,False
subject-20,5,The man will sail the boat,restrictive,boat,elsewhere,0.9608,False
subject-20,6,The hiker will photograph the mountain,non-restrictive,mountain,cactus,0.7911,False
subject-20,7,The baby will kick the bell,non-restrictive,bell,elsewhere,1.2403,False
subject-20,8,The woman will sew the shirt,restrictive,shirt,shirt,0.972,True
subject-20,9,The girl will hold the scarf,non-restrictive,scarf,elsewhere,0.9803,False
subject-20,10,The man will pick up the stamp,non-restrictive,stamp,stamp,1.2384,True
subject-20,11,The boy will eat the cake,restrictive,cake,elsewhere,0.6949,False
subject-20,12,The boy will bounce the ball,restrictive,ball,shuttle-cock,1.0248,False
subject-20,13,The kid will build the lego,restrictive,lego,elsewhere,1.2654,False
subject-20,14,The girl will zip the coat,restrictive,coat,coat,0.878,True
subject-20,15,The boy will move the orange,non-restrictive,orange,subject,0.0475,False
subject-20,16,The musician will tune the violin,restrictive,violin,,,False
subject-20,17,The woman will blow out the candle,restrictive,candle,elsewhere,1.2406,False
subject-20,18,The girl will button the blouse,restrictive,blouse,elsewhere,1.3009,False
subject-20,19,The woman will open the book,non-restrictive,book,,,False
subject-20,21,The boy will kick the football,restrictive,football,football,1.0301,True
subject-20,22,The man will wipe the safe,non-restrictive,safe,bolt,0.8087,False
subject-20,23,The woman will examine the bottle,non-restrictive,bottle,lemon,1.1314,False
subject-20,24,The man will move the canvas,non-restrictive,canvas,rope,0.8341,False
subject-20,25,The woman will try the wine,non-restrictive,wine,elsewhere,1.2686,False
subject-20,26,The child will inflate the balloon,restrictive,balloon,elsewhere,1.3543,False
subject-20,27,The girl will move the carpet,non-restrictive,carpet,elsewhere,0.7625,False
subject-20,28,The grandmother will eadturn the newspaper,non-restrictive,newspaper,,,False
subject-20,29,The chef will carry the carrot,non-restrictive,carrot,carrot,1.6061,True
subject-20,30,The girl will roll the dice,restrictive,dice,elsewhere,0.7169,False
subject-20,31,The chef will clean the bread,non-restrictive,bread,bowl,1.2513,False
subject-20,32,The boy will open the suitcase,non-restrictive,suitcase,subject,1.0741,False
subject-20,33,The woman will play the piano,restrictive,piano,elsewhere,0.8402,False
subject-20,34,The businessman will  forget the hat,non-restrictive,hat,folder,0.0056,False
subject-20,35,The policeman will arrest the man,restrictive,man,subject,0.2002,False
subject-20,36,The baker will knead the dough,restrictive,dough,,,False
subject-20,37,The man will  move the wood,non-restrictive,wood,subject,0.4786,False
subject-20,38,The boy will touch the lamp,non-restrictive,lamp,subject,1.0133,False
subject-20,39,The woman will brew the beer,restrictive,beer,mug,0.7994,False
subject-20,40,The boy will move the banana,non-restrictive,banana,mitten,1.0375,False
subject-20,41,The girl will groom the rabbit,restrictive,rabbit,,,False
subject-20,42,The baby will hug the kitten,restrictive,kitten,,,False
subject-20,43,The boy will move the shoelace,non-restrictive,shoelace,shoelace,1.3194,True
subject-20,44,The doctor will check the child,non-restrictive,child,,,False
subject-20,45,The man will  collect the cigarettes,non-restrictive,cigarettes,briefcase,1.2171,False
subject-20,46,The boy will walk the dog,restrictive,dog,elsewhere,0.892,False
subject-20,47,The woman will tie the apron,restrictive,apron,,,False
subject-20,48,The girl will squeeze the mascara,non-restrictive,mascara,subject,1.4959,False
subject-20,49,The woman will wear the dress,restrictive,dress,,,False
subject-21,0,The policeman will search the man,non-restrictive,man,subject,0.1538,False
subject-21,1,The woman will drink the wine,restrictive,wine,wine,1.1341,True
subject-21,2,The musician will move the violin,non-restrictive,violin,violin,1.1035,True
subject-21,3,The kid will stack the lego,non-restrictive,lego,subject,0.7268,False
subject-21,4,The grandmother will read the newspaper,restrictive,newspaper,newspaper,0.8762,True
subject-21,5,The baby will ring the bell,restrictive,bell,bell,0.6686,True
subject-21,6,The woman will  carry the dress,non-restrictive,dress,dress,1.1014,True
subject-21,7,The girl will grab the dice,non-restrictive,dice,elsewhere,1.162,False
subject-21,8,The boy will move the cake,non-restrictive,cake,cake,0.8964,True
subject-21,9,The woman will water the flower,restrictive,flower,subject,0.1449,False
subject-21,10,The man will wipe the washing machine,non-restrictive,washing-machine,subject,0.9677,False
subject-21,11,The man will lick the stamp,restrictive,stamp,subject,1.157,False
subject-21,12,The boy will throw the ball,non-restrictive,ball,acorns,0.8551,False
subject-21,13,The boy will touch the football,non-restrictive,football,elsewhere,0.1464,False
subject-21,14,The woman will bathe the baby,restrictive,baby,rocking-horse,1.3668,False
subject-21,15,The boy will tie the shoelace,restrictive,shoelace,shoelace,0.6986,True
subject-21,16,The housewife will  wash the mushrooms,non-restrictive,mushrooms,elsewhere,1.1253,False
subject-21,17,The chef will slice the bread,restrictive,bread,bread,0.9683,True
subject-21,18,The boy will squeeze the orange,restrictive,orange,orange,1.1361,True
subject-21,19,The girl will hold the blouse,non-restrictive,blouse,toothbrish,0.8917,False
subject-21,20,The man will smoke the cigarettes,restrictive,cigarettes,elsewhere,0.8209,False
subject-21,21,The boy will unzip the suitcase,restrictive,suitcase,suitcase,1.1886,True
subject-21,22,The boy will peel the banana,restrictive,banana,elsewhere,0.6634,False
subject-21,23,The girl will knit the scarf,restrictive,scarf,elsewhere,0.4057,False
subject-21,24,The cat will push the milk,non-restrictive,milk,elsewhere,0.0668,False
subject-21,25,The man will lock the safe,restrictive,safe,elsewhere,0.052,False
subject-21,26,The baby will grab the kitten,non-restrictive,kitten,subject,0.5218,False
subject-21,27,The boy will dim the lamp,restrictive,lamp,elsewhere,0.756,False
subject-21,28,The woman will read the book,restrictive,book,bag,0.8846,False
subject-21,29,The businessman will wear the hat,restrictive,hat,hat,0.8168,True
subject-21,30,The girl will lift the rabbit,non-restrictive,rabbit,rabbit,1.1659,True
subject-21,31,The boy will feed the dog,non-restrictive,dog,bird,0.8861,False
subject-21,32,The woman will blow grab the candle,non-restrictive,candle,coin,1.1199,False
subject-21,33,The woman will carry the apron,non-restrictive,apron,elsewhere,0.7666,False
subject-21,34,The woman will wash the shirt,non-restrictive,shirt,elsewhere,0.2089,False
subject-21,35,The man will paint the canvas,restrictive,canvas,elsewhere,0.8163,False
subject-21,36,The girl will hang the coat,non-restrictive,coat,hook,0.4979,False
subject-21,37,The woman will open the bottle,restrictive,bottle,elsewhere,0.3449,False
subject-21,38,The doctor will inject the child,restrictive,child,microscope,0.325,False
subject-21,39,The man will chop the wood,restrictive,wood,elsewhere,0.5404,False
subject-21,40,The woman will dust the piano,non-restrictive,piano,subject,0.8933,False
subject-21,41,The chef will grate the carrot,restrictive,carrot,carrot,0.606,True
subject-21,42,The boy will move the radio,non-restrictive,radio,elsewhere,0.003,False
subject-21,43,The baker will inspect the dough,non-restrictive,dough,elsewhere,0.6946,False
subject-21,44,The girl will vacuum the carpet,restrictive,carpet,subject,0.7036,False
subject-21,45,The child will carry the balloon,non-restrictive,balloon,elsewhere,0.0226,False
subject-21,46,The hiker will climb the mountain,restrictive,mountain,moon,0.2616,False
subject-21,47,The girl will apply the mascara,restrictive,mascara,mascara,1.2102,True
subject-21,48,The woman will carry the beer,non-restrictive,beer,elsewhere,0.0911,False
subject-21,49,The man will watch the boat,non-restrictive,boat,sun,0.829,False
subject-22,0,The chef will carry the carrot,non-restrictive,carrot,elsewhere,1.4381,False
subject-22,1,The doctor will check the child,non-restrictive,child,microscope,0.1287,False
subject-22,2,The grandmother will eadturn the newspaper,non-restrictive,newspaper,elsewhere,1.2398,False
subject-22,3,The woman will tie the apron,restrictive,apron,apron,1.1226,True
subject-22,4,The housewife will fry the mushrooms,restrictive,mushrooms,knife,1.1705,False
subject-22,5,The man will pick up the stamp,non-restrictive,stamp,envelope,1.4057,False
subject-22,6,The hiker will photograph the mountain,non-restrictive,mountain,animal,1.3939,False
subject-22,7,The woman will examine the bottle,non-restrictive,bottle,seed,1.4931,False
subject-22,8,The baby will hug the kitten,restrictive,kitten,subject,0.6103,False
subject-22,9,The man will move the canvas,non-restrictive,canvas,elsewhere,0.0236,False
subject-22,10,The girl will move the carpet,non-restrictive,carpet,roller,0.8224,False
subject-22,11,The baker will knead the dough,restrictive,dough,subject,1.1552,False
subject-22,12,The boy will eat the cake,restrictive,cake,elsewhere,0.5408,False
subject-22,13,The boy will move the banana,non-restrictive,banana,elsewhere,1.0906,False
subject-22,14,The woman will blow out the candle,restrictive,candle,coaster,1.294,False
subject-22,15,The woman will move the flower,non-restrictive,flower,elsewhere,1.0473,False
subject-22,16,The boy will kick the football,restrictive,football,,,False
subject-22,17,The boy will move the shoelace,non-restrictive,shoelace,subject,0.0667,False
subject-22,19,The woman will try the wine,non-restrictive,wine,cheese,1.2011,False
subject-22,20,The kid will build the lego,restrictive,lego,lego,0.8633,True
subject-22,21,The girl will zip the coat,restrictive,coat,coat,0.791,True
subject-22,22,The businessman will  forget the hat,non-restrictive,hat,magnifying-glass,1.1438,False
subject-22,23,The woman will wear the dress,restrictive,dress,backpack,0.7121,False
subject-22,24,The man will  move the wood,non-restrictive,wood,elsewhere,0.733,False
subject-22,25,The boy will walk the dog,restrictive,dog,dog,1.0259,True
subject-22,26,The girl will hold the scarf,non-restrictive,scarf,elsewhere,0.2637,False
subject-22,27,The boy will open the suitcase,non-restrictive,suitcase,elsewhere,0.9198,False
subject-22,28,The girl will roll the dice,restrictive,dice,dice,0.6835,True
subject-22,29,The girl will groom the rabbit,restrictive,rabbit,elsewhere,1.2145,False
subject-22,30,The man will repair the washing machine,restrictive,washing-machine,washing-machine,1.4081,True
subject-22,31,The chef will clean the bread,non-restrictive,bread,elsewhere,1.0711,False
subject-22,32,The man will sail the boat,restrictive,boat,boat,0.9543,True
subject-22,33,The girl will button the blouse,restrictive,blouse,blouse,0.8991,True
subject-22,34,The woman will touch the baby,non-restrictive,baby,elsewhere,1.0545,False
subject-22,35,The musician will tune the violin,restrictive,violin,elsewhere,0.2776,False
subject-22,36,The woman will play the piano,restrictive,piano,table,1.1287,False
subject-22,37,The boy will touch the lamp,non-restrictive,lamp,lamp,1.0333,True
subject-22,38,The woman will open the book,non-restrictive,book,,,False
subject-22,39,The woman will sew the shirt,restrictive,shirt,shirt,0.9591,True
subject-22,40,The policeman will arrest the man,restrictive,man,man,1.2385,True
subject-22,41,The man will  collect the cigarettes,non-restrictive,cigarettes,cigarettes,0.5274,True
subject-22,42,The child will inflate the balloon,restrictive,balloon,,,False
subject-22,43,The baby will kick the bell,non-restrictive,bell,bricks,0.8318,False
subject-22,44,The boy will move the orange,non-restrictive,orange,,,False
subject-22,45,The man will wipe the safe,non-restrictive,safe,bolt,0.7885,False
subject-22,46,The boy will bounce the ball,restrictive,ball,acorns,1.0249,False
subject-22,47,The girl will squeeze the mascara,non-restrictive,mascara,elsewhere,0.5645,False
subject-22,48,The cat will drink the milk,restrictive,milk,milk,0.6261,True
subject-22,49,The woman will brew the beer,restrictive,beer,elsewhere,0.9866,False
subject-23,0,The girl will lift the rabbit,non-restrictive,rabbit,elsewhere,0.5504,False
subject-23,1,The woman will bathe the baby,restrictive,baby,elsewhere,0.275,False
subject-23,2,The housewife will  wash the mushrooms,non-restrictive,mushrooms,subject,0.0466,False
subject-23,3,The baker will inspect the dough,non-restrictive,dough,elsewhere,0.0245,False
subject-23,4,The woman will read the book,restrictive,book,door,0.9714,False
subject-23,5,The baby will ring the bell,restrictive,bell,elsewhere,0.1592,False
subject-23,6,The boy will touch the football,non-restrictive,football,,,False
subject-23,7,The woman will wash the shirt,non-restrictive,shirt,elsewhere,0.4034,False
subject-23,8,The girl will knit the scarf,restrictive,scarf,scarf,0.2855,True
subject-23,9,The musician will move the violin,non-restrictive,violin,elsewhere,0.2326,False
subject-23,10,The woman will blow grab the candle,non-restrictive,candle,elsewhere,0.2894,False
subject-23,11,The doctor will inject the child,restrictive,child,subject,0.305,False
subject-23,12,The boy will squeeze the orange,restrictive,orange,elsewhere,0.0173,False
subject-23,13,The girl will vacuum the carpet,restrictive,carpet,elsewhere,0.8176,False
subject-23,14,The man will wipe the washing machine,non-restrictive,washing-machine,mirror,1.0615,False
subject-23,15,The boy will move the radio,non-restrictive,radio,elsewhere,0.4857,False
subject-23,16,The grandmother will read the newspaper,restrictive,newspaper,elsewhere,0.5547,False
subject-23,17,The man will lick the stamp,restrictive,stamp,stamp,0.3667,True
subject-23,18,The boy will unzip the suitcase,restrictive,suitcase,elsewhere,0.2041,False
subject-23,19,The woman will water the flower,restrictive,flower,elsewhere,1.1296,False
subject-23,20,The girl will hang the coat,non-restrictive,coat,elsewhere,0.4843,False
subject-23,21,The woman will drink the wine,restrictive,wine,elsewhere,0.4709,False
subject-23,22,The woman will  carry the dress,non-restrictive,dress,elsewhere,1.0347,False
subject-23,23,The chef will grate the carrot,restrictive,carrot,subject,0.6327,False
subject-23,24,The man will paint the canvas,restrictive,canvas,subject,0.6557,False
subject-23,25,The woman will carry the beer,non-restrictive,beer,biscuit,0.3189,False
subject-23,26,The baby will grab the kitten,non-restrictive,kitten,elsewhere,1.0377,False
subject-23,27,The boy will throw the ball,non-restrictive,ball,acorns,0.4731,False
subject-23,28,The man will smoke the cigarettes,restrictive,cigarettes,elsewhere,0.8006,False
subject-23,29,The hiker will climb the mountain,restrictive,mountain,elsewhere,0.2615,False
subject-23,30,The businessman will wear the hat,restrictive,hat,elsewhere,0.435,False
subject-23,31,The child will carry the balloon,non-restrictive,balloon,flag,0.1564,False
subject-23,32,The cat will push the milk,non-restrictive,milk,elsewhere,0.047,False
subject-23,33,The boy will peel the banana,restrictive,banana,subject,0.4284,False
subject-23,34,The woman will dust the piano,non-restrictive,piano,subject,0.6519,False
subject-23,35,The boy will tie the shoelace,restrictive,shoelace,elsewhere,1.5489,False
subject-23,36,The chef will slice the bread,restrictive,bread,elsewhere,0.3387,False
subject-23,37,The man will chop the wood,restrictive,wood,elsewhere,0.3062,False
subject-23,38,The boy will dim the lamp,restrictive,lamp,picture,0.7091,False
subject-23,39,The man will watch the boat,non-restrictive,boat,elsewhere,0.2125,False
subject-23,40,The woman will carry the apron,non-restrictive,apron,broom,0.4184,False
subject-23,41,The girl will grab the dice,non-restrictive,dice,subject,0.5454,False
subject-23,42,The woman will open the bottle,restrictive,bottle,subject,0.2179,False
subject-23,43,The girl will apply the mascara,restrictive,mascara,subject,0.1521,False
subject-23,44,The kid will stack the lego,non-restrictive,lego,elsewhere,0.4451,False
subject-23,45,The policeman will search the man,non-restrictive,man,,,False
subject-23,46,The boy will feed the dog,non-restrictive,dog,bird,0.2496,False
subject-23,47,The girl will hold the blouse,non-restrictive,blouse,elsewhere,0.3026,False
subject-23,48,The man will lock the safe,restrictive,safe,subject,0.1121,False
subject-23,49,The boy will move the cake,non-restrictive,cake,elsewhere,0.2402,False
subject-3,0,The housewife will  wash the mushrooms,non-restrictive,mushrooms,,,False
subject-3,1,The kid will stack the lego,non-restrictive,lego,lego,1.1016,True
subject-3,2,The man will wipe the washing machine,non-restrictive,washing-machine,subject,0.0566,False
subject-3,3,The girl will apply the mascara,restrictive,mascara,mascara,1.4654,True
subject-3,4,The boy will squeeze the orange,restrictive,orange,,,False
subject-3,5,The girl will grab the dice,non-restrictive,dice,elsewhere,1.028,False
subject-3,6,The baker will inspect the dough,non-restrictive,dough,dough,1.2835,True
subject-3,7,The woman will water the flower,restrictive,flower,flower,0.5202,True
subject-3,8,The woman will dust the piano,non-restrictive,piano,piano,1.1538,True
subject-3,9,The man will chop the wood,restrictive,wood,wood,0.9427,True
subject-3,10,The woman will read the book,restrictive,book,elsewhere,0.7639,False
subject-3,11,The businessman will wear the hat,restrictive,hat,hat,0.7968,True
subject-3,12,The baby will grab the kitten,non-restrictive,kitten,kitten,1.1386,True
subject-3,13,The boy will move the cake,non-restrictive,cake,toy-car,0.7895,False
subject-3,14,The girl will hold the blouse,non-restrictive,blouse,iron,0.8383,False
subject-3,15,The boy will move the radio,non-restrictive,radio,elsewhere,1.1418,False
subject-3,16,The girl will lift the rabbit,non-restrictive,rabbit,rabbit,1.206,True
subject-3,17,The boy will feed the dog,non-restrictive,dog,elsewhere,0.243,False
subject-3,18,The man will lock the safe,restrictive,safe,safe,0.6013,True
subject-3,19,The woman will blow grab the candle,non-restrictive,candle,elsewhere,1.2,False
subject-3,20,The baby will ring the bell,restrictive,bell,bell,0.501,True
subject-3,21,The boy will throw the ball,non-restrictive,ball,ball,1.4977,True
subject-3,22,The boy will unzip the suitcase,restrictive,suitcase,elsewhere,0.646,False
subject-3,23,The child will carry the balloon,non-restrictive,balloon,pouch,0.9335,False
subject-3,24,The girl will vacuum the carpet,restrictive,carpet,footstool,1.092,False
subject-3,25,The policeman will search the man,non-restrictive,man,man,1.1586,True
subject-3,26,The chef will grate the carrot,restrictive,carrot,pot,0.653,False
subject-3,27,The woman will open the bottle,restrictive,bottle,elsewhere,1.4301,False
subject-3,28,The man will watch the boat,non-restrictive,boat,elsewhere,1.1101,False
subject-3,29,The chef will slice the bread,restrictive,bread,bread,1.1563,True
subject-3,30,The man will lick the stamp,restrictive,stamp,elsewhere,0.9027,False
subject-3,31,The woman will wash the shirt,non-restrictive,shirt,shirt,1.0257,True
subject-3,32,The man will paint the canvas,restrictive,canvas,canvas,0.9436,True
subject-3,33,The woman will carry the beer,non-restrictive,beer,elsewhere,1.4174,False
subject-3,34,The doctor will inject the child,restrictive,child,,,False
subject-3,35,The girl will knit the scarf,restrictive,scarf,scarf,1.0489,True
subject-3,36,The musician will move the violin,non-restrictive,violin,elsewhere,0.9226,False
subject-3,37,The grandmother will read the newspaper,restrictive,newspaper,elsewhere,0.0255,False
subject-3,38,The woman will carry the apron,non-restrictive,apron,elsewhere,1.2691,False
subject-3,39,The woman will bathe the baby,restrictive,baby,,,False
subject-3,40,The cat will push the milk,non-restrictive,milk,glove,0.844,False
subject-3,41,The woman will drink the wine,restrictive,wine,wine,0.9127,True
subject-3,42,The woman will  carry the dress,non-restrictive,dress,dress,1.3024,True
subject-3,43,The hiker will climb the mountain,restrictive,mountain,mountain,0.8172,True
subject-3,44,The man will smoke the cigarettes,restrictive,cigarettes,cigarettes,0.935,True
subject-3,45,The boy will dim the lamp,restrictive,lamp,elsewhere,1.1646,False
subject-3,46,The boy will touch the football,non-restrictive,football,elsewhere,1.1781,False
subject-3,47,The boy will peel the banana,restrictive,banana,elsewhere,0.1072,False
subject-3,48,The boy will tie the shoelace,restrictive,shoelace,subject,0.6717,False
subject-3,49,The girl will hang the coat,non-restrictive,coat,hook,0.6184,False
subject-4,0,The woman will move the flower,non-restrictive,flower,flower,0.7456,True
subject-4,1,The boy will eat the cake,restrictive,cake,cake,0.2326,True
subject-4,2,The woman will open the book,non-restrictive,book,subject,0.0682,False
subject-4,3,The boy will open the suitcase,non-restrictive,suitcase,elsewhere,0.8062,False
subject-4,4,The man will move the canvas,non-restrictive,canvas,keyboard,0.5722,False
subject-4,5,The boy will bounce the ball,restrictive,ball,elsewhere,0.3081,False
subject-4,6,The hiker will photograph the mountain,non-restrictive,mountain,cactus,1.3073,False
subject-4,7,The boy will move the shoelace,non-restrictive,shoelace,shoelace,1.1322,True
subject-4,8,The man will wipe the safe,non-restrictive,safe,safe,0.5472,True
subject-4,9,The woman will blow out the candle,restrictive,candle,elsewhere,1.0528,False
subject-4,11,The girl will hold the scarf,non-restrictive,scarf,scarf,0.9733,True
subject-4,12,The baby will hug the kitten,restrictive,kitten,elsewhere,0.905,False
subject-4,13,The boy will move the banana,non-restrictive,banana,key,0.6222,False
subject-4,14,The chef will clean the bread,non-restrictive,bread,elsewhere,0.8831,False
subject-4,15,The doctor will check the child,non-restrictive,child,tv-monitor,0.9594,False
subject-4,16,The cat will drink the milk,restrictive,milk,elsewhere,0.6863,False
subject-4,17,The girl will squeeze the mascara,non-restrictive,mascara,subject,0.538,False
subject-4,18,The boy will touch the lamp,non-restrictive,lamp,elsewhere,0.9864,False
subject-4,19,The musician will tune the violin,restrictive,violin,elsewhere,0.646,False
subject-4,20,The woman will brew the beer,restrictive,beer,elsewhere,0.0894,False
subject-4,21,The kid will build the lego,restrictive,lego,lego,0.1536,True
subject-4,22,The girl will zip the coat,restrictive,coat,subject,0.7639,False
subject-4,23,The man will repair the washing machine,restrictive,washing-machine,elsewhere,0.9792,False
subject-4,24,The girl will button the blouse,restrictive,blouse,elsewhere,0.2159,False
subject-4,25,The child will inflate the balloon,restrictive,balloon,subject,0.7313,False
subject-4,26,The businessman will  forget the hat,non-restrictive,hat,subject,0.7825,False
subject-4,27,The baker will knead the dough,restrictive,dough,ladle,0.9413,False
subject-4,28,The woman will play the piano,restrictive,piano,subject,0.0436,False
subject-4,29,The girl will groom the rabbit,restrictive,rabbit,rabbit,1.0137,True
subject-4,30,The woman will examine the bottle,non-restrictive,bottle,subject,0.2807,False
subject-4,31,The woman will touch the baby,non-restrictive,baby,baby,1.316,True
subject-4,32,The grandmother will eadturn the newspaper,non-restrictive,newspaper,tissue,0.4225,False
subject-4,33,The woman will try the wine,non-restrictive,wine,elsewhere,0.8327,False
subject-4,34,The woman will tie the apron,restrictive,apron,elsewhere,0.7137,False
subject-4,35,The man will  move the wood,non-restrictive,wood,elsewhere,0.9543,False
subject-4,36,The baby will kick the bell,non-restrictive,bell,elsewhere,0.9254,False
subject-4,37,The woman will wear the dress,restrictive,dress,dress,0.3905,True
subject-4,38,The chef will carry the carrot,non-restrictive,carrot,peeler,0.889,False
subject-4,39,The boy will walk the dog,restrictive,dog,hen,0.3358,False
subject-4,40,The housewife will fry the mushrooms,restrictive,mushrooms,subject,0.0253,False
subject-4,41,The girl will roll the dice,restrictive,dice,watch,0.7106,False
subject-4,42,The man will pick up the stamp,non-restrictive,stamp,rubberband,1.1375,False
subject-4,43,The boy will kick the football,restrictive,football,football,1.0366,True
subject-4,44,The man will sail the boat,restrictive,boat,car,0.7197,False
subject-4,45,The woman will sew the shirt,restrictive,shirt,chalk,0.5102,False
subject-4,46,The policeman will arrest the man,restrictive,man,elsewhere,0.4883,False
subject-4,47,The boy will move the orange,non-restrictive,orange,orange,0.7369,True
subject-4,48,The girl will move the carpet,non-restrictive,carpet,elsewhere,0.7756,False
subject-4,49,The man will  collect the cigarettes,non-restrictive,cigarettes,briefcase,0.9481,False
subject-5,0,The woman will water the flower,restrictive,flower,vase,0.152,False
subject-5,1,The boy will feed the dog,non-restrictive,dog,ball,0.0821,False
subject-5,2,The man will chop the wood,restrictive,wood,stone,0.3261,False
subject-5,3,The woman will wash the shirt,non-restrictive,shirt,apple,0.1688,False
subject-5,4,The doctor will inject the child,restrictive,child,subject,0.0503,False
subject-5,5,The girl will knit the scarf,restrictive,scarf,needle,0.6607,False
subject-5,6,The child will carry the balloon,non-restrictive,balloon,elsewhere,0.3771,False
subject-5,7,The baby will grab the kitten,non-restrictive,kitten,elsewhere,0.6693,False
subject-5,8,The hiker will climb the mountain,restrictive,mountain,elsewhere,0.4897,False
subject-5,9,The musician will move the violin,non-restrictive,violin,gum,0.8623,False
subject-5,10,The grandmother will read the newspaper,restrictive,newspaper,newspaper,0.9034,True
subject-5,11,The boy will move the radio,non-restrictive,radio,subject,0.894,False
subject-5,12,The girl will hold the blouse,non-restrictive,blouse,blouse,1.2474,True
subject-5,13,The boy will tie the shoelace,restrictive,shoelace,shoelace,1.187,True
subject-5,14,The boy will throw the ball,non-restrictive,ball,shuttle-cock,1.5446,False
subject-5,15,The woman will bathe the baby,restrictive,baby,elsewhere,1.052,False
subject-5,16,The kid will stack the lego,non-restrictive,lego,elsewhere,0.4117,False
subject-5,17,The baker will inspect the dough,non-restrictive,dough,dough,1.2972,True
subject-5,18,The woman will open the bottle,restrictive,bottle,subject,0.4992,False
subject-5,19,The housewife will  wash the mushrooms,non-restrictive,mushrooms,subject,1.9695,False
subject-5,20,The woman will carry the beer,non-restrictive,beer,beer,1.2362,True
subject-5,21,The boy will touch the football,non-restrictive,football,football,1.7275,True
subject-5,22,The woman will drink the wine,restrictive,wine,lipstick,0.3569,False
subject-5,23,The woman will blow grab the candle,non-restrictive,candle,subject,1.763,False
subject-5,24,The chef will grate the carrot,restrictive,carrot,,,False
subject-5,25,The girl will vacuum the carpet,restrictive,carpet,elsewhere,0.8041,False
subject-5,26,The man will wipe the washing machine,non-restrictive,washing-machine,elsewhere,0.9473,False
subject-5,27,The woman will read the book,restrictive,book,cup,0.2015,False
subject-5,28,The chef will slice the bread,restrictive,bread,bread,0.8951,True
subject-5,29,The woman will dust the piano,non-restrictive,piano,telephone,0.3238,False
subject-5,30,The boy will peel the banana,restrictive,banana,banana,1.0249,True
subject-5,31,The boy will squeeze the orange,restrictive,orange,subject,2.0267,False
subject-5,32,The man will lock the safe,restrictive,safe,safe,1.1098,True
subject-5,33,The man will smoke the cigarettes,restrictive,cigarettes,elsewhere,0.6605,False
subject-5,34,The businessman will wear the hat,restrictive,hat,hat,0.9375,True
subject-5,35,The woman will carry the apron,non-restrictive,apron,elsewhere,1.2624,False
subject-5,36,The boy will unzip the suitcase,restrictive,suitcase,suitcase,1.2157,True
subject-5,37,The man will lick the stamp,restrictive,stamp,stamp,1.1297,True
subject-5,38,The boy will move the cake,non-restrictive,cake,,,False
subject-5,39,The man will watch the boat,non-restrictive,boat,boat,1.0899,True
subject-5,40,The cat will push the milk,non-restrictive,milk,sock,0.3417,False
subject-5,41,The man will paint the canvas,restrictive,canvas,elsewhere,0.9703,False
subject-5,42,The girl will apply the mascara,restrictive,mascara,mascara,1.177,True
subject-5,43,The policeman will search the man,non-restrictive,man,,,False
subject-5,44,The girl will grab the dice,non-restrictive,dice,elsewhere,0.9943,False
subject-5,45,The boy will dim the lamp,restrictive,lamp,lamp,0.8364,True
subject-5,46,The girl will lift the rabbit,non-restrictive,rabbit,rabbit,1.0385,True
subject-5,47,The baby will ring the bell,restrictive,bell,,,False
subject-5,48,The girl will hang the coat,non-restrictive,coat,coat,1.0802,True
subject-5,49,The woman will  carry the dress,non-restrictive,dress,subject,0.1236,False
subject-6,0,The girl will button the blouse,restrictive,blouse,elsewhere,1.0864,False
subject-6,1,The girl will roll the dice,restrictive,dice,headphones,0.5431,False
subject-6,2,The woman will open the book,non-restrictive,book,,,False
subject-6,3,The grandmother will eadturn the newspaper,non-restrictive,newspaper,elsewhere,0.3419,False
subject-6,4,The man will repair the washing machine,restrictive,washing-machine,elsewhere,1.0057,False
subject-6,5,The boy will move the banana,non-restrictive,banana,elsewhere,1.5597,False
subject-6,6,The housewife will fry the mushrooms,restrictive,mushrooms,subject,0.8491,False
subject-6,7,The girl will zip the coat,restrictive,coat,subject,0.7171,False
subject-6,8,The man will pick up the stamp,non-restrictive,stamp,rubberband,1.2783,False
subject-6,9,The baby will kick the bell,non-restrictive,bell,subject,0.423,False
subject-6,10,The boy will open the suitcase,non-restrictive,suitcase,suitcase,0.7925,True
subject-6,11,The woman will touch the baby,non-restrictive,baby,baby,1.0147,True
subject-6,12,The boy will move the orange,non-restrictive,orange,orange,1.0648,True
subject-6,14,The baker will knead the dough,restrictive,dough,elsewhere,1.1756,False
subject-6,15,The girl will squeeze the mascara,non-restrictive,mascara,subject,0.3839,False
subject-6,16,The baby will hug the kitten,restrictive,kitten,subject,0.0411,False
subject-6,17,The woman will try the wine,non-restrictive,wine,wine,1.094,True
subject-6,18,The girl will move the carpet,non-restrictive,carpet,carpet,1.1909,True
subject-6,19,The musician will tune the violin,restrictive,violin,violin,1.0948,True
subject-6,20,The man will move the canvas,non-restrictive,canvas,canvas,1.4368,True
subject-6,21,The child will inflate the balloon,restrictive,balloon,elsewhere,1.0267,False
subject-6,22,The businessman will  forget the hat,non-restrictive,hat,subject,0.1461,False
subject-6,23,The cat will drink the milk,restrictive,milk,elsewhere,0.8472,False
subject-6,24,The woman will sew the shirt,restrictive,shirt,chalk,0.9659,False
subject-6,25,The boy will bounce the ball,restrictive,ball,elsewhere,1.0382,False
subject-6,26,The woman will play the piano,restrictive,piano,elsewhere,0.8807,False
subject-6,27,The man will  collect the cigarettes,non-restrictive,cigarettes,elsewhere,1.1235,False
subject-6,28,The man will sail the boat,restrictive,boat,elsewhere,1.0927,False
subject-6,29,The boy will eat the cake,restrictive,cake,cake,0.6952,True
subject-6,30,The chef will carry the carrot,non-restrictive,carrot,elsewhere,1.2978,False
subject-6,31,The chef will clean the bread,non-restrictive,bread,elsewhere,0.1598,False
subject-6,32,The man will wipe the safe,non-restrictive,safe,subject,1.0901,False
subject-6,33,The man will  move the wood,non-restrictive,wood,wood,1.1419,True
subject-6,34,The woman will blow out the candle,restrictive,candle,elsewhere,0.9792,False
subject-6,35,The hiker will photograph the mountain,non-restrictive,mountain,,,False
subject-6,36,The girl will groom the rabbit,restrictive,rabbit,elsewhere,0.8258,False
subject-6,37,The kid will build the lego,restrictive,lego,elsewhere,1.1784,False
subject-6,38,The woman will wear the dress,restrictive,dress,elsewhere,0.9266,False
subject-6,39,The boy will kick the football,restrictive,football,,,False
subject-6,40,The boy will walk the dog,restrictive,dog,elsewhere,0.912,False
subject-6,41,The woman will move the flower,non-restrictive,flower,,,False
subject-6,42,The woman will examine the bottle,non-restrictive,bottle,elsewhere,1.3591,False
subject-6,43,The boy will move the shoelace,non-restrictive,shoelace,elsewhere,0.7969,False
subject-6,44,The girl will hold the scarf,non-restrictive,scarf,elsewhere,1.0738,False
subject-6,45,The woman will brew the beer,restrictive,beer,kettle,0.9199,False
subject-6,46,The policeman will arrest the man,restrictive,man,elsewhere,0.8499,False
subject-6,47,The boy will touch the lamp,non-restrictive,lamp,switch,1.2409,False
subject-6,48,The woman will tie the apron,restrictive,apron,elsewhere,0.7608,False
subject-6,49,The doctor will check the child,non-restrictive,child,elsewhere,0.6983,False
subject-7,0,The woman will  carry the dress,non-restrictive,dress,elsewhere,1.2221,False
subject-7,1,The man will chop the wood,restrictive,wood,elsewhere,0.9026,False
subject-7,2,The baker will inspect the dough,non-restrictive,dough,elsewhere,1.2702,False
subject-7,3,The man will lock the safe,restrictive,safe,safe,0.9829,True
subject-7,4,The musician will move the violin,non-restrictive,violin,stand,0.4207,False
subject-7,5,The chef will slice the bread,restrictive,bread,bread,1.156,True
subject-7,6,The man will smoke the cigarettes,restrictive,cigarettes,elsewhere,0.6738,False
subject-7,7,The boy will touch the football,non-restrictive,football,elsewhere,1.1646,False
subject-7,8,The grandmother will read the newspaper,restrictive,newspaper,newspaper,0.9565,True
subject-7,9,The girl will hold the blouse,non-restrictive,blouse,iron,1.3006,False
subject-7,10,The girl will hang the coat,non-restrictive,coat,coat,0.9069,True
subject-7,11,The girl will vacuum the carpet,restrictive,carpet,elsewhere,0.717,False
subject-7,12,The woman will bathe the baby,restrictive,baby,stool,0.2617,False
subject-7,13,The woman will read the book,restrictive,book,door,0.6433,False
subject-7,14,The boy will move the radio,non-restrictive,radio,radio,0.9943,True
subject-7,15,The man will watch the boat,non-restrictive,boat,elsewhere,0.9229,False
subject-7,16,The woman will drink the wine,restrictive,wine,subject,0.3504,False
subject-7,17,The boy will squeeze the orange,restrictive,orange,subject,0.1513,False
subject-7,18,The woman will wash the shirt,non-restrictive,shirt,elsewhere,1.227,False
subject-7,19,The girl will apply the mascara,restrictive,mascara,subject,0.8084,False
subject-7,20,The boy will peel the banana,restrictive,banana,elsewhere,0.0001,False
subject-7,21,The girl will lift the rabbit,non-restrictive,rabbit,elsewhere,1.2127,False
subject-7,22,The baby will ring the bell,restrictive,bell,bell,0.9899,True
subject-7,23,The cat will push the milk,non-restrictive,milk,milk,1.2861,True
subject-7,24,The chef will grate the carrot,restrictive,carrot,elsewhere,0.9346,False
subject-7,25,The woman will open the bottle,restrictive,bottle,sponge,0.0637,False
subject-7,26,The policeman will search the man,non-restrictive,man,elsewhere,1.0441,False
subject-7,27,The woman will water the flower,restrictive,flower,elsewhere,1.3373,False
subject-7,28,The woman will carry the apron,non-restrictive,apron,elsewhere,1.517,False
subject-7,29,The child will carry the balloon,non-restrictive,balloon,balloon,1.0009,True
subject-7,30,The hiker will climb the mountain,restrictive,mountain,elsewhere,0.3151,False
subject-7,31,The boy will feed the dog,non-restrictive,dog,elsewhere,1.2744,False
subject-7,32,The boy will dim the lamp,restrictive,lamp,elsewhere,0.937,False
subject-7,33,The boy will tie the shoelace,restrictive,shoelace,elsewhere,1.1003,False
subject-7,34,The woman will blow grab the candle,non-restrictive,candle,elsewhere,1.3745,False
subject-7,35,The woman will carry the beer,non-restrictive,beer,elsewhere,0.513,False
subject-7,36,The girl will grab the dice,non-restrictive,dice,elsewhere,1.0681,False
subject-7,37,The doctor will inject the child,restrictive,child,child,1.256,True
subject-7,38,The man will paint the canvas,restrictive,canvas,keyboard,1.5862,False
subject-7,39,The housewife will  wash the mushrooms,non-restrictive,mushrooms,elsewhere,0.4154,False
subject-7,40,The kid will stack the lego,non-restrictive,lego,subject,0.4315,False
subject-7,41,The man will wipe the washing machine,non-restrictive,washing-machine,elsewhere,0.0634,False
subject-7,42,The baby will grab the kitten,non-restrictive,kitten,cup,0.294,False
subject-7,43,The businessman will wear the hat,restrictive,hat,magnifying-glass,1.0784,False
subject-7,44,The boy will move the cake,non-restrictive,cake,subject,0.1059,False
subject-7,45,The woman will dust the piano,non-restrictive,piano,piano,1.1204,True
subject-7,46,The boy will unzip the suitcase,restrictive,suitcase,subject,0.4519,False
subject-7,47,The boy will throw the ball,non-restrictive,ball,paper-plane,0.6134,False
subject-7,48,The man will lick the stamp,restrictive,stamp,subject,0.5141,False
subject-7,49,The girl will knit the scarf,restrictive,scarf,elsewhere,0.3455,False
subject-8,0,The baby will kick the bell,non-restrictive,bell,,,False
subject-8,1,The woman will touch the baby,non-restrictive,baby,stool,0.2108,False
subject-8,2,The man will sail the boat,restrictive,boat,elsewhere,0.1975,False
subject-8,3,The kid will build the lego,restrictive,lego,subject,0.0937,False
subject-8,4,The baker will knead the dough,restrictive,dough,dough,0.8879,True
subject-8,5,The woman will wear the dress,restrictive,dress,dress,1.1943,True
subject-8,6,The boy will kick the football,restrictive,football,subject,0.3263,False
subject-8,7,The grandmother will eadturn the newspaper,non-restrictive,newspaper,elsewhere,0.7909,False
subject-8,8,The boy will open the suitcase,non-restrictive,suitcase,elsewhere,0.7654,False
subject-8,9,The girl will button the blouse,restrictive,blouse,iron,1.2873,False
subject-8,10,The girl will roll the dice,restrictive,dice,elsewhere,0.8041,False
subject-8,11,The boy will walk the dog,restrictive,dog,elsewhere,0.9525,False
subject-8,12,The musician will tune the violin,restrictive,violin,violin,1.3689,True
subject-8,13,The man will move the canvas,non-restrictive,canvas,elsewhere,0.7605,False
subject-8,14,The cat will drink the milk,restrictive,milk,milk,0.5591,True
subject-8,15,The woman will open the book,non-restrictive,book,,,False
subject-8,16,The woman will sew the shirt,restrictive,shirt,elsewhere,0.785,False
subject-8,17,The policeman will arrest the man,restrictive,man,houses,0.4213,False
subject-8,18,The girl will squeeze the mascara,non-restrictive,mascara,elsewhere,0.1357,False
subject-8,19,The girl will move the carpet,non-restrictive,carpet,elsewhere,0.2734,False
subject-8,20,The woman will examine the bottle,non-restrictive,bottle,bottle,1.158,True
subject-8,21,The man will  move the wood,non-restrictive,wood,wood,1.1757,True
subject-8,22,The doctor will check the child,non-restrictive,child,toy-bear,0.0685,False
subject-8,23,The baby will hug the kitten,restrictive,kitten,elsewhere,1.2128,False
subject-8,24,The boy will touch the lamp,non-restrictive,lamp,elsewhere,0.1356,False
subject-8,25,The man will wipe the safe,non-restrictive,safe,elsewhere,1.2373,False
subject-8,26,The chef will clean the bread,non-restrictive,bread,elsewhere,1.2583,False
subject-8,27,The girl will hold the scarf,non-restrictive,scarf,elsewhere,1.0809,False
subject-8,28,The woman will tie the apron,restrictive,apron,elsewhere,0.8479,False
subject-8,29,The man will repair the washing machine,restrictive,washing-machine,elsewhere,0.9724,False
subject-8,30,The woman will move the flower,non-restrictive,flower,subject,0.5512,False
subject-8,31,The man will  collect the cigarettes,non-restrictive,cigarettes,filofax,0.226,False
subject-8,32,The woman will brew the beer,restrictive,beer,beer,1.2078,True
subject-8,34,The girl will zip the coat,restrictive,coat,towel,0.5098,False
subject-8,35,The chef will carry the carrot,non-restrictive,carrot,subject,0.0116,False
subject-8,36,The woman will play the piano,restrictive,piano,elsewhere,0.6394,False
subject-8,37,The woman will blow out the candle,restrictive,candle,coaster,0.3765,False
subject-8,38,The child will inflate the balloon,restrictive,balloon,elsewhere,0.129,False
subject-8,39,The boy will move the banana,non-restrictive,banana,elsewhere,0.9635,False
subject-8,40,The man will pick up the stamp,non-restrictive,stamp,elsewhere,1.084,False
subject-8,41,The businessman will  forget the hat,non-restrictive,hat,subject,0.1122,False
subject-8,42,The boy will move the shoelace,non-restrictive,shoelace,mat,0.1135,False
subject-8,43,The woman will try the wine,non-restrictive,wine,subject,0.6988,False
subject-8,44,The boy will move the orange,non-restrictive,orange,elsewhere,0.643,False
subject-8,45,The boy will eat the cake,restrictive,cake,subject,0.5608,False
subject-8,46,The hiker will photograph the mountain,non-restrictive,mountain,mountain,0.5298,True
subject-8,47,The housewife will fry the mushrooms,restrictive,mushrooms,elsewhere,0.1989,False
subject-8,48,The girl will groom the rabbit,restrictive,rabbit,glass,0.3237,False
subject-8,49,The boy will bounce the ball,restrictive,ball,ball,1.0715,True
subject-9,0,The child will carry the balloon,non-restrictive,balloon,elsewhere,1.1077,False
subject-9,1,The cat will push the milk,non-restrictive,milk,sock,0.4691,False
subject-9,2,The woman will dust the piano,non-restrictive,piano,elsewhere,0.243,False
subject-9,3,The baker will inspect the dough,non-restrictive,dough,dough,1.1165,True
subject-9,4,The boy will unzip the suitcase,restrictive,suitcase,elsewhere,0.2982,False
subject-9,5,The boy will squeeze the orange,restrictive,orange,elsewhere,0.1717,False
subject-9,6,The boy will move the radio,non-restrictive,radio,pillow,0.1102,False
subject-9,7,The girl will apply the mascara,restrictive,mascara,elsewhere,0.829,False
subject-9,8,The woman will drink the wine,restrictive,wine,chair,0.3236,False
subject-9,9,The woman will wash the shirt,non-restrictive,shirt,shirt,0.0819,True
subject-9,10,The boy will move the cake,non-restrictive,cake,ball,0.4276,False
subject-9,11,The hiker will climb the mountain,restrictive,mountain,mountain,0.3485,True
subject-9,12,The doctor will inject the child,restrictive,child,child,0.1048,True
subject-9,13,The man will paint the canvas,restrictive,canvas,keyboard,0.4212,False
subject-9,14,The musician will move the violin,non-restrictive,violin,elsewhere,0.0989,False
subject-9,15,The woman will blow grab the candle,non-restrictive,candle,candle,0.5374,True
subject-9,16,The chef will grate the carrot,restrictive,carrot,carrot,0.1302,True
subject-9,17,The man will lick the stamp,restrictive,stamp,stamp,0.159,True
subject-9,18,The man will chop the wood,restrictive,wood,elsewhere,0.3065,False
subject-9,19,The boy will feed the dog,non-restrictive,dog,elsewhere,0.2699,False
subject-9,20,The businessman will wear the hat,restrictive,hat,folder,0.844,False
subject-9,21,The girl will grab the dice,non-restrictive,dice,elsewhere,0.3919,False
subject-9,22,The woman will  carry the dress,non-restrictive,dress,elsewhere,0.3177,False
subject-9,23,The man will wipe the washing machine,non-restrictive,washing-machine,mirror,0.6659,False
subject-9,24,The woman will open the bottle,restrictive,bottle,seed,0.1644,False
subject-9,25,The girl will lift the rabbit,non-restrictive,rabbit,elsewhere,0.0071,False
subject-9,26,The chef will slice the bread,restrictive,bread,spoon,0.3592,False
subject-9,27,The boy will peel the banana,restrictive,banana,mitten,0.121,False
subject-9,28,The girl will hang the coat,non-restrictive,coat,coat,0.3768,True
subject-9,29,The girl will vacuum the carpet,restrictive,carpet,footstool,0.4022,False
subject-9,30,The kid will stack the lego,non-restrictive,lego,elsewhere,1.7518,False
subject-9,31,The girl will knit the scarf,restrictive,scarf,scarf,0.1649,True
subject-9,32,The grandmother will read the newspaper,restrictive,newspaper,newspaper,0.0193,True
subject-9,33,The woman will bathe the baby,restrictive,baby,baby,0.8573,True
subject-9,34,The policeman will search the man,non-restrictive,man,subject,1.1712,False
subject-9,35,The boy will dim the lamp,restrictive,lamp,elsewhere,0.119,False
subject-9,36,The woman will read the book,restrictive,book,book,0.8919,True
subject-9,37,The housewife will  wash the mushrooms,non-restrictive,mushrooms,jug,0.0471,False
subject-9,38,The baby will grab the kitten,non-restrictive,kitten,kitten,0.4212,True
subject-9,39,The man will watch the boat,non-restrictive,boat,boat,0.306,True
subject-9,40,The boy will throw the ball,non-restrictive,ball,elsewhere,0.3792,False
subject-9,41,The boy will tie the shoelace,restrictive,shoelace,mat,0.0887,False
subject-9,42,The woman will carry the apron,non-restrictive,apron,broom,0.0838,False
subject-9,43,The woman will water the flower,restrictive,flower,elsewhere,0.3055,False
subject-9,44,The baby will ring the bell,restrictive,bell,bricks,0.5208,False
subject-9,45,The man will smoke the cigarettes,restrictive,cigarettes,filofax,0.1712,False
subject-9,46,The woman will carry the beer,non-restrictive,beer,mug,0.2513,False
subject-9,47,The man will lock the safe,restrictive,safe,elsewhere,1.1102,False
subject-9,48,The girl will hold the blouse,non-restrictive,blouse,subject,1.7093,False
subject-9,49,The boy will touch the football,non-restrictive,football,football,0.2132,True
