subject_id,trial,sentence_id,condition,target_position,found_tight,before_noun_tight,found_pieslice,before_noun_pieslice
subject-1,0,6,non-restrictive,3,False,False,True,False
subject-1,1,15,restrictive,4,True,False,True,False
subject-1,2,39,restrictive,4,True,False,True,False
subject-1,3,21,restrictive,2,True,False,True,False
subject-1,4,38,non-restrictive,3,True,False,True,False
subject-1,5,4,non-restrictive,1,True,True,True,True
subject-1,6,29,restrictive,2,True,True,True,True
subject-1,7,23,restrictive,4,False,False,True,False
subject-1,8,19,restrictive,4,True,True,True,True
subject-1,9,22,non-restrictive,3,True,False,True,False
subject-1,10,7,restrictive,4,True,False,True,False
subject-1,11,43,restrictive,4,True,False,True,False
subject-1,12,8,non-restrictive,1,True,True,True,True
subject-1,13,30,non-restrictive,3,True,False,True,False
subject-1,14,36,non-restrictive,1,False,False,True,False
subject-1,15,20,non-restrictive,1,True,True,True,True
subject-1,16,5,restrictive,2,True,True,True,True
subject-1,17,1,restrictive,2,True,False,True,False
subject-1,18,32,non-restrictive,1,True,False,True,False
subject-1,19,3,restrictive,4,True,True,True,True
subject-1,20,2,non-restrictive,3,False,False,False,False
subject-1,21,46,non-restrictive,3,True,False,True,False
subject-1,22,16,non-restrictive,1,True,False,True,False
subject-1,23,18,non-restrictive,3,True,True,True,True
subject-1,24,27,restrictive,4,True,True,True,True
subject-1,25,13,restrictive,2,False,False,True,True
subject-1,26,24,non-restrictive,1,True,True,True,True
subject-1,27,42,non-restrictive,3,False,False,True,True
subject-1,28,12,non-restrictive,1,True,False,True,False
subject-1,29,48,non-restrictive,1,True,False,True,False
subject-1,30,49,restrictive,2,False,False,True,False
subject-1,31,10,non-restrictive,3,True,False,True,False
subject-1,32,9,restrictive,2,True,False,True,False
subject-1,33,37,restrictive,2,False,False,True,False
subject-1,34,31,restrictive,4,False,False,True,False
subject-1,35,28,non-restrictive,1,True,False,True,False
subject-1,36,33,restrictive,2,False,False,False,False
subject-1,37,25,restrictive,2,False,False,True,False
subject-1,38,17,restrictive,2,False,False,True,False
subject-1,39,14,non-restrictive,3,True,False,True,False
subject-1,40,35,restrictive,4,True,False,True,False
subject-1,41,44,non-restrictive,1,True,True,True,True
subject-1,42,11,restrictive,4,True,False,True,False
subject-1,43,34,non-restrictive,3,True,True,True,True
subject-1,44,47,restrictive,4,True,False,True,False
subject-1,45,45,restrictive,2,False,False,True,False
subject-1,46,26,non-restrictive,3,False,False,False,False
subject-1,47,41,restrictive,2,True,False,True,False
subject-1,48,0,non-restrictive,1,True,False,True,False
subject-1,49,40,non-restrictive,1,True,False,True,False
subject-10,0,37,non-restrictive,3,True,False,True,False
subject-10,2,45,non-restrictive,3,True,True,True,True
subject-10,3,47,non-restrictive,1,True,False,True,False
subject-10,4,12,restrictive,2,True,False,True,True
subject-10,5,5,non-restrictive,3,True,False,True,False
subject-10,6,39,non-restrictive,1,True,False,True,False
subject-10,7,20,restrictive,2,False,False,True,False
subject-10,8,24,restrictive,2,True,False,True,False
subject-10,9,1,non-restrictive,3,False,False,True,False
subject-10,10,43,non-restrictive,1,True,False,True,False
subject-10,11,26,restrictive,4,True,False,True,False
subject-10,12,8,restrictive,2,True,False,True,False
subject-10,13,32,restrictive,2,True,False,True,False
subject-10,14,16,restrictive,2,False,False,False,False
subject-10,15,48,restrictive,2,True,False,True,False
subject-10,16,9,non-restrictive,3,False,False,False,False
subject-10,17,44,restrictive,2,True,False,True,False
subject-10,18,18,restrictive,4,True,False,True,False
subject-10,19,46,restrictive,4,True,False,True,False
subject-10,20,22,restrictive,4,True,False,True,False
subject-10,21,10,restrictive,4,True,True,True,True
subject-10,22,49,non-restrictive,3,True,False,True,False
subject-10,23,40,restrictive,2,False,False,True,False
subject-10,24,31,non-restrictive,1,True,False,True,False
subject-10,25,23,non-restrictive,1,True,False,True,False
subject-10,26,41,non-restrictive,3,True,False,True,False
subject-10,27,36,restrictive,2,True,False,True,False
subject-10,28,27,non-restrictive,1,True,False,True,False
subject-10,29,6,restrictive,4,True,False,True,False
subject-10,30,4,restrictive,2,True,False,True,False
subject-10,31,19,non-restrictive,1,True,False,True,False
subject-10,32,0,restrictive,2,False,False,False,False
subject-10,33,38,restrictive,4,True,False,True,False
subject-10,34,14,restrictive,4,True,False,True,False
subject-10,35,29,non-restrictive,3,True,False,True,False
subject-10,36,42,restrictive,4,True,False,True,False
subject-10,37,28,restrictive,2,False,False,True,False
subject-10,38,3,non-restrictive,1,True,False,True,False
subject-10,39,25,non-restrictive,3,True,False,True,False
subject-10,40,17,non-restrictive,3,True,False,True,False
subject-10,41,13,non-restrictive,3,True,False,True,False
subject-10,42,7,non-restrictive,1,True,False,True,False
subject-10,43,33,non-restrictive,3,True,False,True,False
subject-10,44,21,non-restrictive,3,True,False,True,False
subject-10,45,15,non-restrictive,1,True,False,True,False
subject-10,46,11,non-restrictive,1,True,False,True,False
subject-10,47,2,restrictive,4,True,False,True,False
subject-10,48,30,restrictive,4,True,False,True,False
subject-10,49,35,non-restrictive,1,True,False,True,False
subject-11,0,10,non-restrictive,4,True,True,True,True
subject-11,1,32,non-restrictive,2,True,True,True,True
subject-11,2,14,non-restrictive,4,True,False,True,False
subject-11,3,43,restrictive,1,True,False,True,False
subject-11,4,19,restrictive,1,True,False,True,False
subject-11,5,30,non-restrictive,4,True,False,True,False
subject-11,6,1,restrictive,3,False,False,True,False
subject-11,7,22,non-restrictive,4,True,False,True,False
subject-11,8,5,restrictive,3,True,False,True,True
subject-11,9,29,restrictive,3,True,False,True,False
subject-11,10,37,restrictive,3,True,False,True,False
subject-11,11,23,restrictive,1,False,False,True,False
subject-11,12,41,restrictive,3,False,False,False,False
subject-11,13,2,non-restrictive,4,True,False,True,False
subject-11,14,40,non-restrictive,2,True,False,True,False
subject-11,15,16,non-restrictive,2,True,False,True,False
subject-11,16,9,restrictive,3,True,True,True,True
subject-11,17,3,restrictive,1,True,False,True,False
subject-11,18,6,non-restrictive,4,True,False,True,False
subject-11,19,21,restrictive,3,True,False,True,True
subject-11,20,27,restrictive,1,True,False,True,False
subject-11,21,26,non-restrictive,4,False,False,True,False
subject-11,22,44,non-restrictive,2,False,False,True,False
subject-11,23,24,non-restrictive,2,False,False,True,False
subject-11,24,20,non-restrictive,2,True,False,True,False
subject-11,25,17,restrictive,3,True,False,True,False
subject-11,26,8,non-restrictive,2,True,True,True,True
subject-11,27,42,non-restrictive,4,True,False,True,False
subject-11,28,18,non-restrictive,4,True,False,True,False
subject-11,29,4,non-restrictive,2,True,False,True,False
subject-11,30,7,restrictive,1,True,False,True,False
subject-11,31,46,non-restrictive,4,False,False,True,False
subject-11,32,48,non-restrictive,2,True,False,True,False
subject-11,33,36,non-restrictive,2,True,False,True,False
subject-11,34,31,restrictive,1,True,False,True,False
subject-11,35,15,restrictive,1,False,False,True,False
subject-11,36,0,non-restrictive,2,True,False,True,False
subject-11,37,11,restrictive,1,False,False,False,False
subject-11,38,35,restrictive,1,True,False,True,False
subject-11,39,33,restrictive,3,True,False,True,True
subject-11,40,39,restrictive,1,False,False,True,False
subject-11,41,38,non-restrictive,4,True,False,True,False
subject-11,42,34,non-restrictive,4,False,False,False,False
subject-11,43,12,non-restrictive,2,False,False,True,False
subject-11,44,45,restrictive,3,True,False,True,False
subject-11,45,49,restrictive,3,False,False,True,False
subject-11,46,25,restrictive,3,True,False,True,False
subject-11,47,47,restrictive,1,True,False,True,False
subject-11,48,13,restrictive,3,False,False,True,False
subject-11,49,28,non-restrictive,2,True,False,True,False
subject-12,0,3,non-restrictive,2,True,False,True,False
subject-12,1,31,non-restrictive,2,False,False,True,False
subject-12,2,22,restrictive,1,True,False,True,False
subject-12,3,23,non-restrictive,2,True,False,True,False
subject-12,4,27,non-restrictive,2,False,False,False,False
subject-12,5,28,restrictive,3,True,False,True,False
subject-12,6,46,restrictive,1,True,False,True,False
subject-12,7,7,non-restrictive,2,True,False,True,False
subject-12,8,44,restrictive,3,True,False,True,False
subject-12,9,18,restrictive,1,True,False,True,False
subject-12,10,24,restrictive,3,True,False,True,False
subject-12,11,36,restrictive,3,True,False,True,False
subject-12,12,40,restrictive,3,False,False,True,False
subject-12,13,21,non-restrictive,4,True,False,True,False
subject-12,14,37,non-restrictive,4,True,False,True,False
subject-12,15,25,non-restrictive,4,True,False,True,False
subject-12,16,47,non-restrictive,2,True,False,True,False
subject-12,17,39,non-restrictive,2,True,False,True,False
subject-12,18,12,restrictive,3,True,False,True,False
subject-12,19,4,restrictive,3,True,False,True,False
subject-12,20,30,restrictive,1,True,False,True,False
subject-12,21,19,non-restrictive,2,True,False,True,False
subject-12,22,32,restrictive,3,True,False,True,False
subject-12,23,6,restrictive,1,True,False,True,False
subject-12,24,35,non-restrictive,2,True,False,True,False
subject-12,25,15,non-restrictive,2,False,False,True,False
subject-12,26,33,non-restrictive,4,True,False,True,False
subject-12,27,49,non-restrictive,4,True,False,True,False
subject-12,28,11,non-restrictive,2,True,False,True,True
subject-12,29,2,restrictive,1,True,False,True,True
subject-12,30,10,restrictive,1,True,True,True,True
subject-12,31,0,restrictive,3,False,False,False,False
subject-12,32,13,non-restrictive,4,True,False,True,False
subject-12,33,42,restrictive,1,True,False,True,False
subject-12,34,26,restrictive,1,True,False,True,False
subject-12,35,14,restrictive,1,True,False,True,False
subject-12,36,1,non-restrictive,4,True,False,True,False
subject-12,37,48,restrictive,3,True,False,True,False
subject-12,38,29,non-restrictive,4,True,False,True,False
subject-12,39,9,non-restrictive,4,False,False,False,False
subject-12,40,45,non-restrictive,4,True,False,True,False
subject-12,41,17,non-restrictive,4,True,False,True,False
subject-12,43,38,restrictive,1,True,False,True,False
subject-12,44,16,restrictive,3,True,False,True,False
subject-12,45,20,restrictive,3,True,False,True,False
subject-12,46,43,non-restrictive,2,True,False,True,True
subject-12,47,5,non-restrictive,4,True,False,True,False
subject-12,48,41,non-restrictive,4,True,False,True,False
subject-12,49,8,restrictive,3,False,False,False,False
subject-13,0,11,restrictive,2,False,False,False,False
subject-13,1,2,non-restrictive,1,False,False,False,False
subject-13,2,33,restrictive,4,False,False,False,False
subject-13,3,30,non-restrictive,1,False,False,False,False
subject-13,4,15,restrictive,2,False,False,False,False
subject-13,5,38,non-restrictive,1,True,True,False,False
subject-13,6,39,restrictive,2,False,False,True,False
subject-13,7,23,restrictive,2,False,False,False,False
subject-13,8,41,restrictive,4,True,False,True,False
subject-13,9,8,non-restrictive,3,True,False,True,False
subject-13,10,13,restrictive,4,True,False,True,True
subject-13,11,35,restrictive,2,False,False,True,False
subject-13,12,42,non-restrictive,1,True,False,True,False
subject-13,13,24,non-restrictive,3,False,False,False,False
subject-13,14,9,restrictive,4,True,False,True,False
subject-13,15,0,non-restrictive,3,False,False,False,False
subject-13,16,43,restrictive,2,True,False,True,False
subject-13,17,6,non-restrictive,1,True,False,True,False
subject-13,18,37,restrictive,4,True,False,True,False
subject-13,19,17,restrictive,4,True,False,True,False
subject-13,20,31,restrictive,2,True,False,True,False
subject-13,21,46,non-restrictive,1,True,True,True,True
subject-13,22,16,non-restrictive,3,False,False,False,False
subject-13,23,12,non-restrictive,3,True,True,True,True
subject-13,24,7,restrictive,2,True,False,True,True
subject-13,25,47,restrictive,2,False,False,True,False
subject-13,26,44,non-restrictive,3,False,False,False,False
subject-13,27,28,non-restrictive,3,False,False,False,False
subject-13,28,14,non-restrictive,1,True,False,True,False
subject-13,29,22,non-restrictive,1,True,False,True,False
subject-13,30,18,non-restrictive,1,True,True,True,True
subject-13,31,10,non-restrictive,1,False,False,False,False
subject-13,32,19,restrictive,2,True,False,True,False
subject-13,33,25,restrictive,4,False,False,True,False
subject-13,34,1,restrictive,4,True,False,True,False
subject-13,35,45,restrictive,4,True,False,True,True
subject-13,36,26,non-restrictive,1,True,False,True,False
subject-13,37,29,restrictive,4,False,False,False,False
subject-13,38,4,non-restrictive,3,True,False,True,False
subject-13,39,32,non-restrictive,3,True,False,True,False
subject-13,40,40,non-restrictive,3,True,True,True,True
subject-13,41,48,non-restrictive,3,False,False,False,False
subject-13,42,3,restrictive,2,True,True,True,True
subject-13,43,36,non-restrictive,3,False,False,False,False
subject-13,44,34,non-restrictive,1,True,False,True,True
subject-13,45,49,restrictive,4,True,True,True,True
subject-13,46,5,restrictive,4,True,False,True,False
subject-13,47,27,restrictive,2,False,False,False,False
subject-13,48,20,non-restrictive,3,False,False,False,False
subject-13,49,21,restrictive,4,True,False,True,False
subject-14,0,33,non-restrictive,1,True,False,True,False
subject-14,1,45,non-restrictive,1,True,False,True,True
subject-14,2,2,restrictive,2,False,False,True,False
subject-14,3,36,restrictive,4,True,False,True,False
subject-14,4,13,non-restrictive,1,True,False,True,False
subject-14,5,46,restrictive,2,False,False,True,False
subject-14,6,28,restrictive,4,True,False,True,False
subject-14,7,10,restrictive,2,True,True,True,True
subject-14,8,32,restrictive,4,True,False,True,False
subject-14,9,31,non-restrictive,3,True,False,True,True
subject-14,10,25,non-restrictive,1,True,False,True,False
subject-14,11,47,non-restrictive,3,True,True,True,True
subject-14,12,3,non-restrictive,3,True,False,True,False
subject-14,13,48,restrictive,4,False,False,True,False
subject-14,14,6,restrictive,2,True,False,True,False
subject-14,15,4,restrictive,4,True,False,True,False
subject-14,16,21,non-restrictive,1,False,False,False,False
subject-14,17,0,restrictive,4,True,False,True,False
subject-14,18,39,non-restrictive,3,True,False,True,False
subject-14,19,37,non-restrictive,1,True,False,False,False
subject-14,20,16,restrictive,4,False,False,False,False
subject-14,21,8,restrictive,4,False,False,False,False
subject-14,22,18,restrictive,2,True,False,True,False
subject-14,23,7,non-restrictive,3,False,False,False,False
subject-14,24,24,restrictive,4,True,True,True,True
subject-14,25,12,restrictive,4,True,False,True,False
subject-14,26,19,non-restrictive,3,False,False,False,False
subject-14,27,11,non-restrictive,3,False,False,False,False
subject-14,28,20,restrictive,4,False,False,False,False
subject-14,29,30,restrictive,2,True,False,True,False
subject-14,30,14,restrictive,2,True,False,True,False
subject-14,32,22,restrictive,2,False,False,False,False
subject-14,33,5,non-restrictive,1,True,False,True,False
subject-14,34,35,non-restrictive,3,True,False,True,False
subject-14,35,29,non-restrictive,1,True,False,True,False
subject-14,36,17,non-restrictive,1,False,False,False,False
subject-14,37,27,non-restrictive,3,False,False,True,False
subject-14,38,40,restrictive,4,False,False,False,False
subject-14,39,44,restrictive,4,True,False,True,False
subject-14,40,49,non-restrictive,1,False,False,False,False
subject-14,41,23,non-restrictive,3,True,False,True,False
subject-14,42,9,non-restrictive,1,False,False,False,False
subject-14,43,1,non-restrictive,1,True,False,True,False
subject-14,44,38,restrictive,2,False,False,True,True
subject-14,45,26,restrictive,2,True,True,True,True
subject-14,46,43,non-restrictive,3,True,False,True,False
subject-14,47,41,non-restrictive,1,True,False,True,False
subject-14,48,42,restrictive,2,False,False,False,False
subject-14,49,15,non-restrictive,3,True,False,True,False
subject-15,0,0,non-restrictive,4,True,False,True,False
subject-15,1,29,restrictive,1,True,False,True,False
subject-15,2,36,non-restrictive,4,True,False,True,False
subject-15,3,43,restrictive,3,True,False,True,False
subject-15,4,11,restrictive,3,True,False,True,False
subject-15,5,34,non-restrictive,2,True,False,True,False
subject-15,6,42,non-restrictive,2,True,False,True,False
subject-15,7,44,non-restrictive,4,False,False,False,False
subject-15,8,14,non-restrictive,2,False,False,True,False
subject-15,9,48,non-restrictive,4,True,False,True,False
subject-15,10,45,restrictive,1,True,False,True,False
subject-15,11,47,restrictive,3,True,False,True,False
subject-15,12,39,restrictive,3,False,False,True,False
subject-15,13,7,restrictive,3,False,False,True,False
subject-15,14,38,non-restrictive,2,False,False,False,False
subject-15,15,25,restrictive,1,True,False,True,False
subject-15,16,12,non-restrictive,4,True,False,True,False
subject-15,17,6,non-restrictive,2,True,False,True,False
subject-15,18,41,restrictive,1,True,False,True,False
subject-15,19,10,non-restrictive,2,True,False,True,False
subject-15,20,37,restrictive,1,True,False,True,False
subject-15,21,5,restrictive,1,True,False,True,False
subject-15,22,9,restrictive,1,True,False,True,False
subject-15,23,13,restrictive,1,True,False,True,False
subject-15,24,1,restrictive,1,True,False,True,False
subject-15,25,26,non-restrictive,2,True,False,True,False
subject-15,26,33,restrictive,1,True,False,True,False
subject-15,27,28,non-restrictive,4,True,False,True,False
subject-15,28,35,restrictive,3,False,False,True,False
subject-15,29,27,restrictive,3,True,False,True,False
subject-15,30,46,non-restrictive,2,True,False,True,False
subject-15,31,40,non-restrictive,4,True,False,True,False
subject-15,32,32,non-restrictive,4,True,False,True,False
subject-15,33,8,non-restrictive,4,True,False,True,False
subject-15,34,4,non-restrictive,4,False,False,True,False
subject-15,35,16,non-restrictive,4,True,False,True,False
subject-15,36,17,restrictive,1,True,False,True,False
subject-15,37,31,restrictive,3,True,False,True,False
subject-15,38,19,restrictive,3,True,False,True,False
subject-15,39,24,non-restrictive,4,True,False,True,False
subject-15,40,30,non-restrictive,2,True,False,True,False
subject-15,41,2,non-restrictive,2,True,False,True,False
subject-15,42,23,restrictive,3,True,False,True,False
subject-15,43,49,restrictive,1,True,False,True,False
subject-15,44,22,non-restrictive,2,False,False,False,False
subject-15,45,3,restrictive,3,True,False,True,False
subject-15,46,21,restrictive,1,True,False,True,False
subject-15,47,15,restrictive,3,True,False,True,False
subject-15,48,20,non-restrictive,4,True,False,True,False
subject-15,49,18,non-restrictive,2,True,False,True,False
subject-16,0,14,restrictive,3,True,False,True,False
subject-16,1,27,non-restrictive,4,True,False,True,False
subject-16,2,20,restrictive,1,True,False,True,False
subject-16,3,44,restrictive,1,True,True,True,True
subject-16,4,7,non-restrictive,4,False,False,False,False
subject-16,5,5,non-restrictive,2,True,True,True,True
subject-16,6,6,restrictive,3,True,False,True,False
subject-16,7,36,restrictive,1,True,False,True,False
subject-16,8,49,non-restrictive,2,True,True,True,True
subject-16,9,11,non-restrictive,4,True,False,True,False
subject-16,10,37,non-restrictive,2,False,False,True,False
subject-16,11,33,non-restrictive,2,True,False,True,False
subject-16,12,18,restrictive,3,True,False,True,False
subject-16,13,46,restrictive,3,False,False,True,False
subject-16,14,31,non-restrictive,4,True,False,True,False
subject-16,15,29,non-restrictive,2,True,False,True,False
subject-16,16,24,restrictive,1,True,False,True,False
subject-16,17,35,non-restrictive,4,True,False,True,False
subject-16,18,8,restrictive,1,True,False,True,False
subject-16,19,2,restrictive,3,False,False,True,False
subject-16,20,43,non-restrictive,4,True,False,True,False
subject-16,21,21,non-restrictive,2,True,False,True,False
subject-16,22,17,non-restrictive,2,False,False,True,False
subject-16,23,19,non-restrictive,4,True,False,True,False
subject-16,24,0,restrictive,1,True,False,True,False
subject-16,25,40,restrictive,1,True,False,True,False
subject-16,26,9,non-restrictive,2,False,False,False,False
subject-16,27,15,non-restrictive,4,True,False,True,False
subject-16,28,32,restrictive,1,True,False,True,False
subject-16,29,48,restrictive,1,True,False,True,False
subject-16,30,28,restrictive,1,True,True,True,True
subject-16,31,23,non-restrictive,4,True,False,True,False
subject-16,32,16,restrictive,1,True,False,True,False
subject-16,33,13,non-restrictive,2,True,False,True,False
subject-16,34,1,non-restrictive,2,True,False,True,False
subject-16,35,45,non-restrictive,2,True,True,True,True
subject-16,37,12,restrictive,1,True,False,True,False
subject-16,38,25,non-restrictive,2,True,False,True,False
subject-16,39,3,non-restrictive,4,True,False,True,False
subject-16,40,38,restrictive,3,True,False,True,False
subject-16,41,26,restrictive,3,True,False,True,False
subject-16,42,30,restrictive,3,True,False,True,False
subject-16,43,4,restrictive,1,True,False,True,False
subject-16,44,42,restrictive,3,True,False,True,False
subject-16,45,10,restrictive,3,True,False,True,False
subject-16,46,39,non-restrictive,4,True,False,True,False
subject-16,47,41,non-restrictive,2,True,False,True,False
subject-16,48,47,non-restrictive,4,True,False,True,False
subject-16,49,22,restrictive,3,False,False,True,False
subject-17,0,36,non-restrictive,1,False,False,False,False
subject-17,1,3,restrictive,4,True,True,True,True
subject-17,2,11,restrictive,4,True,False,True,False
subject-17,3,48,non-restrictive,1,True,False,True,False
subject-17,4,9,restrictive,2,True,False,True,False
subject-17,5,41,restrictive,2,True,False,True,False
subject-17,6,34,non-restrictive,3,True,False,True,False
subject-17,7,31,restrictive,4,True,False,True,False
subject-17,8,30,non-restrictive,3,False,False,True,False
subject-17,9,44,non-restrictive,1,True,False,True,False
subject-17,10,37,restrictive,2,True,False,True,False
subject-17,11,15,restrictive,4,True,False,True,False
subject-17,12,24,non-restrictive,1,True,False,True,False
subject-17,13,27,restrictive,4,False,False,True,False
subject-17,14,20,non-restrictive,1,True,False,True,False
subject-17,15,40,non-restrictive,1,True,False,True,False
subject-17,16,14,non-restrictive,3,False,False,False,False
subject-17,17,33,restrictive,2,True,False,True,True
subject-17,18,10,non-restrictive,3,False,False,True,True
subject-17,19,49,restrictive,2,True,False,True,False
subject-17,20,38,non-restrictive,3,False,False,True,False
subject-17,21,19,restrictive,4,True,False,True,False
subject-17,22,29,restrictive,2,False,False,True,False
subject-17,23,32,non-restrictive,1,True,False,True,False
subject-17,24,5,restrictive,2,True,True,True,True
subject-17,25,8,non-restrictive,1,True,False,True,False
subject-17,26,4,non-restrictive,1,True,False,True,False
subject-17,27,45,restrictive,2,True,False,True,False
subject-17,28,42,non-restrictive,3,True,False,True,False
subject-17,29,46,non-restrictive,3,True,False,True,False
subject-17,30,25,restrictive,2,False,False,False,False
subject-17,31,17,restrictive,2,True,True,True,True
subject-17,32,35,restrictive,4,True,False,True,False
subject-17,33,6,non-restrictive,3,False,False,True,False
subject-17,34,47,restrictive,4,True,False,True,False
subject-17,35,12,non-restrictive,1,True,False,True,False
subject-17,36,28,non-restrictive,1,True,False,True,True
subject-17,37,23,restrictive,4,False,False,False,False
subject-17,38,21,restrictive,2,True,False,True,False
subject-17,39,22,non-restrictive,3,False,False,True,False
subject-17,40,1,restrictive,2,True,False,True,False
subject-17,41,13,restrictive,2,True,True,True,True
subject-17,42,2,non-restrictive,3,False,False,True,False
subject-17,43,7,restrictive,4,True,False,True,False
subject-17,44,39,restrictive,4,True,False,True,False
subject-17,45,0,non-restrictive,1,True,False,True,False
subject-17,46,26,non-restrictive,3,True,False,True,False
subject-17,47,43,restrictive,4,True,False,True,True
subject-17,48,18,non-restrictive,3,True,False,True,False
subject-17,49,16,non-restrictive,1,True,False,True,False
subject-18,0,14,restrictive,4,True,False,True,False
subject-18,1,22,restrictive,4,True,False,True,False
subject-18,2,4,restrictive,2,True,False,True,False
subject-18,3,39,non-restrictive,1,False,False,False,False
subject-18,4,19,non-restrictive,1,True,False,True,False
subject-18,5,12,restrictive,2,True,False,True,False
subject-18,6,32,restrictive,2,True,False,True,False
subject-18,7,28,restrictive,2,True,False,True,True
subject-18,8,45,non-restrictive,3,True,False,True,False
subject-18,9,15,non-restrictive,1,True,False,True,False
subject-18,10,41,non-restrictive,3,True,False,True,False
subject-18,11,25,non-restrictive,3,False,False,False,False
subject-18,12,44,restrictive,2,True,False,True,False
subject-18,13,49,non-restrictive,3,True,True,True,True
subject-18,14,1,non-restrictive,3,True,False,True,False
subject-18,15,46,restrictive,4,True,False,True,False
subject-18,16,21,non-restrictive,3,True,False,True,False
subject-18,17,10,restrictive,4,True,True,True,True
subject-18,18,8,restrictive,2,True,False,True,False
subject-18,19,26,restrictive,4,True,False,True,False
subject-18,20,27,non-restrictive,1,True,False,True,False
subject-18,21,5,non-restrictive,3,False,False,True,False
subject-18,22,17,non-restrictive,3,False,False,True,False
subject-18,23,0,restrictive,2,True,False,True,False
subject-18,24,42,restrictive,4,True,False,True,False
subject-18,25,29,non-restrictive,3,True,False,True,True
subject-18,26,40,restrictive,2,True,False,True,False
subject-18,27,18,restrictive,4,True,False,True,False
subject-18,28,36,restrictive,2,True,False,True,False
subject-18,29,11,non-restrictive,1,True,False,True,False
subject-18,30,33,non-restrictive,3,False,False,True,False
subject-18,31,30,restrictive,4,False,False,False,False
subject-18,32,47,non-restrictive,1,True,False,True,False
subject-18,33,37,non-restrictive,3,True,False,True,False
subject-18,34,3,non-restrictive,1,True,False,True,False
subject-18,35,6,restrictive,4,True,False,True,False
subject-18,36,38,restrictive,4,False,False,False,False
subject-18,37,43,non-restrictive,1,True,False,True,False
subject-18,38,9,non-restrictive,3,False,False,False,False
subject-18,40,2,restrictive,4,False,False,True,False
subject-18,41,13,non-restrictive,3,True,False,True,False
subject-18,42,7,non-restrictive,1,True,False,True,False
subject-18,43,16,restrictive,2,True,False,True,False
subject-18,44,48,restrictive,2,True,False,True,False
subject-18,45,23,non-restrictive,1,True,False,True,False
subject-18,46,24,restrictive,2,True,False,True,False
subject-18,47,35,non-restrictive,1,True,False,True,False
subject-18,48,31,non-restrictive,1,True,False,True,False
subject-18,49,20,restrictive,2,True,False,True,False
subject-19,0,48,non-restrictive,2,True,False,True,False
subject-19,1,31,restrictive,1,True,False,True,False
subject-19,2,23,restrictive,1,True,False,True,False
subject-19,3,40,non-restrictive,2,True,False,True,False
subject-19,4,36,non-restrictive,2,True,False,True,False
subject-19,5,35,restrictive,1,True,False,True,False
subject-19,6,33,restrictive,3,True,False,True,True
subject-19,7,37,restrictive,3,True,False,True,False
subject-19,8,44,non-restrictive,2,True,True,True,True
subject-19,9,5,restrictive,3,True,True,True,True
subject-19,10,27,restrictive,1,False,False,False,False
subject-19,11,29,restrictive,3,True,False,True,False
subject-19,12,17,restrictive,3,True,False,True,False
subject-19,13,6,non-restrictive,4,True,False,True,False
subject-19,14,11,restrictive,1,True,False,True,False
subject-19,15,20,non-restrictive,2,True,False,True,False
subject-19,16,42,non-restrictive,4,True,False,True,False
subject-19,17,46,non-restrictive,4,True,False,True,False
subject-19,18,16,non-restrictive,2,True,False,True,False
subject-19,19,19,restrictive,1,True,False,True,False
subject-19,20,18,non-restrictive,4,True,False,True,False
subject-19,21,41,restrictive,3,True,False,True,False
subject-19,22,39,restrictive,1,True,False,True,False
subject-19,23,4,non-restrictive,2,True,False,True,False
subject-19,24,22,non-restrictive,4,False,False,False,False
subject-19,25,15,restrictive,1,False,False,False,False
subject-19,26,13,restrictive,3,True,True,True,True
subject-19,27,12,non-restrictive,2,True,False,True,False
subject-19,28,45,restrictive,3,False,False,False,False
subject-19,29,26,non-restrictive,4,True,False,True,False
subject-19,30,25,restrictive,3,True,False,True,False
subject-19,31,38,non-restrictive,4,True,True,True,True
subject-19,32,3,restrictive,1,True,False,True,False
subject-19,33,2,non-restrictive,4,True,False,True,False
subject-19,34,34,non-restrictive,4,True,False,True,False
subject-19,35,47,restrictive,1,True,False,True,False
subject-19,36,10,non-restrictive,4,True,False,True,False
subject-19,37,1,restrictive,3,True,False,True,False
subject-19,38,21,restrictive,3,True,False,True,False
subject-19,39,30,non-restrictive,4,True,False,True,False
subject-19,40,28,non-restrictive,2,True,False,True,False
subject-19,41,32,non-restrictive,2,True,False,True,False
subject-19,42,24,non-restrictive,2,True,False,True,False
subject-19,43,9,restrictive,3,True,False,True,False
subject-19,44,8,non-restrictive,2,True,False,True,False
subject-19,45,49,restrictive,3,True,False,True,False
subject-19,46,14,non-restrictive,4,True,False,True,False
subject-19,47,0,non-restrictive,2,True,False,True,False
subject-19,48,7,restrictive,1,True,False,True,False
subject-19,49,43,restrictive,1,True,False,True,False
subject-2,0,21,non-restrictive,3,True,False,True,False
subject-2,1,36,restrictive,2,True,False,True,False
subject-2,2,5,non-restrictive,3,False,False,True,False
subject-2,3,3,non-restrictive,1,True,False,True,False
subject-2,4,41,non-restrictive,3,True,False,True,False
subject-2,5,46,restrictive,4,False,False,True,False
subject-2,6,22,restrictive,4,True,False,True,False
subject-2,7,37,non-restrictive,3,True,False,True,False
subject-2,9,44,restrictive,2,True,False,True,False
subject-2,10,9,non-restrictive,3,False,False,False,False
subject-2,11,17,non-restrictive,3,False,False,False,False
subject-2,12,40,restrictive,2,True,False,True,False
subject-2,13,31,non-restrictive,1,False,False,True,False
subject-2,14,48,restrictive,2,False,False,True,False
subject-2,15,47,non-restrictive,1,True,False,True,False
subject-2,16,23,non-restrictive,1,True,False,True,False
subject-2,17,11,non-restrictive,1,True,False,True,False
subject-2,18,29,non-restrictive,3,False,False,False,False
subject-2,19,16,restrictive,2,False,False,True,False
subject-2,20,13,non-restrictive,3,False,False,True,False
subject-2,21,4,restrictive,2,False,False,True,False
subject-2,22,45,non-restrictive,3,True,False,True,False
subject-2,23,42,restrictive,4,False,False,False,False
subject-2,24,30,restrictive,4,False,False,False,False
subject-2,25,38,restrictive,4,True,False,True,False
subject-2,26,49,non-restrictive,3,False,False,False,False
subject-2,27,15,non-restrictive,1,False,False,True,False
subject-2,28,19,non-restrictive,1,False,False,False,False
subject-2,29,10,restrictive,4,False,False,True,True
subject-2,30,26,restrictive,4,True,False,False,False
subject-2,31,0,restrictive,2,False,False,True,False
subject-2,32,2,restrictive,4,False,False,False,False
subject-2,33,12,restrictive,2,True,False,True,False
subject-2,34,28,restrictive,2,False,False,True,False
subject-2,35,7,non-restrictive,1,True,False,True,False
subject-2,36,35,non-restrictive,1,False,False,True,False
subject-2,37,24,restrictive,2,False,False,False,False
subject-2,38,25,non-restrictive,3,True,False,True,False
subject-2,39,33,non-restrictive,3,True,False,True,False
subject-2,40,1,non-restrictive,3,False,False,True,False
subject-2,41,43,non-restrictive,1,True,False,True,False
subject-2,42,32,restrictive,2,True,False,True,False
subject-2,43,14,restrictive,4,True,False,True,False
subject-2,44,39,non-restrictive,1,True,False,True,False
subject-2,45,20,restrictive,2,True,False,True,False
subject-2,46,18,restrictive,4,False,False,True,False
subject-2,47,8,restrictive,2,False,False,True,False
subject-2,48,27,non-restrictive,1,False,False,True,False
subject-2,49,6,restrictive,4,True,False,True,False
subject-20,0,3,non-restrictive,2,False,False,False,False
subject-20,1,10,restrictive,1,False,False,True,True
subject-20,2,28,restrictive,3,True,False,True,False
subject-20,3,6,restrictive,1,False,False,False,False
subject-20,4,21,non-restrictive,4,True,False,True,False
subject-20,5,12,restrictive,3,True,False,True,False
subject-20,6,5,non-restrictive,4,True,False,True,False
subject-20,7,11,non-restrictive,2,True,False,True,False
subject-20,8,42,restrictive,1,True,False,True,False
subject-20,9,23,non-restrictive,2,False,False,False,False
subject-20,10,49,non-restrictive,4,True,False,True,False
subject-20,11,0,restrictive,3,True,False,True,False
subject-20,12,4,restrictive,3,True,False,True,False
subject-20,13,36,restrictive,3,True,False,True,False
subject-20,14,22,restrictive,1,True,False,True,False
subject-20,15,41,non-restrictive,4,True,False,True,False
subject-20,16,46,restrictive,1,False,False,False,False
subject-20,17,26,restrictive,1,True,False,True,False
subject-20,18,40,restrictive,3,False,False,True,False
subject-20,19,9,non-restrictive,4,False,False,False,False
subject-20,21,18,restrictive,1,True,False,True,False
subject-20,22,43,non-restrictive,2,False,False,False,False
subject-20,23,31,non-restrictive,2,True,False,True,False
subject-20,24,25,non-restrictive,4,True,False,True,False
subject-20,25,1,non-restrictive,4,True,False,True,False
subject-20,26,48,restrictive,3,False,False,False,False
subject-20,27,47,non-restrictive,2,True,False,True,False
subject-20,28,29,non-restrictive,4,False,False,False,False
subject-20,29,45,non-restrictive,4,True,False,True,False
subject-20,30,30,restrictive,1,True,False,True,False
subject-20,31,19,non-restrictive,2,True,False,True,False
subject-20,32,33,non-restrictive,4,True,False,True,False
subject-20,33,8,restrictive,3,False,False,True,False
subject-20,34,15,non-restrictive,2,True,False,True,False
subject-20,35,2,restrictive,1,True,False,True,False
subject-20,36,44,restrictive,3,False,False,False,False
subject-20,37,17,non-restrictive,4,True,False,True,False
subject-20,38,27,non-restrictive,2,False,False,True,False
subject-20,39,32,restrictive,3,False,False,True,False
subject-20,40,37,non-restrictive,4,False,False,False,False
subject-20,41,24,restrictive,3,False,False,False,False
subject-20,42,20,restrictive,3,False,False,False,False
subject-20,43,39,non-restrictive,2,False,False,True,False
subject-20,44,7,non-restrictive,2,False,False,False,False
subject-20,45,13,non-restrictive,4,True,False,True,False
subject-20,46,14,restrictive,1,True,False,True,False
subject-20,47,38,restrictive,1,False,False,False,False
subject-20,48,35,non-restrictive,2,False,False,True,False
subject-20,49,16,restrictive,3,False,False,False,False
subject-21,0,2,non-restrictive,1,True,False,True,False
subject-21,1,1,restrictive,4,True,False,True,False
subject-21,2,46,non-restrictive,1,True,False,True,False
subject-21,3,36,non-restrictive,3,True,False,True,False
subject-21,4,29,restrictive,4,True,False,True,False
subject-21,5,11,restrictive,2,False,False,True,False
subject-21,6,16,non-restrictive,3,True,False,True,False
subject-21,7,30,non-restrictive,1,True,False,True,False
subject-21,8,0,non-restrictive,3,True,False,True,False
subject-21,9,21,restrictive,4,True,False,True,False
subject-21,10,10,non-restrictive,1,True,False,True,False
subject-21,11,49,restrictive,4,True,False,True,False
subject-21,12,4,non-restrictive,3,False,False,False,False
subject-21,13,18,non-restrictive,1,True,False,True,False
subject-21,14,3,restrictive,2,True,False,True,False
subject-21,15,39,restrictive,2,True,False,True,False
subject-21,16,6,non-restrictive,1,True,False,True,False
subject-21,17,19,restrictive,2,True,False,True,False
subject-21,18,41,restrictive,4,True,False,True,False
subject-21,19,40,non-restrictive,3,True,False,True,False
subject-21,20,13,restrictive,4,True,False,True,False
subject-21,21,33,restrictive,4,True,False,True,False
subject-21,22,37,restrictive,4,True,False,True,False
subject-21,23,23,restrictive,2,True,False,True,False
subject-21,24,28,non-restrictive,3,True,False,True,False
subject-21,25,43,restrictive,2,True,False,True,False
subject-21,26,20,non-restrictive,3,True,False,True,False
subject-21,27,27,restrictive,2,False,False,True,False
subject-21,28,9,restrictive,4,True,False,True,False
subject-21,29,15,restrictive,2,True,False,True,False
subject-21,30,24,non-restrictive,3,True,False,True,False
subject-21,31,14,non-restrictive,1,True,False,True,False
subject-21,32,26,non-restrictive,1,True,False,True,False
subject-21,33,38,non-restrictive,1,True,False,True,False
subject-21,34,42,non-restrictive,1,True,True,True,True
subject-21,35,25,restrictive,4,False,False,True,False
subject-21,36,22,non-restrictive,1,True,False,True,False
subject-21,37,31,restrictive,2,True,True,True,True
subject-21,38,7,restrictive,2,True,False,True,False
subject-21,39,17,restrictive,4,True,False,True,False
subject-21,40,8,non-restrictive,3,False,False,False,False
subject-21,41,45,restrictive,4,False,False,True,False
subject-21,42,34,non-restrictive,1,True,False,True,False
subject-21,43,44,non-restrictive,3,True,False,True,False
subject-21,44,47,restrictive,2,True,False,True,False
subject-21,45,48,non-restrictive,3,True,False,True,False
subject-21,46,5,restrictive,4,True,False,True,False
subject-21,47,35,restrictive,2,True,False,True,False
subject-21,48,32,non-restrictive,3,True,False,True,False
subject-21,49,12,non-restrictive,3,True,False,True,False
subject-22,0,45,non-restrictive,1,True,False,True,False
subject-22,1,7,non-restrictive,3,True,False,True,False
subject-22,2,29,non-restrictive,1,True,False,True,False
subject-22,3,38,restrictive,2,True,False,True,False
subject-22,4,6,restrictive,2,True,False,True,False
subject-22,5,49,non-restrictive,1,False,False,False,False
subject-22,6,5,non-restrictive,1,True,False,True,False
subject-22,7,31,non-restrictive,3,False,False,True,False
subject-22,8,20,restrictive,4,True,False,True,False
subject-22,9,25,non-restrictive,1,True,False,True,False
subject-22,10,47,non-restrictive,3,True,False,True,False
subject-22,11,44,restrictive,4,True,False,True,False
subject-22,12,0,restrictive,4,True,False,True,False
subject-22,13,37,non-restrictive,1,True,False,True,False
subject-22,14,26,restrictive,2,True,False,True,False
subject-22,15,21,non-restrictive,1,True,False,True,False
subject-22,16,18,restrictive,2,False,False,False,False
subject-22,17,39,non-restrictive,3,True,False,True,False
subject-22,19,1,non-restrictive,1,True,False,True,False
subject-22,20,36,restrictive,4,True,False,True,False
subject-22,21,22,restrictive,2,True,False,True,False
subject-22,22,15,non-restrictive,3,True,False,True,False
subject-22,23,16,restrictive,4,True,False,True,False
subject-22,24,17,non-restrictive,1,True,False,True,False
subject-22,25,14,restrictive,2,False,False,True,False
subject-22,26,23,non-restrictive,3,True,False,True,False
subject-22,27,33,non-restrictive,1,True,False,True,False
subject-22,28,30,restrictive,2,True,False,True,False
subject-22,29,24,restrictive,4,True,False,True,False
subject-22,30,10,restrictive,2,True,False,True,False
subject-22,31,19,non-restrictive,3,True,False,True,False
subject-22,32,12,restrictive,4,True,False,True,False
subject-22,33,40,restrictive,4,True,False,True,False
subject-22,34,3,non-restrictive,3,True,False,True,False
subject-22,35,46,restrictive,2,True,False,True,False
subject-22,36,8,restrictive,4,True,False,True,False
subject-22,37,27,non-restrictive,3,True,False,True,False
subject-22,38,9,non-restrictive,1,False,False,False,False
subject-22,39,42,restrictive,2,True,False,True,False
subject-22,40,2,restrictive,2,False,False,True,False
subject-22,41,13,non-restrictive,1,True,True,True,True
subject-22,42,48,restrictive,4,False,False,False,False
subject-22,43,11,non-restrictive,3,True,False,True,False
subject-22,44,41,non-restrictive,1,False,False,False,False
subject-22,45,43,non-restrictive,3,True,False,True,False
subject-22,46,4,restrictive,4,False,False,False,False
subject-22,47,35,non-restrictive,3,True,False,True,False
subject-22,48,28,restrictive,4,True,False,True,False
subject-22,49,32,restrictive,4,True,False,True,False
subject-23,0,24,non-restrictive,4,False,False,False,False
subject-23,1,3,restrictive,3,False,False,True,False
subject-23,2,6,non-restrictive,2,True,False,True,False
subject-23,3,44,non-restrictive,4,True,True,True,True
subject-23,4,9,restrictive,1,True,False,True,False
subject-23,5,11,restrictive,3,False,False,True,False
subject-23,6,18,non-restrictive,2,False,False,False,False
subject-23,7,42,non-restrictive,2,False,False,True,True
subject-23,8,23,restrictive,3,False,False,True,True
subject-23,9,46,non-restrictive,2,False,False,True,False
subject-23,10,26,non-restrictive,2,False,False,True,True
subject-23,11,7,restrictive,3,False,False,True,False
subject-23,12,41,restrictive,1,True,False,True,False
subject-23,13,47,restrictive,3,True,False,True,False
subject-23,14,10,non-restrictive,2,True,False,True,False
subject-23,15,34,non-restrictive,2,True,False,True,False
subject-23,16,29,restrictive,1,False,False,False,False
subject-23,17,49,restrictive,1,True,False,True,True
subject-23,18,33,restrictive,1,True,False,True,False
subject-23,19,21,restrictive,1,True,False,True,False
subject-23,20,22,non-restrictive,2,False,False,False,False
subject-23,21,1,restrictive,1,True,False,True,False
subject-23,22,16,non-restrictive,4,True,False,True,False
subject-23,23,45,restrictive,1,False,False,False,False
subject-23,24,25,restrictive,1,False,False,True,False
subject-23,25,32,non-restrictive,4,False,False,False,False
subject-23,26,20,non-restrictive,4,False,False,False,False
subject-23,27,4,non-restrictive,4,False,False,False,False
subject-23,28,13,restrictive,1,False,False,False,False
subject-23,29,5,restrictive,1,True,False,True,False
subject-23,30,15,restrictive,3,False,False,True,False
subject-23,31,48,non-restrictive,4,True,False,True,False
subject-23,32,28,non-restrictive,4,False,False,False,False
subject-23,33,37,restrictive,1,True,False,True,False
subject-23,34,8,non-restrictive,4,False,False,False,False
subject-23,35,39,restrictive,3,False,False,False,False
subject-23,36,19,restrictive,3,True,False,True,False
subject-23,37,17,restrictive,1,False,False,False,False
subject-23,38,27,restrictive,3,False,False,True,False
subject-23,39,12,non-restrictive,4,False,False,False,False
subject-23,40,38,non-restrictive,2,False,False,False,False
subject-23,41,30,non-restrictive,2,False,False,False,False
subject-23,42,31,restrictive,3,False,False,True,False
subject-23,43,35,restrictive,3,False,False,False,False
subject-23,44,36,non-restrictive,4,False,False,False,False
subject-23,45,2,non-restrictive,2,False,False,False,False
subject-23,46,14,non-restrictive,2,True,False,True,False
subject-23,47,40,non-restrictive,4,False,False,False,False
subject-23,48,43,restrictive,3,False,False,False,False
subject-23,49,0,non-restrictive,4,False,False,True,True
subject-3,0,6,non-restrictive,4,False,False,False,False
subject-3,1,36,non-restrictive,2,True,False,True,False
subject-3,2,10,non-restrictive,4,True,False,True,False
subject-3,3,35,restrictive,1,True,False,True,False
subject-3,4,41,restrictive,3,False,False,False,False
subject-3,5,30,non-restrictive,4,True,False,True,False
subject-3,6,44,non-restrictive,2,True,False,True,False
subject-3,7,21,restrictive,3,True,True,True,True
subject-3,8,8,non-restrictive,2,True,False,True,False
subject-3,9,17,restrictive,3,True,False,True,False
subject-3,10,9,restrictive,3,False,False,False,False
subject-3,11,15,restrictive,1,True,False,True,False
subject-3,12,20,non-restrictive,2,True,False,True,False
subject-3,13,0,non-restrictive,2,True,False,True,False
subject-3,14,40,non-restrictive,2,True,False,True,False
subject-3,15,34,non-restrictive,4,True,False,True,False
subject-3,16,24,non-restrictive,2,True,False,True,False
subject-3,17,14,non-restrictive,4,True,False,True,False
subject-3,18,43,restrictive,1,True,False,True,False
subject-3,19,26,non-restrictive,4,True,False,True,False
subject-3,20,11,restrictive,1,True,False,True,False
subject-3,21,4,non-restrictive,2,True,False,True,False
subject-3,22,33,restrictive,3,False,False,True,True
subject-3,23,48,non-restrictive,2,True,False,True,False
subject-3,24,47,restrictive,1,True,False,True,False
subject-3,25,2,non-restrictive,4,True,False,True,False
subject-3,26,45,restrictive,3,False,False,True,False
subject-3,27,31,restrictive,1,True,False,True,False
subject-3,28,12,non-restrictive,2,True,False,True,False
subject-3,29,19,restrictive,1,True,False,True,False
subject-3,30,49,restrictive,3,True,False,True,False
subject-3,31,42,non-restrictive,4,True,False,True,False
subject-3,32,25,restrictive,3,True,False,True,False
subject-3,33,32,non-restrictive,2,True,False,True,False
subject-3,34,7,restrictive,1,False,False,False,False
subject-3,35,23,restrictive,1,True,False,True,False
subject-3,36,46,non-restrictive,4,True,False,True,False
subject-3,37,29,restrictive,3,True,False,True,False
subject-3,38,38,non-restrictive,4,True,False,True,False
subject-3,39,3,restrictive,1,False,False,False,False
subject-3,40,28,non-restrictive,2,True,False,True,False
subject-3,41,1,restrictive,3,True,False,True,False
subject-3,42,16,non-restrictive,2,True,False,True,False
subject-3,43,5,restrictive,3,True,False,True,False
subject-3,44,13,restrictive,3,True,False,True,False
subject-3,45,27,restrictive,1,True,False,True,False
subject-3,46,18,non-restrictive,4,True,False,True,False
subject-3,47,37,restrictive,3,True,False,True,False
subject-3,48,39,restrictive,1,True,False,True,False
subject-3,49,22,non-restrictive,4,False,False,False,False
subject-4,0,21,non-restrictive,4,True,False,True,False
subject-4,1,0,restrictive,3,True,True,True,True
subject-4,2,9,non-restrictive,4,False,False,False,False
subject-4,3,33,non-restrictive,4,True,False,True,False
subject-4,4,25,non-restrictive,4,True,False,True,False
subject-4,5,4,restrictive,3,True,True,True,True
subject-4,6,5,non-restrictive,4,True,False,True,False
subject-4,7,39,non-restrictive,2,True,False,True,False
subject-4,8,43,non-restrictive,2,True,False,True,False
subject-4,9,26,restrictive,1,True,False,False,False
subject-4,11,23,non-restrictive,2,True,False,True,False
subject-4,12,20,restrictive,3,True,False,True,False
subject-4,13,37,non-restrictive,4,True,False,True,False
subject-4,14,19,non-restrictive,2,True,False,True,False
subject-4,15,7,non-restrictive,2,True,False,True,False
subject-4,16,28,restrictive,3,False,False,False,False
subject-4,17,35,non-restrictive,2,False,False,True,False
subject-4,18,27,non-restrictive,2,False,False,True,False
subject-4,19,46,restrictive,1,True,False,True,False
subject-4,20,32,restrictive,3,True,False,True,False
subject-4,21,36,restrictive,3,False,False,True,True
subject-4,22,22,restrictive,1,False,False,True,False
subject-4,23,10,restrictive,1,True,False,True,False
subject-4,24,40,restrictive,3,True,False,True,False
subject-4,25,48,restrictive,3,True,False,True,False
subject-4,26,15,non-restrictive,2,False,False,True,False
subject-4,27,44,restrictive,3,True,False,True,False
subject-4,28,8,restrictive,3,True,False,True,False
subject-4,29,24,restrictive,3,True,False,True,False
subject-4,30,31,non-restrictive,2,True,False,True,False
subject-4,31,3,non-restrictive,2,True,False,True,False
subject-4,32,29,non-restrictive,4,True,False,True,False
subject-4,33,1,non-restrictive,4,False,False,True,False
subject-4,34,38,restrictive,1,True,False,True,False
subject-4,35,17,non-restrictive,4,True,False,True,False
subject-4,36,11,non-restrictive,2,True,False,True,False
subject-4,37,16,restrictive,3,True,False,True,True
subject-4,38,45,non-restrictive,4,True,False,True,False
subject-4,39,14,restrictive,1,True,False,True,False
subject-4,40,6,restrictive,1,True,False,True,False
subject-4,41,30,restrictive,1,True,False,True,False
subject-4,42,49,non-restrictive,4,True,False,True,False
subject-4,43,18,restrictive,1,True,False,True,False
subject-4,44,12,restrictive,3,True,False,True,False
subject-4,45,42,restrictive,1,True,False,True,False
subject-4,46,2,restrictive,1,False,False,True,True
subject-4,47,41,non-restrictive,4,False,False,True,False
subject-4,48,47,non-restrictive,2,True,False,True,False
subject-4,49,13,non-restrictive,4,True,False,True,False
subject-5,0,21,restrictive,4,True,False,True,False
subject-5,1,14,non-restrictive,1,True,False,True,False
subject-5,2,17,restrictive,4,True,False,True,False
subject-5,3,42,non-restrictive,1,True,True,True,True
subject-5,4,7,restrictive,2,True,False,True,True
subject-5,5,23,restrictive,2,True,False,True,False
subject-5,6,48,non-restrictive,3,True,True,True,True
subject-5,7,20,non-restrictive,3,True,False,True,False
subject-5,8,5,restrictive,4,False,False,False,False
subject-5,9,46,non-restrictive,1,False,False,False,False
subject-5,10,29,restrictive,4,True,False,True,False
subject-5,11,34,non-restrictive,1,True,False,True,False
subject-5,12,40,non-restrictive,3,True,False,True,False
subject-5,13,39,restrictive,2,True,False,True,False
subject-5,14,4,non-restrictive,3,False,False,False,False
subject-5,15,3,restrictive,2,True,False,True,False
subject-5,16,36,non-restrictive,3,True,False,True,False
subject-5,17,44,non-restrictive,3,True,False,True,False
subject-5,18,31,restrictive,2,False,False,False,False
subject-5,19,6,non-restrictive,1,False,False,False,False
subject-5,20,32,non-restrictive,3,True,False,True,False
subject-5,21,18,non-restrictive,1,True,False,True,False
subject-5,22,1,restrictive,4,False,False,False,False
subject-5,23,26,non-restrictive,1,False,False,False,False
subject-5,24,45,restrictive,4,False,False,False,False
subject-5,25,47,restrictive,2,True,False,True,False
subject-5,26,10,non-restrictive,1,True,False,True,False
subject-5,27,9,restrictive,4,True,False,True,False
subject-5,28,19,restrictive,2,True,False,True,False
subject-5,29,8,non-restrictive,3,False,False,False,False
subject-5,30,37,restrictive,4,True,False,True,False
subject-5,31,41,restrictive,4,False,False,False,False
subject-5,32,43,restrictive,2,True,False,True,False
subject-5,33,13,restrictive,4,True,False,True,False
subject-5,34,15,restrictive,2,True,False,True,False
subject-5,35,38,non-restrictive,1,True,False,True,False
subject-5,36,33,restrictive,4,True,False,True,False
subject-5,37,49,restrictive,4,True,False,True,False
subject-5,38,0,non-restrictive,3,False,False,False,False
subject-5,39,12,non-restrictive,3,True,False,True,False
subject-5,40,28,non-restrictive,3,True,False,True,False
subject-5,41,25,restrictive,4,True,False,True,False
subject-5,42,35,restrictive,2,False,False,True,False
subject-5,43,2,non-restrictive,1,False,False,False,False
subject-5,44,30,non-restrictive,1,True,False,True,False
subject-5,45,27,restrictive,2,False,False,True,False
subject-5,46,24,non-restrictive,3,True,False,True,False
subject-5,47,11,restrictive,2,False,False,False,False
subject-5,48,22,non-restrictive,1,True,False,True,False
subject-5,49,16,non-restrictive,3,False,False,True,False
subject-6,0,40,restrictive,4,True,False,True,False
subject-6,1,30,restrictive,2,True,False,True,False
subject-6,2,9,non-restrictive,1,False,False,False,False
subject-6,3,29,non-restrictive,1,True,False,True,True
subject-6,4,10,restrictive,2,True,True,True,True
subject-6,5,37,non-restrictive,1,True,False,True,False
subject-6,6,6,restrictive,2,True,False,True,False
subject-6,7,22,restrictive,2,False,False,True,False
subject-6,8,49,non-restrictive,1,False,False,False,False
subject-6,9,11,non-restrictive,3,False,False,True,False
subject-6,10,33,non-restrictive,1,True,False,True,False
subject-6,11,3,non-restrictive,3,False,False,True,False
subject-6,12,41,non-restrictive,1,True,False,True,False
subject-6,14,44,restrictive,4,True,False,True,False
subject-6,15,35,non-restrictive,3,False,False,True,False
subject-6,16,20,restrictive,4,True,False,True,False
subject-6,17,1,non-restrictive,1,True,False,True,False
subject-6,18,47,non-restrictive,3,True,False,True,False
subject-6,19,46,restrictive,2,False,False,True,False
subject-6,20,25,non-restrictive,1,True,False,True,False
subject-6,21,48,restrictive,4,True,False,True,False
subject-6,22,15,non-restrictive,3,True,False,True,False
subject-6,23,28,restrictive,4,False,False,True,False
subject-6,24,42,restrictive,2,False,False,True,False
subject-6,25,4,restrictive,4,True,False,True,False
subject-6,26,8,restrictive,4,False,False,False,False
subject-6,27,13,non-restrictive,1,True,False,True,False
subject-6,28,12,restrictive,4,True,False,True,False
subject-6,29,0,restrictive,4,True,False,True,False
subject-6,30,45,non-restrictive,1,True,False,False,False
subject-6,31,19,non-restrictive,3,False,False,True,False
subject-6,32,43,non-restrictive,3,True,False,True,False
subject-6,33,17,non-restrictive,1,True,False,True,False
subject-6,34,26,restrictive,2,False,False,True,False
subject-6,35,5,non-restrictive,1,False,False,False,False
subject-6,36,24,restrictive,4,True,False,True,False
subject-6,37,36,restrictive,4,False,False,False,False
subject-6,38,16,restrictive,4,True,False,True,False
subject-6,39,18,restrictive,2,False,False,False,False
subject-6,40,14,restrictive,2,False,False,True,False
subject-6,41,21,non-restrictive,1,False,False,False,False
subject-6,42,31,non-restrictive,3,False,False,True,False
subject-6,43,39,non-restrictive,3,False,False,False,False
subject-6,44,23,non-restrictive,3,True,False,True,False
subject-6,45,32,restrictive,4,True,False,True,False
subject-6,46,2,restrictive,2,False,False,True,False
subject-6,47,27,non-restrictive,3,False,False,True,False
subject-6,48,38,restrictive,2,False,False,False,False
subject-6,49,7,non-restrictive,3,True,False,True,False
subject-7,0,16,non-restrictive,4,True,False,True,False
subject-7,1,17,restrictive,1,True,False,True,False
subject-7,2,44,non-restrictive,4,True,False,True,False
subject-7,3,43,restrictive,3,True,False,True,False
subject-7,4,46,non-restrictive,2,True,False,True,False
subject-7,5,19,restrictive,3,True,False,True,False
subject-7,6,13,restrictive,1,True,False,True,False
subject-7,7,18,non-restrictive,2,True,False,True,False
subject-7,8,29,restrictive,1,True,False,True,False
subject-7,9,40,non-restrictive,4,True,False,True,False
subject-7,10,22,non-restrictive,2,False,False,True,False
subject-7,11,47,restrictive,3,True,False,True,False
subject-7,12,3,restrictive,3,True,False,True,False
subject-7,13,9,restrictive,1,True,False,False,False
subject-7,14,34,non-restrictive,2,True,False,True,False
subject-7,15,12,non-restrictive,4,True,False,True,False
subject-7,16,1,restrictive,1,True,False,False,False
subject-7,17,41,restrictive,1,True,False,True,False
subject-7,18,42,non-restrictive,2,True,False,True,False
subject-7,19,35,restrictive,3,False,False,True,False
subject-7,20,37,restrictive,1,True,False,True,False
subject-7,21,24,non-restrictive,4,False,False,True,False
subject-7,22,11,restrictive,3,True,False,True,False
subject-7,23,28,non-restrictive,4,True,False,True,False
subject-7,24,45,restrictive,1,True,False,False,False
subject-7,25,31,restrictive,3,False,False,True,False
subject-7,26,2,non-restrictive,2,False,False,True,False
subject-7,27,21,restrictive,1,True,False,True,False
subject-7,28,38,non-restrictive,2,True,False,True,False
subject-7,29,48,non-restrictive,4,True,False,True,False
subject-7,30,5,restrictive,1,True,True,True,True
subject-7,31,14,non-restrictive,2,False,False,True,False
subject-7,32,27,restrictive,3,False,False,False,False
subject-7,33,39,restrictive,3,True,False,True,False
subject-7,34,26,non-restrictive,2,True,False,True,False
subject-7,35,32,non-restrictive,4,True,False,True,False
subject-7,36,30,non-restrictive,2,True,False,True,False
subject-7,37,7,restrictive,3,False,False,True,False
subject-7,38,25,restrictive,1,False,False,False,False
subject-7,39,6,non-restrictive,2,True,False,True,False
subject-7,40,36,non-restrictive,4,True,False,True,False
subject-7,41,10,non-restrictive,2,True,True,True,True
subject-7,42,20,non-restrictive,4,True,False,True,False
subject-7,43,15,restrictive,3,False,False,True,False
subject-7,44,0,non-restrictive,4,True,False,True,False
subject-7,45,8,non-restrictive,4,True,False,True,False
subject-7,46,33,restrictive,1,True,False,True,False
subject-7,47,4,non-restrictive,4,True,False,True,False
subject-7,48,49,restrictive,1,False,False,False,False
subject-7,49,23,restrictive,3,False,False,True,True
subject-8,0,11,non-restrictive,4,False,False,False,False
subject-8,1,3,non-restrictive,4,True,False,True,False
subject-8,2,12,restrictive,1,True,False,True,False
subject-8,3,36,restrictive,1,True,False,True,False
subject-8,4,44,restrictive,1,True,False,True,False
subject-8,5,16,restrictive,1,True,False,True,False
subject-8,6,18,restrictive,3,True,False,True,False
subject-8,7,29,non-restrictive,2,True,False,True,False
subject-8,8,33,non-restrictive,2,False,False,True,False
subject-8,9,40,restrictive,1,True,False,True,False
subject-8,10,30,restrictive,3,True,False,True,False
subject-8,11,14,restrictive,3,True,False,True,False
subject-8,12,46,restrictive,3,True,False,True,False
subject-8,13,25,non-restrictive,2,False,False,True,False
subject-8,14,28,restrictive,1,True,True,True,True
subject-8,15,9,non-restrictive,2,False,False,False,False
subject-8,16,42,restrictive,3,True,False,True,False
subject-8,17,2,restrictive,3,False,False,True,False
subject-8,18,35,non-restrictive,4,True,False,True,False
subject-8,19,47,non-restrictive,4,True,False,True,False
subject-8,20,31,non-restrictive,4,True,False,True,False
subject-8,21,17,non-restrictive,2,True,False,True,False
subject-8,22,7,non-restrictive,4,True,False,True,False
subject-8,23,20,restrictive,1,True,False,True,False
subject-8,24,27,non-restrictive,4,True,False,True,False
subject-8,25,43,non-restrictive,4,True,False,True,False
subject-8,26,19,non-restrictive,4,True,False,True,False
subject-8,27,23,non-restrictive,4,True,False,True,False
subject-8,28,38,restrictive,3,True,False,True,False
subject-8,29,10,restrictive,3,True,True,True,True
subject-8,30,21,non-restrictive,2,True,False,True,False
subject-8,31,13,non-restrictive,2,True,False,True,False
subject-8,32,32,restrictive,1,True,False,True,False
subject-8,34,22,restrictive,3,False,False,True,False
subject-8,35,45,non-restrictive,2,True,False,True,False
subject-8,36,8,restrictive,1,True,False,True,False
subject-8,37,26,restrictive,3,False,False,True,True
subject-8,38,48,restrictive,1,True,False,True,False
subject-8,39,37,non-restrictive,2,True,False,True,False
subject-8,40,49,non-restrictive,2,False,False,True,False
subject-8,41,15,non-restrictive,4,True,False,True,False
subject-8,42,39,non-restrictive,4,True,False,True,False
subject-8,43,1,non-restrictive,2,False,False,True,False
subject-8,44,41,non-restrictive,2,True,False,True,False
subject-8,45,0,restrictive,1,True,False,True,False
subject-8,46,5,non-restrictive,2,True,True,True,True
subject-8,47,6,restrictive,3,True,False,True,False
subject-8,48,24,restrictive,1,True,False,True,False
subject-8,49,4,restrictive,1,False,False,True,False
subject-9,0,48,non-restrictive,1,True,False,True,False
subject-9,1,28,non-restrictive,1,True,False,True,False
subject-9,2,8,non-restrictive,1,True,False,True,False
subject-9,3,44,non-restrictive,1,True,False,True,False
subject-9,4,33,restrictive,2,True,False,True,False
subject-9,5,41,restrictive,2,True,True,True,True
subject-9,6,34,non-restrictive,3,True,False,True,True
subject-9,7,35,restrictive,4,True,False,True,False
subject-9,8,1,restrictive,2,True,False,True,False
subject-9,9,42,non-restrictive,3,True,True,True,True
subject-9,10,0,non-restrictive,1,True,False,True,False
subject-9,11,5,restrictive,2,True,True,True,True
subject-9,12,7,restrictive,4,True,True,True,True
subject-9,13,25,restrictive,2,True,False,True,False
subject-9,14,46,non-restrictive,3,True,False,True,False
subject-9,15,26,non-restrictive,3,True,True,True,True
subject-9,16,45,restrictive,2,True,True,True,True
subject-9,17,49,restrictive,2,True,True,True,True
subject-9,18,17,restrictive,2,True,False,True,True
subject-9,19,14,non-restrictive,3,False,False,False,False
subject-9,20,15,restrictive,4,True,False,True,False
subject-9,21,30,non-restrictive,3,True,True,True,True
subject-9,22,16,non-restrictive,1,True,False,True,False
subject-9,23,10,non-restrictive,3,True,True,True,True
subject-9,24,31,restrictive,4,True,False,True,False
subject-9,25,24,non-restrictive,1,True,True,True,True
subject-9,26,19,restrictive,4,True,False,True,False
subject-9,27,37,restrictive,2,True,True,True,True
subject-9,28,22,non-restrictive,3,True,True,True,True
subject-9,29,47,restrictive,4,True,False,True,False
subject-9,30,36,non-restrictive,1,True,False,True,False
subject-9,31,23,restrictive,4,True,True,True,True
subject-9,32,29,restrictive,2,True,True,True,True
subject-9,33,3,restrictive,4,True,False,True,False
subject-9,34,2,non-restrictive,3,False,False,False,False
subject-9,35,27,restrictive,4,True,False,True,False
subject-9,36,9,restrictive,2,True,False,True,False
subject-9,37,6,non-restrictive,3,True,True,True,True
subject-9,38,20,non-restrictive,1,True,True,True,True
subject-9,39,12,non-restrictive,1,True,True,True,True
subject-9,40,4,non-restrictive,1,True,False,True,False
subject-9,41,39,restrictive,4,True,False,True,False
subject-9,42,38,non-restrictive,3,True,False,True,True
subject-9,43,21,restrictive,2,True,False,True,False
subject-9,44,11,restrictive,4,False,False,False,False
subject-9,45,13,restrictive,2,True,False,True,False
subject-9,46,32,non-restrictive,1,True,False,True,False
subject-9,47,43,restrictive,4,False,False,False,False
subject-9,48,40,non-restrictive,1,False,False,False,False
subject-9,49,18,non-restrictive,3,True,True,True,True
