stimuliId,condition,obj,count_per_obj_per_part,percentages,countOfNonZeroParticipants,is_target
1,non-restrictive,ball,66,0.37714285714285717,7.0,0
1,non-restrictive,cake,93,0.5314285714285715,7.0,1
1,non-restrictive,toy-car,16,0.09142857142857143,7.0,0
1,non-restrictive,toy-train,0,0.0,7.0,0
1,restrictive,ball,0,0.0,3.0,0
1,restrictive,cake,123,0.7884615384615384,3.0,1
1,restrictive,toy-car,33,0.21153846153846154,3.0,0
1,restrictive,toy-train,0,0.0,3.0,0
2,non-restrictive,chair,25,0.2358490566037736,2.0,0
2,non-restrictive,cheese,0,0.0,2.0,0
2,non-restrictive,lipstick,70,0.660377358490566,2.0,0
2,non-restrictive,wine,11,0.10377358490566038,2.0,1
2,restrictive,chair,114,0.3064516129032258,7.0,0
2,restrictive,cheese,62,0.16666666666666666,7.0,0
2,restrictive,lipstick,196,0.5268817204301075,7.0,0
2,restrictive,wine,0,0.0,7.0,1
3,non-restrictive,car,74,0.24584717607973422,4.0,0
3,non-restrictive,dustbin,0,0.0,4.0,0
3,non-restrictive,houses,87,0.28903654485049834,4.0,0
3,non-restrictive,man,140,0.46511627906976744,4.0,1
3,restrictive,car,26,0.16883116883116883,4.0,0
3,restrictive,dustbin,1,0.006493506493506494,4.0,0
3,restrictive,houses,21,0.13636363636363635,4.0,0
3,restrictive,man,106,0.6883116883116883,4.0,1
4,non-restrictive,baby,13,0.09701492537313433,2.0,1
4,non-restrictive,plant,60,0.44776119402985076,2.0,0
4,non-restrictive,rocking-horse,0,0.0,2.0,0
4,non-restrictive,stool,61,0.4552238805970149,2.0,0
4,restrictive,baby,121,0.7289156626506024,5.0,1
4,restrictive,plant,6,0.03614457831325301,5.0,0
4,restrictive,rocking-horse,0,0.0,5.0,0
4,restrictive,stool,39,0.23493975903614459,5.0,0
5,non-restrictive,acorns,47,0.1910569105691057,6.0,0
5,non-restrictive,ball,122,0.4959349593495935,6.0,1
5,non-restrictive,paper-plane,34,0.13821138211382114,6.0,0
5,non-restrictive,shuttle-cock,43,0.17479674796747968,6.0,0
5,restrictive,acorns,6,0.05825242718446602,3.0,0
5,restrictive,ball,3,0.02912621359223301,3.0,1
5,restrictive,paper-plane,92,0.8932038834951457,3.0,0
5,restrictive,shuttle-cock,2,0.019417475728155338,3.0,0
6,non-restrictive,animal,106,0.21721311475409835,6.0,0
6,non-restrictive,cactus,8,0.01639344262295082,6.0,0
6,non-restrictive,moon,43,0.08811475409836066,6.0,0
6,non-restrictive,mountain,331,0.6782786885245902,6.0,1
6,restrictive,animal,0,0.0,6.0,0
6,restrictive,cactus,0,0.0,6.0,0
6,restrictive,moon,47,0.1843137254901961,6.0,0
6,restrictive,mountain,208,0.8156862745098039,6.0,1
7,non-restrictive,jug,24,0.09448818897637795,4.0,0
7,non-restrictive,knife,29,0.1141732283464567,4.0,0
7,non-restrictive,mushrooms,191,0.7519685039370079,4.0,1
7,non-restrictive,weighing-scales,10,0.03937007874015748,4.0,0
7,restrictive,jug,62,0.40789473684210525,4.0,0
7,restrictive,knife,8,0.05263157894736842,4.0,0
7,restrictive,mushrooms,25,0.16447368421052633,4.0,1
7,restrictive,weighing-scales,57,0.375,4.0,0
8,non-restrictive,child,85,0.34552845528455284,4.0,1
8,non-restrictive,microscope,95,0.3861788617886179,4.0,0
8,non-restrictive,toy-bear,22,0.08943089430894309,4.0,0
8,non-restrictive,tv-monitor,44,0.17886178861788618,4.0,0
8,restrictive,child,161,0.5015576323987538,5.0,1
8,restrictive,microscope,128,0.3987538940809969,5.0,0
8,restrictive,toy-bear,32,0.09968847352024922,5.0,0
8,restrictive,tv-monitor,0,0.0,5.0,0
9,non-restrictive,piano,132,0.3482849604221636,6.0,1
9,non-restrictive,table,0,0.0,6.0,0
9,non-restrictive,telephone,118,0.3113456464379947,6.0,0
9,non-restrictive,television,129,0.3403693931398417,6.0,0
9,restrictive,piano,145,0.7671957671957672,3.0,1
9,restrictive,table,20,0.10582010582010581,3.0,0
9,restrictive,telephone,24,0.12698412698412698,3.0,0
9,restrictive,television,0,0.0,3.0,0
10,non-restrictive,bag,23,0.26744186046511625,3.0,0
10,non-restrictive,book,11,0.12790697674418605,3.0,1
10,non-restrictive,cup,28,0.32558139534883723,3.0,0
10,non-restrictive,door,24,0.27906976744186046,3.0,0
10,restrictive,bag,85,0.46195652173913043,6.0,0
10,restrictive,book,23,0.125,6.0,1
10,restrictive,cup,24,0.13043478260869565,6.0,0
10,restrictive,door,52,0.2826086956521739,6.0,0
11,non-restrictive,dog,222,0.4180790960451977,9.0,0
11,non-restrictive,mirror,106,0.19962335216572505,9.0,0
11,non-restrictive,washing-machine,61,0.11487758945386065,9.0,1
11,non-restrictive,wastebin,142,0.2674199623352166,9.0,0
11,restrictive,dog,40,0.0686106346483705,8.0,0
11,restrictive,mirror,10,0.017152658662092625,8.0,0
11,restrictive,washing-machine,377,0.6466552315608919,8.0,1
11,restrictive,wastebin,156,0.26758147512864494,8.0,0
12,non-restrictive,bell,19,0.3275862068965517,2.0,1
12,non-restrictive,bricks,36,0.6206896551724138,2.0,0
12,non-restrictive,drum,2,0.034482758620689655,2.0,0
12,non-restrictive,duck,1,0.017241379310344827,2.0,0
12,restrictive,bell,126,0.6528497409326425,5.0,1
12,restrictive,bricks,0,0.0,5.0,0
12,restrictive,drum,67,0.3471502590673575,5.0,0
12,restrictive,duck,0,0.0,5.0,0
13,non-restrictive,birds,0,0.0,5.0,0
13,non-restrictive,boat,86,0.296551724137931,5.0,1
13,non-restrictive,car,202,0.696551724137931,5.0,0
13,non-restrictive,sun,2,0.006896551724137931,5.0,0
13,restrictive,birds,85,1.0,1.0,0
13,restrictive,boat,0,0.0,1.0,1
13,restrictive,car,0,0.0,1.0,0
13,restrictive,sun,0,0.0,1.0,0
14,non-restrictive,briefcase,21,0.10714285714285714,4.0,0
14,non-restrictive,cigarettes,114,0.5816326530612245,4.0,1
14,non-restrictive,filofax,59,0.3010204081632653,4.0,0
14,non-restrictive,glasses,2,0.01020408163265306,4.0,0
14,restrictive,briefcase,31,0.0640495867768595,8.0,0
14,restrictive,cigarettes,244,0.5041322314049587,8.0,1
14,restrictive,filofax,188,0.3884297520661157,8.0,0
14,restrictive,glasses,21,0.04338842975206612,8.0,0
15,non-restrictive,ball,148,0.6244725738396625,6.0,0
15,non-restrictive,bird,51,0.21518987341772153,6.0,0
15,non-restrictive,dog,38,0.16033755274261605,6.0,1
15,non-restrictive,hen,0,0.0,6.0,0
15,restrictive,ball,47,0.4563106796116505,3.0,0
15,restrictive,bird,9,0.08737864077669903,3.0,0
15,restrictive,dog,0,0.0,3.0,1
15,restrictive,hen,47,0.4563106796116505,3.0,0
16,non-restrictive,folder,219,0.7041800643086816,6.0,0
16,non-restrictive,hat,0,0.0,6.0,1
16,non-restrictive,magnifying-glass,3,0.00964630225080386,6.0,0
16,non-restrictive,wallet,89,0.2861736334405145,6.0,0
16,restrictive,folder,0,0.0,2.0,0
16,restrictive,hat,78,0.9176470588235294,2.0,1
16,restrictive,magnifying-glass,0,0.0,2.0,0
16,restrictive,wallet,7,0.08235294117647059,2.0,0
17,non-restrictive,backpack,0,0.0,6.0,0
17,non-restrictive,dress,49,0.20416666666666666,6.0,1
17,non-restrictive,lantern,60,0.25,6.0,0
17,non-restrictive,ribbon,131,0.5458333333333333,6.0,0
17,restrictive,backpack,34,0.6538461538461539,3.0,0
17,restrictive,dress,9,0.17307692307692307,3.0,1
17,restrictive,lantern,0,0.0,3.0,0
17,restrictive,ribbon,9,0.17307692307692307,3.0,0
18,non-restrictive,bucket,51,0.8095238095238095,1.0,0
18,non-restrictive,rope,0,0.0,1.0,0
18,non-restrictive,stone,0,0.0,1.0,0
18,non-restrictive,wood,12,0.19047619047619047,1.0,1
18,restrictive,bucket,100,0.3460207612456747,4.0,0
18,restrictive,rope,101,0.3494809688581315,4.0,0
18,restrictive,stone,35,0.12110726643598616,4.0,0
18,restrictive,wood,53,0.18339100346020762,4.0,1
19,non-restrictive,feather,0,0.0,4.0,0
19,non-restrictive,football,157,0.7772277227722773,4.0,1
19,non-restrictive,leaf,0,0.0,4.0,0
19,non-restrictive,stick,45,0.22277227722772278,4.0,0
19,restrictive,feather,0,0.0,3.0,0
19,restrictive,football,68,0.38857142857142857,3.0,1
19,restrictive,leaf,7,0.04,3.0,0
19,restrictive,stick,100,0.5714285714285714,3.0,0
20,non-restrictive,bowl,0,,,0
20,non-restrictive,bread,0,,,1
20,non-restrictive,spatula,0,,,0
20,non-restrictive,spoon,0,,,0
20,restrictive,bowl,27,0.11842105263157894,5.0,0
20,restrictive,bread,141,0.618421052631579,5.0,1
20,restrictive,spatula,30,0.13157894736842105,5.0,0
20,restrictive,spoon,30,0.13157894736842105,5.0,0
21,non-restrictive,block,144,0.35910224438902744,6.0,0
21,non-restrictive,crayon,0,0.0,6.0,0
21,non-restrictive,cup,122,0.30423940149625933,6.0,0
21,non-restrictive,kitten,135,0.33665835411471323,6.0,1
21,restrictive,block,0,0.0,3.0,0
21,restrictive,crayon,57,0.6404494382022472,3.0,0
21,restrictive,cup,32,0.3595505617977528,3.0,0
21,restrictive,kitten,0,0.0,3.0,1
22,non-restrictive,cushion,0,0.0,1.0,0
22,non-restrictive,flower,0,0.0,1.0,1
22,non-restrictive,magazine,19,0.2638888888888889,1.0,0
22,non-restrictive,vase,53,0.7361111111111112,1.0,0
22,restrictive,cushion,24,0.08333333333333333,8.0,0
22,restrictive,flower,28,0.09722222222222222,8.0,1
22,restrictive,magazine,24,0.08333333333333333,8.0,0
22,restrictive,vase,212,0.7361111111111112,8.0,0
23,non-restrictive,coat,10,0.04784688995215311,4.0,1
23,non-restrictive,hook,140,0.6698564593301436,4.0,0
23,non-restrictive,poster,58,0.27751196172248804,4.0,0
23,non-restrictive,towel,1,0.004784688995215311,4.0,0
23,restrictive,coat,26,1.0,1.0,1
23,restrictive,hook,0,0.0,1.0,0
23,restrictive,poster,0,0.0,1.0,0
23,restrictive,towel,0,0.0,1.0,0
24,non-restrictive,card,45,0.34615384615384615,2.0,0
24,non-restrictive,needle,6,0.046153846153846156,2.0,0
24,non-restrictive,pencil,0,0.0,2.0,0
24,non-restrictive,scarf,79,0.6076923076923076,2.0,1
24,restrictive,card,0,0.0,5.0,0
24,restrictive,needle,0,0.0,5.0,0
24,restrictive,pencil,104,0.5777777777777777,5.0,0
24,restrictive,scarf,76,0.4222222222222222,5.0,1
25,non-restrictive,glass,88,0.24444444444444444,5.0,0
25,non-restrictive,plate,66,0.18333333333333332,5.0,0
25,non-restrictive,potato,82,0.22777777777777777,5.0,0
25,non-restrictive,rabbit,124,0.34444444444444444,5.0,1
25,restrictive,glass,27,0.19148936170212766,3.0,0
25,restrictive,plate,0,0.0,3.0,0
25,restrictive,potato,0,0.0,3.0,0
25,restrictive,rabbit,114,0.8085106382978723,3.0,1
26,non-restrictive,canvas,9,0.34615384615384615,2.0,1
26,non-restrictive,keyboard,0,0.0,2.0,0
26,non-restrictive,peach,0,0.0,2.0,0
26,non-restrictive,rope,17,0.6538461538461539,2.0,0
26,restrictive,canvas,23,0.107981220657277,5.0,1
26,restrictive,keyboard,71,0.3333333333333333,5.0,0
26,restrictive,peach,119,0.5586854460093896,5.0,0
26,restrictive,rope,0,0.0,5.0,0
27,non-restrictive,candle,53,0.17491749174917492,7.0,1
27,non-restrictive,coaster,39,0.12871287128712872,7.0,0
27,non-restrictive,coin,2,0.006600660066006601,7.0,0
27,non-restrictive,package,209,0.6897689768976898,7.0,0
27,restrictive,candle,81,0.2967032967032967,3.0,1
27,restrictive,coaster,42,0.15384615384615385,3.0,0
27,restrictive,coin,101,0.36996336996337,3.0,0
27,restrictive,package,49,0.1794871794871795,3.0,0
28,non-restrictive,frame,0,0.0,2.0,0
28,non-restrictive,lamp,49,0.4152542372881356,2.0,1
28,non-restrictive,picture,69,0.5847457627118644,2.0,0
28,non-restrictive,switch,0,0.0,2.0,0
28,restrictive,frame,0,0.0,5.0,0
28,restrictive,lamp,201,0.6883561643835616,5.0,1
28,restrictive,picture,42,0.14383561643835616,5.0,0
28,restrictive,switch,49,0.1678082191780822,5.0,0
29,non-restrictive,glove,0,0.0,5.0,0
29,non-restrictive,milk,22,0.18803418803418803,5.0,1
29,non-restrictive,nut,49,0.4188034188034188,5.0,0
29,non-restrictive,sock,46,0.39316239316239315,5.0,0
29,restrictive,glove,12,0.09375,3.0,0
29,restrictive,milk,72,0.5625,3.0,1
29,restrictive,nut,42,0.328125,3.0,0
29,restrictive,sock,2,0.015625,3.0,0
30,non-restrictive,comb,0,0.0,4.0,0
30,non-restrictive,eraser,0,0.0,4.0,0
30,non-restrictive,newspaper,109,0.7622377622377622,4.0,1
30,non-restrictive,tissue,34,0.23776223776223776,4.0,0
30,restrictive,comb,0,0.0,5.0,0
30,restrictive,eraser,60,0.30456852791878175,5.0,0
30,restrictive,newspaper,137,0.6954314720812182,5.0,1
30,restrictive,tissue,0,0.0,5.0,0
31,non-restrictive,cap,35,0.26119402985074625,3.0,0
31,non-restrictive,dice,22,0.16417910447761194,3.0,1
31,non-restrictive,headphones,0,0.0,3.0,0
31,non-restrictive,watch,77,0.5746268656716418,3.0,0
31,restrictive,cap,0,,,0
31,restrictive,dice,0,,,1
31,restrictive,headphones,0,,,0
31,restrictive,watch,0,,,0
32,non-restrictive,bottle,0,0.0,1.0,1
32,non-restrictive,lemon,10,1.0,1.0,0
32,non-restrictive,seed,0,0.0,1.0,0
32,non-restrictive,sponge,0,0.0,1.0,0
32,restrictive,bottle,39,0.13541666666666666,7.0,1
32,restrictive,lemon,66,0.22916666666666666,7.0,0
32,restrictive,seed,71,0.2465277777777778,7.0,0
32,restrictive,sponge,112,0.3888888888888889,7.0,0
33,non-restrictive,beer,12,0.033426183844011144,7.0,1
33,non-restrictive,biscuit,85,0.23676880222841226,7.0,0
33,non-restrictive,kettle,185,0.5153203342618384,7.0,0
33,non-restrictive,mug,77,0.21448467966573817,7.0,0
33,restrictive,beer,56,0.21621621621621623,4.0,1
33,restrictive,biscuit,8,0.03088803088803089,4.0,0
33,restrictive,kettle,66,0.2548262548262548,4.0,0
33,restrictive,mug,129,0.4980694980694981,4.0,0
34,non-restrictive,box,39,0.15918367346938775,3.0,0
34,non-restrictive,envelope,43,0.17551020408163265,3.0,0
34,non-restrictive,gift,162,0.6612244897959184,3.0,0
34,non-restrictive,suitcase,1,0.004081632653061225,3.0,1
34,restrictive,box,81,0.1853546910755149,7.0,0
34,restrictive,envelope,156,0.35697940503432496,7.0,0
34,restrictive,gift,96,0.21967963386727687,7.0,0
34,restrictive,suitcase,104,0.2379862700228833,7.0,1
35,non-restrictive,notebook,0,0.0,5.0,0
35,non-restrictive,pillow,115,0.3463855421686747,5.0,0
35,non-restrictive,puzzle,95,0.286144578313253,5.0,0
35,non-restrictive,radio,122,0.3674698795180723,5.0,1
35,restrictive,notebook,0,0.0,3.0,0
35,restrictive,pillow,0,0.0,3.0,0
35,restrictive,puzzle,143,0.6383928571428571,3.0,0
35,restrictive,radio,81,0.36160714285714285,3.0,1
36,non-restrictive,brush,4,0.028169014084507043,2.0,0
36,non-restrictive,mascara,23,0.1619718309859155,2.0,1
36,non-restrictive,mirror,33,0.2323943661971831,2.0,0
36,non-restrictive,pot,82,0.5774647887323944,2.0,0
36,restrictive,brush,24,0.0781758957654723,5.0,0
36,restrictive,mascara,95,0.30944625407166126,5.0,1
36,restrictive,mirror,33,0.10749185667752444,5.0,0
36,restrictive,pot,155,0.504885993485342,5.0,0
37,non-restrictive,boxes,72,0.4768211920529801,4.0,0
37,non-restrictive,clips,79,0.5231788079470199,4.0,0
37,non-restrictive,lego,0,0.0,4.0,1
37,non-restrictive,papers,0,0.0,4.0,0
37,restrictive,boxes,0,0.0,2.0,0
37,restrictive,clips,0,0.0,2.0,0
37,restrictive,lego,88,0.8461538461538461,2.0,1
37,restrictive,papers,16,0.15384615384615385,2.0,0
38,non-restrictive,banana,0,0.0,1.0,1
38,non-restrictive,key,0,0.0,1.0,0
38,non-restrictive,marker,0,0.0,1.0,0
38,non-restrictive,mitten,78,1.0,1.0,0
38,restrictive,banana,24,0.07164179104477612,6.0,1
38,restrictive,key,94,0.28059701492537314,6.0,0
38,restrictive,marker,140,0.417910447761194,6.0,0
38,restrictive,mitten,77,0.2298507462686567,6.0,0
39,non-restrictive,apron,136,0.5333333333333333,5.0,1
39,non-restrictive,broom,73,0.28627450980392155,5.0,0
39,non-restrictive,cloth,42,0.16470588235294117,5.0,0
39,non-restrictive,mop,4,0.01568627450980392,5.0,0
39,restrictive,apron,4,0.10810810810810811,1.0,1
39,restrictive,broom,0,0.0,1.0,0
39,restrictive,cloth,33,0.8918918918918919,1.0,0
39,restrictive,mop,0,0.0,1.0,0
40,non-restrictive,buckle,23,0.15333333333333332,3.0,0
40,non-restrictive,mat,70,0.4666666666666667,3.0,0
40,non-restrictive,shampoo,57,0.38,3.0,0
40,non-restrictive,shoelace,0,0.0,3.0,1
40,restrictive,buckle,25,0.14534883720930233,2.0,0
40,restrictive,mat,42,0.2441860465116279,2.0,0
40,restrictive,shampoo,105,0.6104651162790697,2.0,0
40,restrictive,shoelace,0,0.0,2.0,1
41,non-restrictive,blouse,47,0.17803030303030304,5.0,1
41,non-restrictive,iron,184,0.696969696969697,5.0,0
41,non-restrictive,pin,0,0.0,5.0,0
41,non-restrictive,toothbrish,33,0.125,5.0,0
41,restrictive,blouse,0,0.0,2.0,1
41,restrictive,iron,0,0.0,2.0,0
41,restrictive,pin,93,1.0,2.0,0
41,restrictive,toothbrish,0,0.0,2.0,0
42,non-restrictive,cone,0,0.0,2.0,0
42,non-restrictive,orange,20,0.1941747572815534,2.0,1
42,non-restrictive,shell,0,0.0,2.0,0
42,non-restrictive,stone,83,0.8058252427184466,2.0,0
42,restrictive,cone,106,0.21073558648111332,6.0,0
42,restrictive,orange,290,0.5765407554671969,6.0,1
42,restrictive,shell,107,0.21272365805168986,6.0,0
42,restrictive,stone,0,0.0,6.0,0
43,non-restrictive,apple,173,0.3221601489757914,9.0,0
43,non-restrictive,chalk,79,0.14711359404096835,9.0,0
43,non-restrictive,ruler,166,0.3091247672253259,9.0,0
43,non-restrictive,shirt,119,0.22160148975791433,9.0,1
43,restrictive,apple,26,0.26262626262626265,2.0,0
43,restrictive,chalk,0,0.0,2.0,0
43,restrictive,ruler,0,0.0,2.0,0
43,restrictive,shirt,73,0.7373737373737373,2.0,1
44,non-restrictive,bolt,39,0.31451612903225806,2.0,0
44,non-restrictive,handle,24,0.1935483870967742,2.0,0
44,non-restrictive,pan,61,0.49193548387096775,2.0,0
44,non-restrictive,safe,0,0.0,2.0,1
44,restrictive,bolt,68,0.21864951768488747,7.0,0
44,restrictive,handle,12,0.03858520900321544,7.0,0
44,restrictive,pan,122,0.39228295819935693,7.0,0
44,restrictive,safe,109,0.3504823151125402,7.0,1
45,non-restrictive,dough,165,0.9322033898305084,4.0,1
45,non-restrictive,glass,0,0.0,4.0,0
45,non-restrictive,hammer,8,0.04519774011299435,4.0,0
45,non-restrictive,ladle,4,0.022598870056497175,4.0,0
45,restrictive,dough,0,,,1
45,restrictive,glass,0,,,0
45,restrictive,hammer,0,,,0
45,restrictive,ladle,0,,,0
46,non-restrictive,carrot,29,0.232,4.0,1
46,non-restrictive,laddle,87,0.696,4.0,0
46,non-restrictive,peeler,0,0.0,4.0,0
46,non-restrictive,pot,9,0.072,4.0,0
46,restrictive,carrot,79,0.5163398692810458,4.0,1
46,restrictive,laddle,0,0.0,4.0,0
46,restrictive,peeler,8,0.05228758169934641,4.0,0
46,restrictive,pot,66,0.43137254901960786,4.0,0
47,non-restrictive,bow,105,0.6907894736842105,5.0,0
47,non-restrictive,gum,0,0.0,5.0,0
47,non-restrictive,stand,0,0.0,5.0,0
47,non-restrictive,violin,47,0.3092105263157895,5.0,1
47,restrictive,bow,56,0.42748091603053434,2.0,0
47,restrictive,gum,0,0.0,2.0,0
47,restrictive,stand,0,0.0,2.0,0
47,restrictive,violin,75,0.5725190839694656,2.0,1
48,non-restrictive,carpet,11,0.0728476821192053,3.0,1
48,non-restrictive,dustpan,0,0.0,3.0,0
48,non-restrictive,footstool,42,0.2781456953642384,3.0,0
48,non-restrictive,roller,98,0.6490066225165563,3.0,0
48,restrictive,carpet,141,0.5035714285714286,6.0,1
48,restrictive,dustpan,53,0.18928571428571428,6.0,0
48,restrictive,footstool,40,0.14285714285714285,6.0,0
48,restrictive,roller,46,0.16428571428571428,6.0,0
49,non-restrictive,balloon,105,0.31626506024096385,5.0,1
49,non-restrictive,flag,81,0.24397590361445784,5.0,0
49,non-restrictive,pouch,37,0.11144578313253012,5.0,0
49,non-restrictive,pump,109,0.32831325301204817,5.0,0
49,restrictive,balloon,0,0.0,1.0,1
49,restrictive,flag,0,0.0,1.0,0
49,restrictive,pouch,0,0.0,1.0,0
49,restrictive,pump,75,1.0,1.0,0
50,non-restrictive,envelope,51,0.2350230414746544,4.0,0
50,non-restrictive,rubberband,9,0.041474654377880185,4.0,0
50,non-restrictive,scissors,0,0.0,4.0,0
50,non-restrictive,stamp,157,0.7235023041474654,4.0,1
50,restrictive,envelope,66,0.24535315985130113,7.0,0
50,restrictive,rubberband,12,0.04460966542750929,7.0,0
50,restrictive,scissors,66,0.24535315985130113,7.0,0
50,restrictive,stamp,125,0.4646840148698885,7.0,1
