,stimuliId,condition,obj,avg_percent,n_participants
0,1,non-restrictive,ball,0.0,3
1,1,non-restrictive,cake,0.0,3
2,1,non-restrictive,toy-car,0.0,3
3,1,non-restrictive,toy-train,0.0,3
4,1,restrictive,ball,0.0,2
5,1,restrictive,cake,0.0,2
6,1,restrictive,toy-car,0.0,2
7,1,restrictive,toy-train,0.0,2
8,2,non-restrictive,chair,0.0,2
9,2,non-restrictive,cheese,0.0,2
10,2,non-restrictive,lipstick,0.0,2
11,2,non-restrictive,wine,0.5,2
12,2,restrictive,chair,0.0,3
13,2,restrictive,cheese,0.0,3
14,2,restrictive,lipstick,0.0,3
15,2,restrictive,wine,1.0,3
16,3,non-restrictive,car,0.0,3
17,3,non-restrictive,dustbin,0.0,3
18,3,non-restrictive,houses,0.30769230769230776,3
19,3,non-restrictive,man,0.025641025641025633,3
20,3,restrictive,car,0.0,2
21,3,restrictive,dustbin,0.0,2
22,3,restrictive,houses,0.0,2
23,3,restrictive,man,0.0,2
24,4,non-restrictive,baby,0.0,2
25,4,non-restrictive,plant,0.0,2
26,4,non-restrictive,rocking-horse,0.0,2
27,4,non-restrictive,stool,0.0,2
28,4,restrictive,baby,0.3333333333333333,3
29,4,restrictive,plant,0.0,3
30,4,restrictive,rocking-horse,0.0,3
31,4,restrictive,stool,0.0,3
32,5,non-restrictive,acorns,0.0,3
33,5,non-restrictive,ball,0.10964912280701754,3
34,5,non-restrictive,paper-plane,0.0,3
35,5,non-restrictive,shuttle-cock,0.2236842105263158,3
36,5,restrictive,acorns,0.5072463768115942,2
37,5,restrictive,ball,0.34782608695652173,2
38,5,restrictive,paper-plane,0.0,2
39,5,restrictive,shuttle-cock,0.14492753623188406,2
40,6,non-restrictive,animal,0.0,2
41,6,non-restrictive,cactus,0.33,2
42,6,non-restrictive,moon,0.17,2
43,6,non-restrictive,mountain,0.0,2
44,6,restrictive,animal,0.0,3
45,6,restrictive,cactus,0.0,3
46,6,restrictive,moon,0.32222222222222224,3
47,6,restrictive,mountain,0.3444444444444444,3
48,7,non-restrictive,jug,0.0,3
49,7,non-restrictive,knife,0.19999999999999998,3
50,7,non-restrictive,mushrooms,0.0,3
51,7,non-restrictive,weighing-scales,0.13333333333333333,3
52,7,restrictive,jug,0.15753424657534246,2
53,7,restrictive,knife,0.0,2
54,7,restrictive,mushrooms,0.0,2
55,7,restrictive,weighing-scales,0.3424657534246575,2
56,8,non-restrictive,child,0.0,2
57,8,non-restrictive,microscope,0.5,2
58,8,non-restrictive,toy-bear,0.0,2
59,8,non-restrictive,tv-monitor,0.0,2
60,8,restrictive,child,0.1111111111111111,3
61,8,restrictive,microscope,0.0,3
62,8,restrictive,toy-bear,0.3333333333333333,3
63,8,restrictive,tv-monitor,0.2222222222222222,3
64,9,non-restrictive,piano,0.3333333333333333,3
65,9,non-restrictive,table,0.0,3
66,9,non-restrictive,telephone,0.0,3
67,9,non-restrictive,television,0.0,3
68,9,restrictive,piano,0.5,2
69,9,restrictive,table,0.0,2
70,9,restrictive,telephone,0.0,2
71,9,restrictive,television,0.0,2
72,10,non-restrictive,bag,0.5,2
73,10,non-restrictive,book,0.0,2
74,10,non-restrictive,cup,0.0,2
75,10,non-restrictive,door,0.0,2
76,10,restrictive,bag,0.3333333333333333,3
77,10,restrictive,book,0.0,3
78,10,restrictive,cup,0.3333333333333333,3
79,10,restrictive,door,0.0,3
80,11,non-restrictive,dog,0.0,3
81,11,non-restrictive,mirror,0.0,3
82,11,non-restrictive,washing-machine,0.6666666666666666,3
83,11,non-restrictive,wastebin,0.0,3
84,11,restrictive,dog,0.4565217391304348,2
85,11,restrictive,mirror,0.01503623188405795,2
86,11,restrictive,washing-machine,0.5284420289855073,2
87,11,restrictive,wastebin,0.0,2
88,12,non-restrictive,bell,0.0,2
89,12,non-restrictive,bricks,0.0,2
90,12,non-restrictive,drum,0.0,2
91,12,non-restrictive,duck,0.0,2
92,12,restrictive,bell,0.0,3
93,12,restrictive,bricks,0.0,3
94,12,restrictive,drum,0.0,3
95,12,restrictive,duck,0.0,3
96,13,non-restrictive,birds,0.0,3
97,13,non-restrictive,boat,0.3333333333333333,3
98,13,non-restrictive,car,0.0,3
99,13,non-restrictive,sun,0.0,3
100,13,restrictive,birds,0.0,2
101,13,restrictive,boat,0.0,2
102,13,restrictive,car,0.0,2
103,13,restrictive,sun,0.5,2
104,14,non-restrictive,briefcase,0.4230769230769231,2
105,14,non-restrictive,cigarettes,0.0,2
106,14,non-restrictive,filofax,0.0,2
107,14,non-restrictive,glasses,0.0769230769230769,2
108,14,restrictive,briefcase,0.0,3
109,14,restrictive,cigarettes,0.0,3
110,14,restrictive,filofax,0.0,3
111,14,restrictive,glasses,0.0,3
112,15,non-restrictive,ball,0.0,3
113,15,non-restrictive,bird,0.0,3
114,15,non-restrictive,dog,0.0,3
115,15,non-restrictive,hen,0.0,3
116,15,restrictive,ball,0.0,2
117,15,restrictive,bird,0.0,2
118,15,restrictive,dog,0.0,2
119,15,restrictive,hen,0.0,2
120,16,non-restrictive,folder,0.155,2
121,16,non-restrictive,hat,0.0,2
122,16,non-restrictive,magnifying-glass,0.15,2
123,16,non-restrictive,wallet,0.195,2
124,16,restrictive,folder,0.0,3
125,16,restrictive,hat,0.0,3
126,16,restrictive,magnifying-glass,0.3253968253968254,3
127,16,restrictive,wallet,0.007936507936507934,3
128,17,non-restrictive,backpack,0.0,3
129,17,non-restrictive,dress,0.39999999999999997,3
130,17,non-restrictive,lantern,0.3333333333333333,3
131,17,non-restrictive,ribbon,0.26666666666666666,3
132,17,restrictive,backpack,0.0,2
133,17,restrictive,dress,0.0,2
134,17,restrictive,lantern,0.0,2
135,17,restrictive,ribbon,0.0,2
136,18,non-restrictive,bucket,0.0,2
137,18,non-restrictive,rope,0.0,2
138,18,non-restrictive,stone,0.5,2
139,18,non-restrictive,wood,0.0,2
140,18,restrictive,bucket,0.0,3
141,18,restrictive,rope,0.3333333333333333,3
142,18,restrictive,stone,0.0,3
143,18,restrictive,wood,0.0,3
144,19,non-restrictive,feather,0.0,3
145,19,non-restrictive,football,0.0,3
146,19,non-restrictive,leaf,0.0,3
147,19,non-restrictive,stick,0.3333333333333333,3
148,19,restrictive,feather,0.5,2
149,19,restrictive,football,0.0,2
150,19,restrictive,leaf,0.0,2
151,19,restrictive,stick,0.0,2
152,20,non-restrictive,bowl,0.5,2
153,20,non-restrictive,bread,0.0,2
154,20,non-restrictive,spatula,0.0,2
155,20,non-restrictive,spoon,0.0,2
156,20,restrictive,bowl,0.0,3
157,20,restrictive,bread,0.015151515151515133,3
158,20,restrictive,spatula,0.0,3
159,20,restrictive,spoon,0.3181818181818182,3
160,21,non-restrictive,block,0.0,3
161,21,non-restrictive,crayon,0.0,3
162,21,non-restrictive,cup,0.0,3
163,21,non-restrictive,kitten,0.0,3
164,21,restrictive,block,0.0,2
165,21,restrictive,crayon,0.0,2
166,21,restrictive,cup,0.0,2
167,21,restrictive,kitten,0.0,2
168,22,non-restrictive,cushion,0.06818181818181815,2
169,22,non-restrictive,flower,0.0,2
170,22,non-restrictive,magazine,0.20454545454545456,2
171,22,non-restrictive,vase,0.22727272727272724,2
172,22,restrictive,cushion,0.0,3
173,22,restrictive,flower,0.21333333333333335,3
174,22,restrictive,magazine,0.4533333333333333,3
175,22,restrictive,vase,0.0,3
176,23,non-restrictive,coat,0.0,3
177,23,non-restrictive,hook,0.0,3
178,23,non-restrictive,poster,0.0,3
179,23,non-restrictive,towel,0.0,3
180,23,restrictive,coat,0.0,2
181,23,restrictive,hook,0.0,2
182,23,restrictive,poster,0.0,2
183,23,restrictive,towel,0.0,2
184,24,non-restrictive,card,0.5,2
185,24,non-restrictive,needle,0.0,2
186,24,non-restrictive,pencil,0.0,2
187,24,non-restrictive,scarf,0.0,2
188,24,restrictive,card,0.0,3
189,24,restrictive,needle,0.0,3
190,24,restrictive,pencil,0.0,3
191,24,restrictive,scarf,0.6666666666666666,3
192,25,non-restrictive,glass,0.0,3
193,25,non-restrictive,plate,0.0,3
194,25,non-restrictive,potato,0.0,3
195,25,non-restrictive,rabbit,0.3333333333333333,3
196,25,restrictive,glass,0.0,2
197,25,restrictive,plate,0.0,2
198,25,restrictive,potato,0.5,2
199,25,restrictive,rabbit,0.0,2
200,26,non-restrictive,canvas,0.0,2
201,26,non-restrictive,keyboard,0.0,2
202,26,non-restrictive,peach,0.5,2
203,26,non-restrictive,rope,0.0,2
204,26,restrictive,canvas,0.0,3
205,26,restrictive,keyboard,0.17647058823529413,3
206,26,restrictive,peach,0.49019607843137253,3
207,26,restrictive,rope,0.0,3
208,27,non-restrictive,candle,0.0,3
209,27,non-restrictive,coaster,0.2971014492753623,3
210,27,non-restrictive,coin,0.036231884057971,3
211,27,non-restrictive,package,0.0,3
212,27,restrictive,candle,0.0,2
213,27,restrictive,coaster,0.234375,2
214,27,restrictive,coin,0.265625,2
215,27,restrictive,package,0.0,2
216,28,non-restrictive,frame,0.5,2
217,28,non-restrictive,lamp,0.0,2
218,28,non-restrictive,picture,0.5,2
219,28,non-restrictive,switch,0.0,2
220,28,restrictive,frame,0.0,3
221,28,restrictive,lamp,0.3333333333333333,3
222,28,restrictive,picture,0.0,3
223,28,restrictive,switch,0.0,3
224,29,non-restrictive,glove,0.0,3
225,29,non-restrictive,milk,0.0,3
226,29,non-restrictive,nut,0.0,3
227,29,non-restrictive,sock,0.0,3
228,29,restrictive,glove,0.0,2
229,29,restrictive,milk,0.0,2
230,29,restrictive,nut,0.0,2
231,29,restrictive,sock,0.0,2
232,30,non-restrictive,comb,0.0,2
233,30,non-restrictive,eraser,0.0,2
234,30,non-restrictive,newspaper,0.0,2
235,30,non-restrictive,tissue,0.0,2
236,30,restrictive,comb,0.0,3
237,30,restrictive,eraser,0.0,3
238,30,restrictive,newspaper,0.3333333333333333,3
239,30,restrictive,tissue,0.0,3
240,31,non-restrictive,cap,0.2965367965367965,3
241,31,non-restrictive,dice,0.0,3
242,31,non-restrictive,headphones,0.0,3
243,31,non-restrictive,watch,0.3701298701298701,3
244,31,restrictive,cap,0.0,2
245,31,restrictive,dice,0.0,2
246,31,restrictive,headphones,0.3382352941176471,2
247,31,restrictive,watch,0.16176470588235295,2
248,32,non-restrictive,bottle,0.5,2
249,32,non-restrictive,lemon,0.0,2
250,32,non-restrictive,seed,0.0,2
251,32,non-restrictive,sponge,0.0,2
252,32,restrictive,bottle,0.0,3
253,32,restrictive,lemon,0.049999999999999996,3
254,32,restrictive,seed,0.0,3
255,32,restrictive,sponge,0.2833333333333333,3
256,33,non-restrictive,beer,0.11627906976744186,3
257,33,non-restrictive,biscuit,0.04651162790697674,3
258,33,non-restrictive,kettle,0.0,3
259,33,non-restrictive,mug,0.17054263565891473,3
260,33,restrictive,beer,0.5,2
261,33,restrictive,biscuit,0.0,2
262,33,restrictive,kettle,0.0,2
263,33,restrictive,mug,0.0,2
264,34,non-restrictive,box,0.0,2
265,34,non-restrictive,envelope,0.0,2
266,34,non-restrictive,gift,0.5,2
267,34,non-restrictive,suitcase,0.0,2
268,34,restrictive,box,0.0,3
269,34,restrictive,envelope,0.0,3
270,34,restrictive,gift,0.6410256410256411,3
271,34,restrictive,suitcase,0.025641025641025633,3
272,35,non-restrictive,notebook,0.0,3
273,35,non-restrictive,pillow,0.0,3
274,35,non-restrictive,puzzle,0.3333333333333333,3
275,35,non-restrictive,radio,0.0,3
276,35,restrictive,notebook,0.6891891891891893,2
277,35,restrictive,pillow,0.14414414414414414,2
278,35,restrictive,puzzle,0.1306306306306306,2
279,35,restrictive,radio,0.036036036036036,2
280,36,non-restrictive,brush,0.25826612903225804,2
281,36,non-restrictive,mascara,0.43548387096774194,2
282,36,non-restrictive,mirror,0.14375,2
283,36,non-restrictive,pot,0.1625,2
284,36,restrictive,brush,0.0588235294117647,3
285,36,restrictive,mascara,0.35294117647058826,3
286,36,restrictive,mirror,0.07843137254901959,3
287,36,restrictive,pot,0.17647058823529413,3
288,37,non-restrictive,boxes,0.3333333333333333,3
289,37,non-restrictive,clips,0.0,3
290,37,non-restrictive,lego,0.0,3
291,37,non-restrictive,papers,0.0,3
292,37,restrictive,boxes,0.0,2
293,37,restrictive,clips,0.0,2
294,37,restrictive,lego,0.0,2
295,37,restrictive,papers,0.0,2
296,38,non-restrictive,banana,0.0,2
297,38,non-restrictive,key,0.5,2
298,38,non-restrictive,marker,0.0,2
299,38,non-restrictive,mitten,0.5,2
300,38,restrictive,banana,0.0,3
301,38,restrictive,key,0.0,3
302,38,restrictive,marker,0.0,3
303,38,restrictive,mitten,0.0,3
304,39,non-restrictive,apron,0.0,3
305,39,non-restrictive,broom,0.1921921921921922,3
306,39,non-restrictive,cloth,0.08408408408408406,3
307,39,non-restrictive,mop,0.05705705705705703,3
308,39,restrictive,apron,0.41935483870967744,2
309,39,restrictive,broom,0.0,2
310,39,restrictive,cloth,0.0,2
311,39,restrictive,mop,0.08064516129032255,2
312,40,non-restrictive,buckle,0.0,2
313,40,non-restrictive,mat,0.0,2
314,40,non-restrictive,shampoo,0.5,2
315,40,non-restrictive,shoelace,0.0,2
316,40,restrictive,buckle,0.0,3
317,40,restrictive,mat,0.0,3
318,40,restrictive,shampoo,0.0,3
319,40,restrictive,shoelace,0.0,3
320,41,non-restrictive,blouse,0.3333333333333333,3
321,41,non-restrictive,iron,0.0,3
322,41,non-restrictive,pin,0.0,3
323,41,non-restrictive,toothbrish,0.0,3
324,41,restrictive,blouse,0.0,2
325,41,restrictive,iron,0.0,2
326,41,restrictive,pin,0.0,2
327,41,restrictive,toothbrish,0.5,2
328,42,non-restrictive,cone,0.0,2
329,42,non-restrictive,orange,0.0,2
330,42,non-restrictive,shell,0.0,2
331,42,non-restrictive,stone,0.0,2
332,42,restrictive,cone,0.0,3
333,42,restrictive,orange,0.3782051282051282,3
334,42,restrictive,shell,0.2884615384615385,3
335,42,restrictive,stone,0.3333333333333333,3
336,43,non-restrictive,apple,0.0,3
337,43,non-restrictive,chalk,0.05426356589147286,3
338,43,non-restrictive,ruler,0.2635658914728682,3
339,43,non-restrictive,shirt,0.34883720930232553,3
340,43,restrictive,apple,0.5,2
341,43,restrictive,chalk,0.0,2
342,43,restrictive,ruler,0.0,2
343,43,restrictive,shirt,0.0,2
344,44,non-restrictive,bolt,0.0,2
345,44,non-restrictive,handle,0.5,2
346,44,non-restrictive,pan,0.0,2
347,44,non-restrictive,safe,0.0,2
348,44,restrictive,bolt,0.0,3
349,44,restrictive,handle,0.0,3
350,44,restrictive,pan,0.0,3
351,44,restrictive,safe,0.0,3
352,45,non-restrictive,dough,0.21739130434782608,3
353,45,non-restrictive,glass,0.0,3
354,45,non-restrictive,hammer,0.11594202898550722,3
355,45,non-restrictive,ladle,0.0,3
356,45,restrictive,dough,0.5,2
357,45,restrictive,glass,0.0,2
358,45,restrictive,hammer,0.0,2
359,45,restrictive,ladle,0.0,2
360,46,non-restrictive,carrot,0.0,2
361,46,non-restrictive,laddle,0.0,2
362,46,non-restrictive,peeler,0.0,2
363,46,non-restrictive,pot,0.0,2
364,46,restrictive,carrot,0.3333333333333333,3
365,46,restrictive,laddle,0.0,3
366,46,restrictive,peeler,0.0,3
367,46,restrictive,pot,0.0,3
368,47,non-restrictive,bow,0.0,3
369,47,non-restrictive,gum,0.0,3
370,47,non-restrictive,stand,0.0,3
371,47,non-restrictive,violin,0.6666666666666666,3
372,47,restrictive,bow,0.0543478260869565,2
373,47,restrictive,gum,0.32608695652173914,2
374,47,restrictive,stand,0.11956521739130435,2
375,47,restrictive,violin,0.0,2
376,48,non-restrictive,carpet,0.0,2
377,48,non-restrictive,dustpan,0.0,2
378,48,non-restrictive,footstool,0.0,2
379,48,non-restrictive,roller,0.0,2
380,48,restrictive,carpet,0.3333333333333333,3
381,48,restrictive,dustpan,0.3333333333333333,3
382,48,restrictive,footstool,0.0,3
383,48,restrictive,roller,0.0,3
384,49,non-restrictive,balloon,1.0,2
385,49,non-restrictive,envelope,0.0,1
386,49,non-restrictive,flag,0.0,2
387,49,non-restrictive,pouch,0.0,2
388,49,non-restrictive,pump,0.0,2
389,49,non-restrictive,rubberband,0.0,1
390,49,non-restrictive,scissors,0.0,1
391,49,non-restrictive,stamp,0.0,1
392,49,restrictive,balloon,0.17857142857142855,2
393,49,restrictive,flag,0.0,2
394,49,restrictive,pouch,0.32142857142857145,2
395,49,restrictive,pump,0.0,2
396,50,non-restrictive,envelope,0.0,2
397,50,non-restrictive,rubberband,0.0,2
398,50,non-restrictive,scissors,0.0,2
399,50,non-restrictive,stamp,0.0,2
400,50,restrictive,balloon,0.0,1
401,50,restrictive,envelope,0.0,2
402,50,restrictive,flag,0.0,1
403,50,restrictive,pouch,0.0,1
404,50,restrictive,pump,0.0,1
405,50,restrictive,rubberband,0.0,2
406,50,restrictive,scissors,0.0,2
407,50,restrictive,stamp,0.0,2
