id,word,SentenceRole,WordRole,start,end,sentence
0,The,restrictive,det,0.483,0.546,The boy will eat the cake
0,boy,restrictive,nsubj,0.651,0.924,The boy will eat the cake
0,will,restrictive,aux,1.008,1.134,The boy will eat the cake
0,eat,restrictive,ROOT,1.26,1.386,The boy will eat the cake
0,the,restrictive,det,1.47,1.512,The boy will eat the cake
0,cake,restrictive,dobj,1.596,2.751,The boy will eat the cake
0,The,non-restrictive,det,0.441,0.525,The boy will move the cake
0,boy,non-restrictive,nsubj,0.63,0.903,The boy will move the cake
0,will,non-restrictive,aux,1.008,1.134,The boy will move the cake
0,move,non-restrictive,ROOT,1.218,1.449,The boy will move the cake
0,the,non-restrictive,det,1.491,1.554,The boy will move the cake
0,cake,non-restrictive,dobj,1.617,2.751,The boy will move the cake
1,The,restrictive,det,0.462,0.525,The woman will drink the wine
1,woman,restrictive,nsubj,0.651,0.987,The woman will drink the wine
1,will,restrictive,aux,1.134,1.239,The woman will drink the wine
1,drink,restrictive,ROOT,1.323,1.575,The woman will drink the wine
1,the,restrictive,det,1.68,1.722,The woman will drink the wine
1,wine,restrictive,dobj,1.848,2.982,The woman will drink the wine
1,The,non-restrictive,det,0.462,0.525,The woman will try the wine
1,woman,non-restrictive,nsubj,0.63,0.966,The woman will try the wine
1,will,non-restrictive,aux,1.071,1.176,The woman will try the wine
1,try,non-restrictive,ROOT,1.281,1.554,The woman will try the wine
1,the,non-restrictive,det,1.638,1.701,The woman will try the wine
1,wine,non-restrictive,dobj,1.827,3.003,The woman will try the wine
2,The,restrictive,det,0.462,0.525,The policeman will arrest the man
2,policeman,restrictive,nsubj,0.609,1.302,The policeman will arrest the man
2,will,restrictive,aux,1.428,1.554,The policeman will arrest the man
2,arrest,restrictive,ROOT,1.617,2.037,The policeman will arrest the man
2,the,restrictive,det,2.121,2.184,The policeman will arrest the man
2,man,restrictive,dobj,2.247,3.381,The policeman will arrest the man
2,The,non-restrictive,det,0.462,0.525,The policeman will search the man
2,policeman,non-restrictive,nsubj,0.609,1.302,The policeman will search the man
2,will,non-restrictive,aux,1.428,1.554,The policeman will search the man
2,search,non-restrictive,ROOT,1.68,1.953,The policeman will search the man
2,the,non-restrictive,det,2.037,2.1,The policeman will search the man
2,man,non-restrictive,dobj,2.163,3.318,The policeman will search the man
3,The,restrictive,det,0.462,0.525,The woman will bathe the baby
3,woman,restrictive,nsubj,0.651,0.987,The woman will bathe the baby
3,will,restrictive,aux,1.092,1.218,The woman will bathe the baby
3,bathe,restrictive,ROOT,1.344,1.617,The woman will bathe the baby
3,the,restrictive,det,1.806,1.869,The woman will bathe the baby
3,baby,restrictive,dobj,1.974,3.192,The woman will bathe the baby
3,The,non-restrictive,det,0.441,0.525,The woman will touch the baby
3,woman,non-restrictive,nsubj,0.651,0.987,The woman will touch the baby
3,will,non-restrictive,aux,1.092,1.218,The woman will touch the baby
3,touch,non-restrictive,ROOT,1.302,1.575,The woman will touch the baby
3,the,non-restrictive,det,1.68,1.722,The woman will touch the baby
3,baby,non-restrictive,dobj,1.827,3.045,The woman will touch the baby
4,The,restrictive,det,0.462,0.525,The boy will bounce the ball
4,boy,restrictive,nsubj,0.63,0.882,The boy will bounce the ball
4,will,restrictive,aux,0.987,1.092,The boy will bounce the ball
4,bounce,restrictive,ROOT,1.197,1.575,The boy will bounce the ball
4,the,restrictive,det,1.659,1.722,The boy will bounce the ball
4,ball,restrictive,dobj,1.806,2.94,The boy will bounce the ball
4,The,non-restrictive,det,0.462,0.525,The boy will throw the ball
4,boy,non-restrictive,nsubj,0.63,0.903,The boy will throw the ball
4,will,non-restrictive,aux,1.008,1.134,The boy will throw the ball
4,throw,non-restrictive,ROOT,1.26,1.533,The boy will throw the ball
4,the,non-restrictive,det,1.638,1.701,The boy will throw the ball
4,ball,non-restrictive,dobj,1.785,2.898,The boy will throw the ball
5,The,restrictive,det,0.462,0.504,The hiker will climb the mountain
5,hiker,restrictive,nsubj,0.63,1.029,The hiker will climb the mountain
5,will,restrictive,aux,1.155,1.26,The hiker will climb the mountain
5,climb,restrictive,ROOT,1.344,1.68,The hiker will climb the mountain
5,the,restrictive,det,1.722,1.785,The hiker will climb the mountain
5,mountain,restrictive,dobj,1.869,3.171,The hiker will climb the mountain
5,The,non-restrictive,det,0.462,0.504,The hiker will photograph the mountain
5,hiker,non-restrictive,nsubj,0.63,1.05,The hiker will photograph the mountain
5,will,non-restrictive,aux,1.176,1.302,The hiker will photograph the mountain
5,photograph,non-restrictive,ROOT,1.428,2.163,The hiker will photograph the mountain
5,the,non-restrictive,det,2.268,2.331,The hiker will photograph the mountain
5,mountain,non-restrictive,dobj,2.415,3.675,The hiker will photograph the mountain
6,The,restrictive,det,0.483,0.525,The housewife will fry the mushrooms
6,housewife,restrictive,nsubj,0.651,1.281,The housewife will fry the mushrooms
6,will,restrictive,aux,1.365,1.491,The housewife will fry the mushrooms
6,fry,restrictive,ROOT,1.596,1.911,The housewife will fry the mushrooms
6,the,restrictive,det,1.995,2.037,The housewife will fry the mushrooms
6,mushrooms,restrictive,dobj,2.163,3.612,The housewife will fry the mushrooms
6,The,non-restrictive,det,0.462,0.525,The housewife will wash the mushrooms
6,housewife,non-restrictive,nsubj,0.651,1.281,The housewife will wash the mushrooms
6,will,non-restrictive,aux,1.365,1.491,The housewife will wash the mushrooms
6,wash,non-restrictive,ROOT,1.596,1.932,The housewife will wash the mushrooms
6,the,non-restrictive,det,2.016,2.079,The housewife will wash the mushrooms
6,mushrooms,non-restrictive,dobj,2.184,3.633,The housewife will wash the mushrooms
7,The,restrictive,det,0.441,0.504,The doctor will inject the child
7,doctor,restrictive,nsubj,0.63,1.113,The doctor will inject the child
7,will,restrictive,aux,1.239,1.365,The doctor will inject the child
7,inject,restrictive,ROOT,1.428,1.89,The doctor will inject the child
7,the,restrictive,det,1.974,2.037,The doctor will inject the child
7,child,restrictive,dobj,2.121,3.36,The doctor will inject the child
7,The,non-restrictive,det,0.441,0.504,The doctor will check the child
7,doctor,non-restrictive,nsubj,0.651,1.113,The doctor will check the child
7,will,non-restrictive,aux,1.218,1.344,The doctor will check the child
7,check,non-restrictive,ROOT,1.428,1.68,The doctor will check the child
7,the,non-restrictive,det,1.806,1.869,The doctor will check the child
7,child,non-restrictive,dobj,1.953,3.192,The doctor will check the child
8,The,restrictive,det,0.462,0.525,The woman will play the piano
8,woman,restrictive,nsubj,0.651,0.987,The woman will play the piano
8,will,restrictive,aux,1.092,1.218,The woman will play the piano
8,play,restrictive,ROOT,1.302,1.554,The woman will play the piano
8,the,restrictive,det,1.659,1.722,The woman will play the piano
8,piano,restrictive,dobj,1.806,3.213,The woman will play the piano
8,The,non-restrictive,det,0.462,0.525,The woman will dust the piano
8,woman,non-restrictive,nsubj,0.63,0.945,The woman will dust the piano
8,will,non-restrictive,aux,1.05,1.155,The woman will dust the piano
8,dust,non-restrictive,ROOT,1.26,1.554,The woman will dust the piano
8,the,non-restrictive,det,1.638,1.68,The woman will dust the piano
8,piano,non-restrictive,dobj,1.743,3.255,The woman will dust the piano
9,The,restrictive,det,0.462,0.525,The woman will read the book
9,woman,restrictive,nsubj,0.651,0.987,The woman will read the book
9,will,restrictive,aux,1.113,1.239,The woman will read the book
9,read,restrictive,ROOT,1.365,1.554,The woman will read the book
9,the,restrictive,det,1.659,1.701,The woman will read the book
9,book,restrictive,dobj,1.806,2.856,The woman will read the book
9,The,non-restrictive,det,0.462,0.525,The woman will open the book
9,woman,non-restrictive,nsubj,0.63,0.924,The woman will open the book
9,will,non-restrictive,aux,1.05,1.155,The woman will open the book
9,open,non-restrictive,ROOT,1.344,1.596,The woman will open the book
9,the,non-restrictive,det,1.659,1.722,The woman will open the book
9,book,non-restrictive,dobj,1.806,2.163,The woman will open the book
10,The,restrictive,det,0.462,0.525,The man will repair the washing machine
10,man,restrictive,nsubj,0.63,0.987,The man will repair the washing machine
10,will,restrictive,aux,1.134,1.26,The man will repair the washing machine
10,repair,restrictive,ROOT,1.323,1.743,The man will repair the washing machine
10,the,restrictive,det,1.848,1.911,The man will repair the washing machine
10,washing,restrictive,compound,2.037,2.52,The man will repair the washing machine
10,machine,restrictive,dobj,2.583,3.822,The man will repair the washing machine
10,The,non-restrictive,det,0.441,0.525,The man will wipe the washing machine
10,man,non-restrictive,nsubj,0.63,0.945,The man will wipe the washing machine
10,will,non-restrictive,aux,1.05,1.176,The man will wipe the washing machine
10,wipe,non-restrictive,ROOT,1.26,1.47,The man will wipe the washing machine
10,the,non-restrictive,det,1.554,1.596,The man will wipe the washing machine
10,washing,non-restrictive,compound,1.722,2.205,The man will wipe the washing machine
10,machine,non-restrictive,dobj,2.268,3.486,The man will wipe the washing machine
11,The,restrictive,det,0.483,0.546,The baby will ring the bell
11,baby,restrictive,nsubj,0.672,0.966,The baby will ring the bell
11,will,restrictive,aux,1.155,1.26,The baby will ring the bell
11,ring,restrictive,ROOT,1.365,1.491,The baby will ring the bell
11,the,restrictive,det,1.554,1.617,The baby will ring the bell
11,bell,restrictive,dobj,1.68,2.31,The baby will ring the bell
11,The,non-restrictive,det,0.462,0.525,The baby will kick the bell
11,baby,non-restrictive,nsubj,0.651,0.987,The baby will kick the bell
11,will,non-restrictive,aux,1.113,1.239,The baby will kick the bell
11,kick,non-restrictive,ROOT,1.323,1.533,The baby will kick the bell
11,the,non-restrictive,det,1.638,1.722,The baby will kick the bell
11,bell,non-restrictive,dobj,1.806,2.856,The baby will kick the bell
12,The,restrictive,det,0.441,0.525,The man will sail the boat
12,man,restrictive,nsubj,0.63,0.903,The man will sail the boat
12,will,restrictive,aux,1.008,1.134,The man will sail the boat
12,sail,restrictive,ROOT,1.281,1.554,The man will sail the boat
12,the,restrictive,det,1.659,1.722,The man will sail the boat
12,boat,restrictive,dobj,1.806,2.856,The man will sail the boat
12,The,non-restrictive,det,0.441,0.525,The man will watch the boat
12,man,non-restrictive,nsubj,0.63,0.945,The man will watch the boat
12,will,non-restrictive,aux,1.05,1.176,The man will watch the boat
12,watch,non-restrictive,ROOT,1.26,1.575,The man will watch the boat
12,the,non-restrictive,det,1.68,1.743,The man will watch the boat
12,boat,non-restrictive,dobj,1.806,2.856,The man will watch the boat
13,The,restrictive,det,0.462,0.525,The man will smoke the cigarettes
13,man,restrictive,nsubj,0.63,0.945,The man will smoke the cigarettes
13,will,restrictive,aux,1.05,1.176,The man will smoke the cigarettes
13,smoke,restrictive,ROOT,1.281,1.638,The man will smoke the cigarettes
13,the,restrictive,det,1.722,1.785,The man will smoke the cigarettes
13,cigarettes,restrictive,dobj,1.89,3.276,The man will smoke the cigarettes
13,The,non-restrictive,det,0.441,0.525,The man will collect the cigarettes
13,man,non-restrictive,nsubj,0.63,0.945,The man will collect the cigarettes
13,will,non-restrictive,aux,1.05,1.155,The man will collect the cigarettes
13,collect,non-restrictive,ROOT,1.239,1.722,The man will collect the cigarettes
13,the,non-restrictive,det,1.827,1.89,The man will collect the cigarettes
13,cigarettes,non-restrictive,dobj,1.995,3.318,The man will collect the cigarettes
14,The,restrictive,det,0.462,0.525,The boy will walk the dog
14,boy,restrictive,nsubj,0.63,0.861,The boy will walk the dog
14,will,restrictive,aux,0.966,1.092,The boy will walk the dog
14,walk,restrictive,ROOT,1.176,1.47,The boy will walk the dog
14,the,restrictive,det,1.554,1.617,The boy will walk the dog
14,dog,restrictive,dobj,1.722,2.961,The boy will walk the dog
14,The,non-restrictive,det,0.462,0.525,The boy will feed the dog
14,boy,non-restrictive,nsubj,0.63,0.861,The boy will feed the dog
14,will,non-restrictive,aux,0.966,1.071,The boy will feed the dog
14,feed,non-restrictive,ROOT,1.176,1.407,The boy will feed the dog
14,the,non-restrictive,det,1.47,1.533,The boy will feed the dog
14,dog,non-restrictive,dobj,1.617,2.898,The boy will feed the dog
15,The,restrictive,det,0.462,0.525,The businessman will wear the hat
15,businessman,restrictive,nsubj,0.651,1.428,The businessman will wear the hat
15,will,restrictive,aux,1.575,1.701,The businessman will wear the hat
15,wear,restrictive,ROOT,1.785,1.974,The businessman will wear the hat
15,the,restrictive,det,2.058,2.121,The businessman will wear the hat
15,hat,restrictive,dobj,2.247,3.297,The businessman will wear the hat
15,The,non-restrictive,det,0.441,0.525,The businessman will forget the hat
15,businessman,non-restrictive,nsubj,0.63,1.449,The businessman will forget the hat
15,will,non-restrictive,aux,1.596,1.722,The businessman will forget the hat
15,forget,non-restrictive,ROOT,1.806,2.205,The businessman will forget the hat
15,the,non-restrictive,det,2.31,2.352,The businessman will forget the hat
15,hat,non-restrictive,dobj,2.478,3.507,The businessman will forget the hat
16,The,restrictive,det,0.462,0.525,The woman will wear the dress
16,woman,restrictive,nsubj,0.651,0.987,The woman will wear the dress
16,will,restrictive,aux,1.134,1.26,The woman will wear the dress
16,wear,restrictive,ROOT,1.344,1.554,The woman will wear the dress
16,the,restrictive,det,1.659,1.722,The woman will wear the dress
16,dress,restrictive,dobj,1.827,3.045,The woman will wear the dress
16,The,non-restrictive,det,0.462,0.525,The woman will carry the dress
16,woman,non-restrictive,nsubj,0.651,0.987,The woman will carry the dress
16,will,non-restrictive,aux,1.092,1.218,The woman will carry the dress
16,carry,non-restrictive,ROOT,1.281,1.638,The woman will carry the dress
16,the,non-restrictive,det,1.743,1.806,The woman will carry the dress
16,dress,non-restrictive,dobj,1.911,3.108,The woman will carry the dress
17,The,restrictive,det,0.441,0.525,The man will chop the wood
17,man,restrictive,nsubj,0.63,0.945,The man will chop the wood
17,will,restrictive,aux,1.05,1.155,The man will chop the wood
17,chop,restrictive,ROOT,1.239,1.512,The man will chop the wood
17,the,restrictive,det,1.638,1.701,The man will chop the wood
17,wood,restrictive,dobj,1.806,2.835,The man will chop the wood
17,The,non-restrictive,det,0.462,0.525,The man will move the wood
17,man,non-restrictive,nsubj,0.63,0.945,The man will move the wood
17,will,non-restrictive,aux,1.113,1.218,The man will move the wood
17,move,non-restrictive,ROOT,1.302,1.575,The man will move the wood
17,the,non-restrictive,det,1.638,1.701,The man will move the wood
17,wood,non-restrictive,dobj,1.806,2.835,The man will move the wood
18,The,restrictive,det,0.462,0.525,The boy will kick the football
18,boy,restrictive,nsubj,0.63,0.924,The boy will kick the football
18,will,restrictive,aux,1.029,1.176,The boy will kick the football
18,kick,restrictive,ROOT,1.26,1.491,The boy will kick the football
18,the,restrictive,det,1.596,1.659,The boy will kick the football
18,football,restrictive,dobj,1.764,3.045,The boy will kick the football
18,The,non-restrictive,det,0.462,0.525,The boy will touch the football
18,boy,non-restrictive,nsubj,0.63,0.924,The boy will touch the football
18,will,non-restrictive,aux,1.029,1.155,The boy will touch the football
18,touch,non-restrictive,ROOT,1.239,1.533,The boy will touch the football
18,the,non-restrictive,det,1.617,1.68,The boy will touch the football
18,football,non-restrictive,dobj,1.785,3.066,The boy will touch the football
19,The,restrictive,det,0.462,0.525,The chef will slice the bread
19,chef,restrictive,nsubj,0.672,0.924,The chef will slice the bread
19,will,restrictive,aux,1.05,1.176,The chef will slice the bread
19,slice,restrictive,ROOT,1.239,1.596,The chef will slice the bread
19,the,restrictive,det,1.68,1.743,The chef will slice the bread
19,bread,restrictive,dobj,1.827,2.94,The chef will slice the bread
19,The,non-restrictive,det,0.462,0.504,The chef will clean the bread
19,chef,non-restrictive,nsubj,0.693,0.945,The chef will clean the bread
19,will,non-restrictive,aux,1.071,1.197,The chef will clean the bread
19,clean,non-restrictive,ROOT,1.26,1.575,The chef will clean the bread
19,the,non-restrictive,det,1.638,1.701,The chef will clean the bread
19,bread,non-restrictive,dobj,1.785,2.877,The chef will clean the bread
20,The,restrictive,det,0.462,0.525,The baby will hug the kitten
20,baby,restrictive,nsubj,0.651,0.987,The baby will hug the kitten
20,will,restrictive,aux,1.218,1.344,The baby will hug the kitten
20,hug,restrictive,ROOT,1.47,1.617,The baby will hug the kitten
20,the,restrictive,det,1.764,1.827,The baby will hug the kitten
20,kitten,restrictive,dobj,1.932,3.171,The baby will hug the kitten
20,The,non-restrictive,det,0.483,0.546,The baby will grab the kitten
20,baby,non-restrictive,nsubj,0.672,1.029,The baby will grab the kitten
20,will,non-restrictive,aux,1.197,1.323,The baby will grab the kitten
20,grab,non-restrictive,ROOT,1.407,1.764,The baby will grab the kitten
20,the,non-restrictive,det,1.848,1.89,The baby will grab the kitten
20,kitten,non-restrictive,dobj,1.974,3.255,The baby will grab the kitten
21,The,restrictive,det,0.462,0.525,The woman will water the flower
21,woman,restrictive,nsubj,0.651,0.987,The woman will water the flower
21,will,restrictive,aux,1.176,1.323,The woman will water the flower
21,water,restrictive,ROOT,1.47,1.827,The woman will water the flower
21,the,restrictive,det,1.932,1.995,The woman will water the flower
21,flower,restrictive,dobj,2.1,3.381,The woman will water the flower
21,The,non-restrictive,det,0.462,0.525,The woman will move the flower
21,woman,non-restrictive,nsubj,0.651,0.987,The woman will move the flower
21,will,non-restrictive,aux,1.134,1.26,The woman will move the flower
21,move,non-restrictive,ROOT,1.344,1.596,The woman will move the flower
21,the,non-restrictive,det,1.68,1.722,The woman will move the flower
21,flower,non-restrictive,dobj,1.848,3.087,The woman will move the flower
22,The,restrictive,det,0.483,0.546,The girl will zip the coat
22,girl,restrictive,nsubj,0.651,0.987,The girl will zip the coat
22,will,restrictive,aux,1.092,1.218,The girl will zip the coat
22,zip,restrictive,ROOT,1.344,1.554,The girl will zip the coat
22,the,restrictive,det,1.68,1.743,The girl will zip the coat
22,coat,restrictive,dobj,1.806,2.94,The girl will zip the coat
22,The,non-restrictive,det,0.441,0.504,The girl will hang the coat
22,girl,non-restrictive,nsubj,0.63,0.966,The girl will hang the coat
22,will,non-restrictive,aux,1.092,1.218,The girl will hang the coat
22,hang,non-restrictive,ROOT,1.344,1.575,The girl will hang the coat
22,the,non-restrictive,det,1.638,1.68,The girl will hang the coat
22,coat,non-restrictive,dobj,1.764,2.877,The girl will hang the coat
23,The,restrictive,det,0.462,0.525,The girl will knit the scarf
23,girl,restrictive,nsubj,0.63,0.966,The girl will knit the scarf
23,will,restrictive,aux,1.05,1.197,The girl will knit the scarf
23,knit,restrictive,ROOT,1.281,1.47,The girl will knit the scarf
23,the,restrictive,det,1.575,1.617,The girl will knit the scarf
23,scarf,restrictive,dobj,1.743,2.898,The girl will knit the scarf
23,The,non-restrictive,det,0.462,0.525,The girl will hold the scarf
23,girl,non-restrictive,nsubj,0.63,0.966,The girl will hold the scarf
23,will,non-restrictive,aux,1.092,1.218,The girl will hold the scarf
23,hold,non-restrictive,ROOT,1.344,1.596,The girl will hold the scarf
23,the,non-restrictive,det,1.68,1.722,The girl will hold the scarf
23,scarf,non-restrictive,dobj,1.848,3.045,The girl will hold the scarf
24,The,restrictive,det,0.462,0.525,The girl will groom the rabbit
24,girl,restrictive,nsubj,0.63,0.966,The girl will groom the rabbit
24,will,restrictive,aux,1.092,1.218,The girl will groom the rabbit
24,groom,restrictive,ROOT,1.344,1.68,The girl will groom the rabbit
24,the,restrictive,det,1.764,1.827,The girl will groom the rabbit
24,rabbit,restrictive,dobj,1.953,3.108,The girl will groom the rabbit
24,The,non-restrictive,det,0.462,0.525,The girl will lift the rabbit
24,girl,non-restrictive,nsubj,0.63,0.966,The girl will lift the rabbit
24,will,non-restrictive,aux,1.092,1.218,The girl will lift the rabbit
24,lift,non-restrictive,ROOT,1.344,1.617,The girl will lift the rabbit
24,the,non-restrictive,det,1.701,1.764,The girl will lift the rabbit
24,rabbit,non-restrictive,dobj,1.89,3.066,The girl will lift the rabbit
25,The,restrictive,det,0.462,0.525,The man will paint the canvas
25,man,restrictive,nsubj,0.63,0.945,The man will paint the canvas
25,will,restrictive,aux,1.05,1.155,The man will paint the canvas
25,paint,restrictive,ROOT,1.239,1.512,The man will paint the canvas
25,the,restrictive,det,1.575,1.617,The man will paint the canvas
25,canvas,restrictive,dobj,1.701,3.087,The man will paint the canvas
25,The,non-restrictive,det,0.462,0.525,The man will move the canvas
25,man,non-restrictive,nsubj,0.63,0.945,The man will move the canvas
25,will,non-restrictive,aux,1.071,1.197,The man will move the canvas
25,move,non-restrictive,ROOT,1.281,1.512,The man will move the canvas
25,the,non-restrictive,det,1.575,1.638,The man will move the canvas
25,canvas,non-restrictive,dobj,1.701,3.108,The man will move the canvas
26,The,restrictive,det,0.462,0.525,The woman will blow out the candle
26,woman,restrictive,nsubj,0.651,0.987,The woman will blow out the candle
26,will,restrictive,aux,1.134,1.239,The woman will blow out the candle
26,blow,restrictive,ROOT,1.323,1.596,The woman will blow out the candle
26,out,restrictive,prt,1.764,1.869,The woman will blow out the candle
26,the,restrictive,det,1.932,1.995,The woman will blow out the candle
26,candle,restrictive,dobj,2.058,3.276,The woman will blow out the candle
26,The,non-restrictive,det,0.462,0.525,The woman will grab the candle
26,woman,non-restrictive,nsubj,0.63,0.945,The woman will grab the candle
26,will,non-restrictive,aux,1.05,1.176,The woman will grab the candle
26,grab,non-restrictive,ROOT,1.701,2.037,The woman will grab the candle
26,the,non-restrictive,det,2.121,2.184,The woman will grab the candle
26,candle,non-restrictive,dobj,2.247,3.507,The woman will grab the candle
27,The,restrictive,det,0.462,0.525,The boy will dim the lamp
27,boy,restrictive,nsubj,0.63,0.882,The boy will dim the lamp
27,will,restrictive,aux,0.987,1.113,The boy will dim the lamp
27,dim,restrictive,ROOT,1.197,1.386,The boy will dim the lamp
27,the,restrictive,det,1.491,1.533,The boy will dim the lamp
27,lamp,restrictive,dobj,1.659,2.751,The boy will dim the lamp
27,The,non-restrictive,det,0.462,0.525,The boy will touch the lamp
27,boy,non-restrictive,nsubj,0.63,0.882,The boy will touch the lamp
27,will,non-restrictive,aux,0.987,1.113,The boy will touch the lamp
27,touch,non-restrictive,ROOT,1.197,1.47,The boy will touch the lamp
27,the,non-restrictive,det,1.575,1.638,The boy will touch the lamp
27,lamp,non-restrictive,dobj,1.743,2.793,The boy will touch the lamp
28,The,restrictive,det,0.441,0.525,The cat will drink the milk
28,cat,restrictive,nsubj,0.63,0.966,The cat will drink the milk
28,will,restrictive,aux,1.071,1.197,The cat will drink the milk
28,drink,restrictive,ROOT,1.281,1.533,The cat will drink the milk
28,the,restrictive,det,1.617,1.68,The cat will drink the milk
28,milk,restrictive,dobj,1.785,2.856,The cat will drink the milk
28,The,non-restrictive,det,0.462,0.504,The cat will push the milk
28,cat,non-restrictive,nsubj,0.609,0.924,The cat will push the milk
28,will,non-restrictive,aux,1.008,1.134,The cat will push the milk
28,push,non-restrictive,ROOT,1.218,1.512,The cat will push the milk
28,the,non-restrictive,det,1.596,1.659,The cat will push the milk
28,milk,non-restrictive,dobj,1.764,2.835,The cat will push the milk
29,The,restrictive,det,0.462,0.525,The grandmother will read the newspaper
29,grandmother,restrictive,nsubj,0.609,1.281,The grandmother will read the newspaper
29,will,restrictive,aux,1.575,1.701,The grandmother will read the newspaper
29,read,restrictive,ROOT,1.806,2.016,The grandmother will read the newspaper
29,the,restrictive,det,2.1,2.142,The grandmother will read the newspaper
29,newspaper,restrictive,dobj,2.268,3.066,The grandmother will read the newspaper
29,The,non-restrictive,det,0.441,0.504,The grandmother will turn the newspaper
29,grandmother,non-restrictive,nsubj,0.609,1.302,The grandmother will turn the newspaper
29,will,non-restrictive,aux,1.701,1.827,The grandmother will turn the newspaper
29,turn,non-restrictive,ROOT,2.268,2.499,The grandmother will turn the newspaper
29,the,non-restrictive,det,2.583,2.646,The grandmother will turn the newspaper
29,newspaper,non-restrictive,dobj,2.772,4.326,The grandmother will turn the newspaper
30,The,restrictive,det,0.462,0.525,The girl will roll the dice
30,girl,restrictive,nsubj,0.63,0.945,The girl will roll the dice
30,will,restrictive,aux,1.092,1.218,The girl will roll the dice
30,roll,restrictive,ROOT,1.365,1.596,The girl will roll the dice
30,the,restrictive,det,1.68,1.743,The girl will roll the dice
30,dice,restrictive,dobj,1.869,3.066,The girl will roll the dice
30,The,non-restrictive,det,0.462,0.525,The girl will grab the dice
30,girl,non-restrictive,nsubj,0.63,0.945,The girl will grab the dice
30,will,non-restrictive,aux,1.071,1.197,The girl will grab the dice
30,grab,non-restrictive,ROOT,1.281,1.638,The girl will grab the dice
30,the,non-restrictive,det,1.743,1.806,The girl will grab the dice
30,dice,non-restrictive,dobj,1.911,3.087,The girl will grab the dice
31,The,restrictive,det,0.462,0.525,The woman will open the bottle
31,woman,restrictive,nsubj,0.651,0.987,The woman will open the bottle
31,will,restrictive,aux,1.113,1.239,The woman will open the bottle
31,open,restrictive,ROOT,1.428,1.722,The woman will open the bottle
31,the,restrictive,det,1.806,1.869,The woman will open the bottle
31,bottle,restrictive,dobj,1.953,3.087,The woman will open the bottle
31,The,non-restrictive,det,0.462,0.525,The woman will examine the bottle
31,woman,non-restrictive,nsubj,0.672,1.008,The woman will examine the bottle
31,will,non-restrictive,aux,1.155,1.26,The woman will examine the bottle
31,examine,non-restrictive,ROOT,1.344,1.953,The woman will examine the bottle
31,the,non-restrictive,det,2.037,2.1,The woman will examine the bottle
31,bottle,non-restrictive,dobj,2.184,3.318,The woman will examine the bottle
32,The,restrictive,det,0.462,0.525,The woman will brew the beer
32,woman,restrictive,nsubj,0.672,0.987,The woman will brew the beer
32,will,restrictive,aux,1.092,1.218,The woman will brew the beer
32,brew,restrictive,ROOT,1.302,1.533,The woman will brew the beer
32,the,restrictive,det,1.638,1.701,The woman will brew the beer
32,beer,restrictive,dobj,1.827,2.982,The woman will brew the beer
32,The,non-restrictive,det,0.462,0.525,The woman will carry the beer
32,woman,non-restrictive,nsubj,0.63,0.945,The woman will carry the beer
32,will,non-restrictive,aux,1.05,1.155,The woman will carry the beer
32,carry,non-restrictive,ROOT,1.239,1.596,The woman will carry the beer
32,the,non-restrictive,det,1.722,1.785,The woman will carry the beer
32,beer,non-restrictive,dobj,1.89,3.045,The woman will carry the beer
33,The,restrictive,det,0.441,0.525,The boy will unzip the suitcase
33,boy,restrictive,nsubj,0.63,0.903,The boy will unzip the suitcase
33,will,restrictive,aux,1.008,1.134,The boy will unzip the suitcase
33,unzip,restrictive,ROOT,1.323,1.722,The boy will unzip the suitcase
33,the,restrictive,det,1.848,1.911,The boy will unzip the suitcase
33,suitcase,restrictive,dobj,2.058,3.423,The boy will unzip the suitcase
33,The,non-restrictive,det,0.462,0.525,The boy will open the suitcase
33,boy,non-restrictive,nsubj,0.63,0.903,The boy will open the suitcase
33,will,non-restrictive,aux,1.008,1.134,The boy will open the suitcase
33,open,non-restrictive,ROOT,1.302,1.575,The boy will open the suitcase
33,the,non-restrictive,det,1.638,1.701,The boy will open the suitcase
33,suitcase,non-restrictive,dobj,1.848,3.276,The boy will open the suitcase
34,The,restrictive,det,0.441,0.525,The boy will switch on the radio
34,boy,restrictive,nsubj,0.63,0.903,The boy will switch on the radio
34,will,restrictive,aux,1.008,1.134,The boy will switch on the radio
34,switch,restrictive,ROOT,1.281,1.596,The boy will switch on the radio
34,on,restrictive,prep,1.68,1.722,The boy will switch on the radio
34,the,restrictive,det,1.764,1.806,The boy will switch on the radio
34,radio,restrictive,pobj,1.911,3.255,The boy will switch on the radio
34,The,non-restrictive,det,0.462,0.525,The boy will move the radio
34,boy,non-restrictive,nsubj,0.63,0.903,The boy will move the radio
34,will,non-restrictive,aux,1.008,1.134,The boy will move the radio
34,move,non-restrictive,ROOT,1.239,1.491,The boy will move the radio
34,the,non-restrictive,det,1.575,1.617,The boy will move the radio
34,radio,non-restrictive,dobj,1.764,3.066,The boy will move the radio
35,The,restrictive,det,0.441,0.504,The girl will apply the mascara
35,girl,restrictive,nsubj,0.63,0.966,The girl will apply the mascara
35,will,restrictive,aux,1.092,1.218,The girl will apply the mascara
35,apply,restrictive,ROOT,1.281,1.68,The girl will apply the mascara
35,the,restrictive,det,1.764,1.827,The girl will apply the mascara
35,mascara,restrictive,dobj,1.89,3.36,The girl will apply the mascara
35,The,non-restrictive,det,0.441,0.504,The girl will squeeze the mascara
35,girl,non-restrictive,nsubj,0.63,0.966,The girl will squeeze the mascara
35,will,non-restrictive,aux,1.071,1.197,The girl will squeeze the mascara
35,squeeze,non-restrictive,ROOT,1.302,1.743,The girl will squeeze the mascara
35,the,non-restrictive,det,1.806,1.869,The girl will squeeze the mascara
35,mascara,non-restrictive,dobj,1.911,3.402,The girl will squeeze the mascara
36,The,restrictive,det,0.462,0.525,The kid will build the lego
36,kid,restrictive,nsubj,0.651,0.987,The kid will build the lego
36,will,restrictive,aux,1.092,1.218,The kid will build the lego
36,build,restrictive,ROOT,1.323,1.596,The kid will build the lego
36,the,restrictive,det,1.68,1.743,The kid will build the lego
36,lego,restrictive,dobj,1.848,3.087,The kid will build the lego
36,The,non-restrictive,det,0.441,0.504,The kid will stack the lego
36,kid,non-restrictive,nsubj,0.63,0.903,The kid will stack the lego
36,will,non-restrictive,aux,1.008,1.155,The kid will stack the lego
36,stack,non-restrictive,ROOT,1.26,1.617,The kid will stack the lego
36,the,non-restrictive,det,1.722,1.785,The kid will stack the lego
36,lego,non-restrictive,dobj,1.89,3.108,The kid will stack the lego
37,The,restrictive,det,0.462,0.525,The boy will peel the banana
37,boy,restrictive,nsubj,0.63,0.861,The boy will peel the banana
37,will,restrictive,aux,0.966,1.092,The boy will peel the banana
37,peel,restrictive,ROOT,1.176,1.449,The boy will peel the banana
37,the,restrictive,det,1.533,1.596,The boy will peel the banana
37,banana,restrictive,dobj,1.659,3.003,The boy will peel the banana
37,The,non-restrictive,det,0.462,0.525,The boy will move the banana
37,boy,non-restrictive,nsubj,0.63,0.882,The boy will move the banana
37,will,non-restrictive,aux,1.008,1.134,The boy will move the banana
37,move,non-restrictive,ROOT,1.218,1.449,The boy will move the banana
37,the,non-restrictive,det,1.512,1.575,The boy will move the banana
37,banana,non-restrictive,dobj,1.638,2.982,The boy will move the banana
38,The,restrictive,det,0.462,0.525,The woman will tie the apron
38,woman,restrictive,nsubj,0.63,0.945,The woman will tie the apron
38,will,restrictive,aux,1.029,1.155,The woman will tie the apron
38,tie,restrictive,ROOT,1.239,1.533,The woman will tie the apron
38,the,restrictive,det,1.575,1.638,The woman will tie the apron
38,apron,restrictive,dobj,1.827,2.961,The woman will tie the apron
38,The,non-restrictive,det,0.462,0.525,The woman will carry the apron
38,woman,non-restrictive,nsubj,0.63,0.945,The woman will carry the apron
38,will,non-restrictive,aux,1.05,1.155,The woman will carry the apron
38,carry,non-restrictive,ROOT,1.26,1.638,The woman will carry the apron
38,the,non-restrictive,det,1.743,1.827,The woman will carry the apron
38,apron,non-restrictive,dobj,2.016,3.171,The woman will carry the apron
39,The,restrictive,det,0.441,0.525,The boy will tie the shoelace
39,boy,restrictive,nsubj,0.63,0.861,The boy will tie the shoelace
39,will,restrictive,aux,0.966,1.092,The boy will tie the shoelace
39,tie,restrictive,ROOT,1.155,1.428,The boy will tie the shoelace
39,the,restrictive,det,1.47,1.533,The boy will tie the shoelace
39,shoelace,restrictive,dobj,1.68,2.961,The boy will tie the shoelace
39,The,non-restrictive,det,0.462,0.525,The boy will move the shoelace
39,boy,non-restrictive,nsubj,0.63,0.903,The boy will move the shoelace
39,will,non-restrictive,aux,1.008,1.134,The boy will move the shoelace
39,move,non-restrictive,ROOT,1.218,1.449,The boy will move the shoelace
39,the,non-restrictive,det,1.491,1.554,The boy will move the shoelace
39,shoelace,non-restrictive,dobj,1.68,2.961,The boy will move the shoelace
40,The,restrictive,det,0.462,0.525,The girl will button the blouse
40,girl,restrictive,nsubj,0.63,0.966,The girl will button the blouse
40,will,restrictive,aux,1.092,1.218,The girl will button the blouse
40,button,restrictive,ROOT,1.323,1.596,The girl will button the blouse
40,the,restrictive,det,1.659,1.701,The girl will button the blouse
40,blouse,restrictive,dobj,1.764,3.003,The girl will button the blouse
40,The,non-restrictive,det,0.483,0.525,The girl will hold the blouse
40,girl,non-restrictive,nsubj,0.63,0.945,The girl will hold the blouse
40,will,non-restrictive,aux,1.092,1.218,The girl will hold the blouse
40,hold,non-restrictive,ROOT,1.323,1.575,The girl will hold the blouse
40,the,non-restrictive,det,1.659,1.701,The girl will hold the blouse
40,blouse,non-restrictive,dobj,1.764,3.003,The girl will hold the blouse
41,The,restrictive,det,0.441,0.525,The boy will squeeze the orange
41,boy,restrictive,nsubj,0.63,0.882,The boy will squeeze the orange
41,will,restrictive,aux,0.987,1.134,The boy will squeeze the orange
41,squeeze,restrictive,ROOT,1.26,1.722,The boy will squeeze the orange
41,the,restrictive,det,1.785,1.848,The boy will squeeze the orange
41,orange,restrictive,dobj,2.037,3.276,The boy will squeeze the orange
41,The,non-restrictive,det,0.462,0.525,The boy will move the orange
41,boy,non-restrictive,nsubj,0.63,0.903,The boy will move the orange
41,will,non-restrictive,aux,1.008,1.134,The boy will move the orange
41,move,non-restrictive,ROOT,1.218,1.449,The boy will move the orange
41,the,non-restrictive,det,1.512,1.575,The boy will move the orange
41,orange,non-restrictive,dobj,1.743,2.982,The boy will move the orange
42,The,restrictive,det,0.441,0.525,The woman will sew the shirt
42,woman,restrictive,nsubj,0.651,0.987,The woman will sew the shirt
42,will,restrictive,aux,1.092,1.218,The woman will sew the shirt
42,sew,restrictive,ROOT,1.344,1.512,The woman will sew the shirt
42,the,restrictive,det,1.617,1.659,The woman will sew the shirt
42,shirt,restrictive,dobj,1.806,2.877,The woman will sew the shirt
42,The,non-restrictive,det,0.441,0.525,The woman will wash the shirt
42,woman,non-restrictive,nsubj,0.651,0.987,The woman will wash the shirt
42,will,non-restrictive,aux,1.092,1.218,The woman will wash the shirt
42,wash,non-restrictive,ROOT,1.323,1.638,The woman will wash the shirt
42,the,non-restrictive,det,1.722,1.785,The woman will wash the shirt
42,shirt,non-restrictive,dobj,1.911,2.982,The woman will wash the shirt
43,The,restrictive,det,0.441,0.525,The man will lock the safe
43,man,restrictive,nsubj,0.63,0.945,The man will lock the safe
43,will,restrictive,aux,1.05,1.176,The man will lock the safe
43,lock,restrictive,ROOT,1.26,1.512,The man will lock the safe
43,the,restrictive,det,1.617,1.68,The man will lock the safe
43,safe,restrictive,dobj,1.806,2.877,The man will lock the safe
43,The,non-restrictive,det,0.441,0.525,The man will wipe the safe
43,man,non-restrictive,nsubj,0.63,0.945,The man will wipe the safe
43,will,non-restrictive,aux,1.05,1.155,The man will wipe the safe
43,wipe,non-restrictive,ROOT,1.239,1.449,The man will wipe the safe
43,the,non-restrictive,det,1.533,1.596,The man will wipe the safe
43,safe,non-restrictive,dobj,1.722,2.793,The man will wipe the safe
44,The,restrictive,det,0.462,0.525,The baker will knead the dough
44,baker,restrictive,nsubj,0.651,1.071,The baker will knead the dough
44,will,restrictive,aux,1.239,1.365,The baker will knead the dough
44,knead,restrictive,ROOT,1.428,1.659,The baker will knead the dough
44,the,restrictive,det,1.764,1.806,The baker will knead the dough
44,dough,restrictive,dobj,1.911,3.003,The baker will knead the dough
44,The,non-restrictive,det,0.441,0.525,The baker will inspect the dough
44,baker,non-restrictive,nsubj,0.651,1.092,The baker will inspect the dough
44,will,non-restrictive,aux,1.197,1.344,The baker will inspect the dough
44,inspect,non-restrictive,ROOT,1.428,1.974,The baker will inspect the dough
44,the,non-restrictive,det,2.058,2.121,The baker will inspect the dough
44,dough,non-restrictive,dobj,2.205,3.297,The baker will inspect the dough
45,The,restrictive,det,0.462,0.504,The chef will grate the carrot
45,chef,restrictive,nsubj,0.693,0.945,The chef will grate the carrot
45,will,restrictive,aux,1.071,1.197,The chef will grate the carrot
45,grate,restrictive,ROOT,1.281,1.596,The chef will grate the carrot
45,the,restrictive,det,1.68,1.722,The chef will grate the carrot
45,carrot,restrictive,dobj,1.806,2.982,The chef will grate the carrot
45,The,non-restrictive,det,0.462,0.525,The chef will carry the carrot
45,chef,non-restrictive,nsubj,0.693,0.945,The chef will carry the carrot
45,will,non-restrictive,aux,1.071,1.197,The chef will carry the carrot
45,carry,non-restrictive,ROOT,1.26,1.617,The chef will carry the carrot
45,the,non-restrictive,det,1.743,1.806,The chef will carry the carrot
45,carrot,non-restrictive,dobj,1.89,3.045,The chef will carry the carrot
46,The,restrictive,det,0.462,0.525,The musician will tune the violin
46,musician,restrictive,nsubj,0.609,1.26,The musician will tune the violin
46,will,restrictive,aux,1.365,1.47,The musician will tune the violin
46,tune,restrictive,ROOT,1.554,1.848,The musician will tune the violin
46,the,restrictive,det,1.89,1.953,The musician will tune the violin
46,violin,restrictive,dobj,2.037,3.486,The musician will tune the violin
46,The,non-restrictive,det,0.462,0.525,The musician will move the violin
46,musician,non-restrictive,nsubj,0.609,1.281,The musician will move the violin
46,will,non-restrictive,aux,1.407,1.533,The musician will move the violin
46,move,non-restrictive,ROOT,1.617,1.911,The musician will move the violin
46,the,non-restrictive,det,1.995,2.058,The musician will move the violin
46,violin,non-restrictive,dobj,2.142,3.633,The musician will move the violin
47,The,restrictive,det,0.462,0.525,The girl will vacuum the carpet
47,girl,restrictive,nsubj,0.63,0.966,The girl will vacuum the carpet
47,will,restrictive,aux,1.113,1.239,The girl will vacuum the carpet
47,vacuum,restrictive,ROOT,1.323,1.806,The girl will vacuum the carpet
47,the,restrictive,det,1.848,1.911,The girl will vacuum the carpet
47,carpet,restrictive,dobj,1.974,3.255,The girl will vacuum the carpet
47,The,non-restrictive,det,0.462,0.525,The girl will move the carpet
47,girl,non-restrictive,nsubj,0.651,0.987,The girl will move the carpet
47,will,non-restrictive,aux,1.155,1.281,The girl will move the carpet
47,move,non-restrictive,ROOT,1.365,1.596,The girl will move the carpet
47,the,non-restrictive,det,1.659,1.701,The girl will move the carpet
47,carpet,non-restrictive,dobj,1.785,3.045,The girl will move the carpet
48,The,restrictive,det,0.462,0.504,The child will inflate the balloon
48,child,restrictive,nsubj,0.651,1.176,The child will inflate the balloon
48,will,restrictive,aux,1.281,1.386,The child will inflate the balloon
48,inflate,restrictive,ROOT,1.428,1.869,The child will inflate the balloon
48,the,restrictive,det,1.932,1.974,The child will inflate the balloon
48,balloon,restrictive,dobj,2.037,3.318,The child will inflate the balloon
48,The,non-restrictive,det,0.462,0.525,The child will carry the balloon
48,child,non-restrictive,nsubj,0.651,1.134,The child will carry the balloon
48,will,non-restrictive,aux,1.218,1.344,The child will carry the balloon
48,carry,non-restrictive,ROOT,1.89,2.163,The child will carry the balloon
48,the,non-restrictive,det,2.268,2.331,The child will carry the balloon
48,balloon,non-restrictive,dobj,2.394,3.696,The child will carry the balloon
49,The,restrictive,det,0.441,0.525,The man will lick the stamp
49,man,restrictive,nsubj,0.63,0.945,The man will lick the stamp
49,will,restrictive,aux,1.05,1.176,The man will lick the stamp
49,lick,restrictive,ROOT,1.26,1.428,The man will lick the stamp
49,the,restrictive,det,1.533,1.596,The man will lick the stamp
49,stamp,restrictive,dobj,1.722,2.877,The man will lick the stamp
49,The,non-restrictive,det,0.441,0.525,The man will pick up the stamp
49,man,non-restrictive,nsubj,0.63,0.945,The man will pick up the stamp
49,will,non-restrictive,aux,1.029,1.155,The man will pick up the stamp
49,pick,non-restrictive,ROOT,1.239,1.449,The man will pick up the stamp
49,up,non-restrictive,prt,1.512,1.575,The man will pick up the stamp
49,the,non-restrictive,det,1.659,1.701,The man will pick up the stamp
49,stamp,non-restrictive,dobj,1.827,3.003,The man will pick up the stamp
